<?xml version="1.0" encoding="utf-8"?>
<COLLADA xmlns="http://www.collada.org/2005/11/COLLADASchema" version="1.4.1" xmlns:xsi="http://www.w3.org/2001/XMLSchema-instance">
  <asset>
    <contributor>
      <author>Blender User</author>
      <authoring_tool>Blender 3.0.1</authoring_tool>
    </contributor>
    <created>2024-08-29T11:44:25</created>
    <modified>2024-08-29T11:44:25</modified>
    <unit name="meter" meter="1"/>
    <up_axis>Z_UP</up_axis>
  </asset>
  <library_effects>
    <effect id="Compound_001-effect">
      <profile_COMMON>
        <technique sid="common">
          <lambert>
            <emission>
              <color sid="emission">0 0 0 1</color>
            </emission>
            <diffuse>
              <color sid="diffuse">0.12371 0.02847963 0.003709512 1</color>
            </diffuse>
            <reflectivity>
              <float sid="specular">0.5</float>
            </reflectivity>
            <index_of_refraction>
              <float sid="ior">1.45</float>
            </index_of_refraction>
          </lambert>
        </technique>
      </profile_COMMON>
    </effect>
  </library_effects>
  <library_images/>
  <library_materials>
    <material id="Compound_001-material" name="Compound.001">
      <instance_effect url="#Compound_001-effect"/>
    </material>
  </library_materials>
  <library_geometries>
    <geometry id="Compound_001-mesh" name="Compound.001">
      <mesh>
        <source id="Compound_001-mesh-positions">
          <float_array id="Compound_001-mesh-positions-array" count="12312">42.12943 81.2105 0 42.23152 80.36664 0.04999995 42.23152 80.36664 0 42.12943 81.2105 0.04999995 39.88021 80.08217 0 39.88021 80.08217 0.04999995 39.77811 80.92601 0.04999995 39.77811 80.92601 0 164.7924 100.1395 0 165.6367 100.2379 0.00999999 165.6367 100.2379 0 164.7924 100.1395 0.00999999 165.9148 97.85363 0 165.9148 97.85363 0.00999999 165.0705 97.75514 0.00999999 165.0705 97.75514 0 165.657 100.2357 0.00999999 166.5013 100.3342 0 165.657 100.2357 0 166.5013 100.3342 0.00999999 166.7794 97.94988 0 166.7794 97.94988 0.00999999 165.9352 97.8514 0.00999999 165.9352 97.8514 0 166.5217 100.3319 0 167.366 100.4304 0.00999999 167.366 100.4304 0 166.5217 100.3319 0.00999999 167.6441 98.04615 0.00999999 167.6441 98.04615 0 166.7998 97.94765 0.00999999 166.7998 97.94765 0 167.3864 100.4282 0 168.2306 100.5267 0.00999999 168.2306 100.5267 0 167.3864 100.4282 0.00999999 168.5088 98.1424 0 168.5088 98.1424 0.00999999 167.6645 98.04392 0.00999999 167.6645 98.04392 0 168.251 100.5244 0 169.0953 100.6229 0.00999999 169.0953 100.6229 0 168.251 100.5244 0.00999999 169.3734 98.23867 0 169.3734 98.23867 0.00999999 168.5291 98.14017 0 168.5291 98.14017 0.00999999 169.1157 100.6207 0 169.96 100.7192 0.00999999 169.96 100.7192 0 169.1157 100.6207 0.00999999 170.2381 98.33492 0.00999999 170.2381 98.33492 0 169.3938 98.23644 0.00999999 169.3938 98.23644 0 169.9803 100.717 0 170.8246 100.8154 0.00999999 170.8246 100.8154 0 169.9803 100.717 0.00999999 171.1027 98.43117 0 171.1027 98.43117 0.00999999 170.2585 98.33269 0.00999999 170.2585 98.33269 0 170.845 100.8132 0 171.6893 100.9117 0.00999999 171.6893 100.9117 0 170.845 100.8132 0.00999999 171.9674 98.52742 0 171.9674 98.52742 0.00999999 171.1231 98.42894 0 171.1231 98.42894 0.00999999 171.7097 100.9095 0 172.5539 101.008 0.00999999 172.5539 101.008 0 171.7097 100.9095 0.00999999 172.8321 98.62368 0.00999999 172.8321 98.62368 0 171.9878 98.52519 0 171.9878 98.52519 0.00999999 172.5743 101.0057 0 173.4186 101.1042 0.00999999 173.4186 101.1042 0 172.5743 101.0057 0.00999999 173.6967 98.71994 0 173.6967 98.71994 0.00999999 172.8524 98.62145 0.00999999 172.8524 98.62145 0 173.439 101.102 0 174.2832 101.2005 0.00999999 174.2832 101.2005 0 173.439 101.102 0.00999999 174.5614 98.8162 0 174.5614 98.8162 0.00999999 173.7171 98.71772 0.00999999 173.7171 98.71772 0 174.3036 101.1982 0 175.1479 101.2967 0.00999999 175.1479 101.2967 0 174.3036 101.1982 0.00999999 175.426 98.91245 0.00999999 175.426 98.91245 0 174.5818 98.81397 0 174.5818 98.81397 0.00999999 175.1683 101.2945 0 176.0126 101.393 0.00999999 176.0126 101.393 0 175.1683 101.2945 0.00999999 176.2907 99.00872 0 176.2907 99.00872 0.00999999 175.4464 98.91024 0.00999999 175.4464 98.91024 0 176.0329 101.3908 0 176.8772 101.4892 0.00999999 176.8772 101.4892 0 176.0329 101.3908 0.00999999 177.1553 99.10497 0 177.1553 99.10497 0.00999999 176.3111 99.00649 0.00999999 176.3111 99.00649 0 176.8976 101.487 0 177.7419 101.5855 0.00999999 177.7419 101.5855 0 176.8976 101.487 0.00999999 178.02 99.20122 0.00999999 178.02 99.20122 0 177.1757 99.10272 0.00999999 177.1757 99.10272 0 177.7623 101.5833 0 178.6065 101.6818 0.00999999 178.6065 101.6818 0 177.7623 101.5833 0.00999999 178.8847 99.29749 0.00999999 178.8847 99.29749 0 178.0404 99.19899 0 178.0404 99.19899 0.00999999 178.6269 101.6795 0 179.4712 101.778 0.00999999 179.4712 101.778 0 178.6269 101.6795 0.00999999 179.7493 99.39373 0 179.7493 99.39373 0.00999999 178.905 99.29524 0.00999999 178.905 99.29524 0 179.4916 101.7758 0 180.3359 101.8743 0.00999999 180.3359 101.8743 0 179.4916 101.7758 0.00999999 180.614 99.48999 0.00999999 180.614 99.48999 0 179.7697 99.39151 0.00999999 179.7697 99.39151 0 180.3562 101.872 0.00999999 181.2005 101.9705 0 180.3562 101.872 0 181.2005 101.9705 0.00999999 181.4786 99.58625 0.00999999 181.4786 99.58625 0 180.6344 99.48777 0.00999999 180.6344 99.48777 0 181.2209 101.9683 0.00999999 182.0652 102.0668 0 181.2209 101.9683 0 182.0652 102.0668 0.00999999 182.3433 99.68251 0 182.3433 99.68251 0.00999999 181.499 99.58402 0.00999999 181.499 99.58402 0 182.0856 102.0646 0.00999999 182.9298 102.163 0 182.0856 102.0646 0 182.9298 102.163 0.00999999 183.208 99.77877 0 183.208 99.77877 0.00999999 182.3637 99.68027 0 182.3637 99.68027 0.00999999 182.9502 102.1608 0.00999999 183.7945 102.2593 0 182.9502 102.1608 0 183.7945 102.2593 0.00999999 184.0726 99.87502 0.00999999 184.0726 99.87502 0 183.2283 99.77654 0 183.2283 99.77654 0.00999999 183.8149 102.2571 0.00999999 184.6592 102.3556 0 183.8149 102.2571 0 184.6592 102.3556 0.00999999 184.9373 99.97127 0 184.9373 99.97127 0.00999999 184.093 99.87279 0.00999999 184.093 99.87279 0 184.6795 102.3533 0.00999999 185.5238 102.4518 0 184.6795 102.3533 0 185.5238 102.4518 0.00999999 185.8019 100.0675 0 185.8019 100.0675 0.00999999 184.9577 99.96906 0 184.9577 99.96906 0.00999999 185.5442 102.4496 0.00999999 186.3885 102.5481 0 185.5442 102.4496 0 186.3885 102.5481 0.00999999 186.6666 100.1638 0.00999999 186.6666 100.1638 0 185.8223 100.0653 0 185.8223 100.0653 0.00999999 2.967256 23.66541 0 2.799695 26.84988 0.04999995 2.799695 26.84988 0 2.967256 23.66541 0.04999995 3.64338 26.9533 0 3.64338 26.9533 0.04999995 3.810941 23.76884 0.04999995 3.810941 23.76884 0 4.006475 0.4644582 0 0.1944639 0.2883838 0.04999995 0.1944639 0.2883838 0 4.006475 0.4644582 0.04999995 0.155203 1.138384 0 0.155203 1.138384 0.04999995 3.967214 1.314458 0 3.967214 1.314458 0.04999995 3.966333 1.333531 0.04999995 0.154322 1.157457 0 3.966333 1.333531 0 0.154322 1.157457 0.04999995 0.1150611 2.007457 0 0.1150611 2.007457 0.04999995 3.927072 2.183531 0 3.927072 2.183531 0.04999995 3.926191 2.202605 0 0.1141802 2.02653 0.04999995 0.1141802 2.02653 0 3.926191 2.202605 0.04999995 0.0749191 2.87653 0 0.0749191 2.87653 0.04999995 3.88693 3.052605 0.04999995 3.88693 3.052605 0 3.886049 3.071678 0 0.07403808 2.895604 0.04999995 0.07403808 2.895604 0 3.886049 3.071678 0.04999995 0.03477704 3.745604 0 0.03477704 3.745604 0.04999995 3.846788 3.921678 0 3.846788 3.921678 0.04999995 3.845907 3.940752 0 0.03389608 3.764677 0.04999995 0.03389608 3.764677 0 3.845907 3.940752 0.04999995 -0.005364775 4.614677 0 -0.005364775 4.614677 0.04999995 3.806646 4.790752 0 3.806646 4.790752 0.04999995 3.805765 4.809825 0 -0.006245791 4.633751 0.04999995 -0.006245791 4.633751 0 3.805765 4.809825 0.04999995 -0.04550677 5.483751 0 -0.04550677 5.483751 0.04999995 3.766504 5.659825 0.04999995 3.766504 5.659825 0 3.765623 5.678899 0 -0.04638779 5.502824 0.04999995 -0.04638779 5.502824 0 3.765623 5.678899 0.04999995 -0.08564877 6.352824 0 -0.08564877 6.352824 0.04999995 3.726362 6.528899 0 3.726362 6.528899 0.04999995 3.725481 6.547972 0 -0.08652967 6.371898 0.04999995 -0.08652967 6.371898 0 3.725481 6.547972 0.04999995 -0.1257907 7.221898 0 -0.1257907 7.221898 0.04999995 3.68622 7.397972 0.04999995 3.68622 7.397972 0 3.685339 7.417045 0.04999995 -0.1266717 7.240971 0 3.685339 7.417045 0 -0.1266717 7.240971 0.04999995 -0.1659327 8.090971 0 -0.1659327 8.090971 0.04999995 3.646078 8.267045 0 3.646078 8.267045 0.04999995 3.645197 8.286122 0 -0.1668137 8.110045 0.04999995 -0.1668137 8.110045 0 3.645197 8.286122 0.04999995 -0.2060746 8.960045 0 -0.2060746 8.960045 0.04999995 3.605936 9.136119 0 3.605936 9.136119 0.04999995 3.605055 9.155194 0.04999995 -0.2069556 8.979119 0 3.605055 9.155194 0 -0.2069556 8.979119 0.04999995 -0.2462166 9.82912 0 -0.2462166 9.82912 0.04999995 3.565794 10.00519 0.04999995 3.565794 10.00519 0 3.564913 10.02427 0 -0.2470976 9.848192 0.04999995 -0.2470976 9.848192 0 3.564913 10.02427 0.04999995 -0.2863586 10.69819 0 -0.2863586 10.69819 0.04999995 3.525652 10.87427 0.04999995 3.525652 10.87427 0 3.524771 10.89334 0 -0.2872395 10.71726 0.04999995 -0.2872395 10.71726 0 3.524771 10.89334 0.04999995 -0.3265005 11.56726 0 -0.3265005 11.56726 0.04999995 3.48551 11.74334 0.04999995 3.48551 11.74334 0 3.484629 11.76241 0.04999995 -0.3273815 11.58634 0 3.484629 11.76241 0 -0.3273815 11.58634 0.04999995 -0.3666425 12.43634 0 -0.3666425 12.43634 0.04999995 3.445368 12.61241 0.04999995 3.445368 12.61241 0 3.444487 12.63149 0 -0.3675234 12.45541 0.04999995 -0.3675234 12.45541 0 3.444487 12.63149 0.04999995 -0.4067844 13.30541 0 -0.4067844 13.30541 0.04999995 3.405226 13.48149 0 3.405226 13.48149 0.04999995 3.404345 13.50056 0 -0.4076654 13.32449 0.04999995 -0.4076654 13.32449 0 3.404345 13.50056 0.04999995 -0.4469264 14.17449 0 -0.4469264 14.17449 0.04999995 3.365084 14.35056 0.04999995 3.365084 14.35056 0 3.364203 14.36963 0 -0.4478074 14.19356 0.04999995 -0.4478074 14.19356 0 3.364203 14.36963 0.04999995 -0.4870684 15.04356 0 -0.4870684 15.04356 0.04999995 3.324943 15.21963 0.04999995 3.324943 15.21963 0 3.324061 15.23871 0 -0.4879493 15.06263 0.04999995 -0.4879493 15.06263 0 3.324061 15.23871 0.04999995 -0.5272103 15.91263 0 -0.5272103 15.91263 0.04999995 3.284801 16.08871 0 3.284801 16.08871 0.04999995 3.28392 16.10778 0 -0.5280913 15.9317 0.04999995 -0.5280913 15.9317 0 3.28392 16.10778 0.04999995 -0.5673523 16.78171 0 -0.5673523 16.78171 0.04999995 3.244659 16.95778 0 3.244659 16.95778 0.04999995 3.243778 16.97685 0 -0.5682333 16.80078 0.04999995 -0.5682333 16.80078 0 3.243778 16.97685 0.04999995 -0.6074942 17.65078 0 -0.6074942 17.65078 0.04999995 3.204517 17.82685 0 3.204517 17.82685 0.04999995 3.203636 17.84593 0.04999995 -0.6083753 17.66985 0 3.203636 17.84593 0 -0.6083753 17.66985 0.04999995 -0.6476362 18.51985 0 -0.6476362 18.51985 0.04999995 3.164375 18.69593 0.04999995 3.164375 18.69593 0 3.163494 18.715 0.04999995 -0.6485173 18.53893 0 3.163494 18.715 0 -0.6485173 18.53893 0.04999995 -0.6877781 19.38893 0 -0.6877781 19.38893 0.04999995 3.124233 19.565 0 3.124233 19.565 0.04999995 3.123352 19.58407 0.04999995 -0.6886591 19.408 0 3.123352 19.58407 0 -0.6886591 19.408 0.04999995 -0.7279201 20.258 0 -0.7279201 20.258 0.04999995 3.084091 20.43407 0 3.084091 20.43407 0.04999995 3.08321 20.45315 0 -0.7288011 20.27707 0.04999995 -0.7288011 20.27707 0 3.08321 20.45315 0.04999995 -0.7680621 21.12707 0 -0.7680621 21.12707 0.04999995 3.043949 21.30315 0 3.043949 21.30315 0.04999995 41.14676 86.36981 0.00999999 39.14874 86.12808 0.04999995 39.14874 86.12808 0 41.14676 86.36981 0 41.50006 86.41255 0.04999995 41.50006 86.41255 0.00999999 41.49965 86.41599 0.00999999 41.39797 87.2564 0 41.49965 86.41599 0 41.39797 87.2564 0.04999995 39.04665 86.97193 0.04999995 39.04665 86.97193 0 41.14908 86.34995 0.00999999 41.50246 86.3927 0.04999995 41.50246 86.3927 0.00999999 39.15115 86.10823 0 41.14908 86.34995 0 39.15115 86.10823 0.04999995 41.60456 85.54885 0.04999995 41.60456 85.54885 0.00999999 41.24757 85.50566 0.00999999 39.25324 85.26438 0.04999995 39.25324 85.26438 0 41.24757 85.50566 0 41.24988 85.4858 0.00999999 41.60696 85.52899 0.04999995 41.60696 85.52899 0.00999999 39.25564 85.24452 0 41.24988 85.4858 0 39.25564 85.24452 0.04999995 41.70905 84.68517 0.04999995 41.70905 84.68517 0.00999999 41.34837 84.64151 0.00999999 39.35773 84.40068 0.04999995 39.35773 84.40068 0 41.34837 84.64151 0 41.78797 84.03287 0.00999999 41.81354 83.82144 0.04999995 41.81354 83.82144 0 41.78797 84.03287 0 41.71145 84.6653 0.04999995 41.71145 84.6653 0.00999999 39.46222 83.53697 0 39.46222 83.53697 0.04999995 39.36013 84.38083 0.04999995 39.36013 84.38083 0 41.35068 84.62165 0.00999999 41.35068 84.62165 0 41.57861 86.42519 0.00999999 41.57861 86.42519 0 0.1546585 0.172025 0 4.16704 0.3157226 0 0 0 0 4.380896 0.1890763 0 -3.721246 83.11888 0 -3.336818 76.76689 0 -3.335935 76.74784 0 -3.296591 75.89783 0 -3.295708 75.87876 0 -3.256364 75.02877 0 -3.255482 75.00969 0 -3.216138 74.15969 0 -3.215255 74.14063 0 -3.175911 73.29062 0 -3.175028 73.27155 0 -3.135684 72.42156 0 -3.134801 72.40248 0 -3.095457 71.55248 0 -3.094574 71.5334 0 -3.05523 70.68341 0 -3.054347 70.66434 0 -3.015003 69.81433 0 -3.01412 69.79528 0 -2.974776 68.94527 0 -2.973893 68.9262 0 -2.934549 68.07621 0 -2.933667 68.05713 0 -2.894323 67.20714 0 -2.89344 67.18807 0 -0.8023836 21.87013 0 3.043068 21.32222 0 -0.7689431 21.14615 0 -2.854096 66.33808 0 -2.853213 66.31899 0 -2.813869 65.469 0 -2.812986 65.44992 0 -2.773642 64.59993 0 -2.772759 64.58084 0 -2.733415 63.73086 0 -2.732532 63.71178 0 -2.693188 62.86179 0 -2.692306 62.84272 0 -2.652962 61.99272 0 -2.652078 61.97365 0 -2.612734 61.12365 0 -2.611852 61.10458 0 -2.572508 60.25458 0 -2.571625 60.23551 0 -2.532281 59.38551 0 -2.531398 59.36644 0 -2.492054 58.51644 0 -2.491171 58.49737 0 -2.451827 57.64737 0 -2.450944 57.6283 0 -2.4116 56.7783 0 -2.410717 56.75923 0 -2.371373 55.90923 0 -2.370491 55.89016 0 -2.331147 55.04016 0 -2.330264 55.02109 0 -2.29092 54.17109 0 -2.290037 54.15202 0 -2.250693 53.30203 0 -2.24981 53.28295 0 -0.8079422 21.99616 0 3.003807 22.17222 0 -0.8462781 22.86532 0 3.002926 22.19129 0 -0.8087835 22.01523 0 -2.210466 52.43296 0 -2.209583 52.41388 0 -2.170239 51.56389 0 -2.169356 51.54481 0 -2.130012 50.69482 0 -2.129129 50.67574 0 -2.089785 49.82574 0 -2.088902 49.80667 0 -2.049558 48.95668 0 -2.048676 48.9376 0 -2.009332 48.08761 0 -2.008449 48.06853 0 -1.969105 47.21854 0 -1.968222 47.19946 0 -1.928878 46.34947 0 -1.927995 46.33039 0 -1.888651 45.4804 0 -1.887768 45.46133 0 -1.848424 44.61133 0 -1.847541 44.59226 0 -1.808197 43.74226 0 -1.807314 43.72319 0 -1.76797 42.87319 0 -1.767088 42.85412 0 -1.727744 42.00412 0 -1.726861 41.98505 0 -1.687517 41.13505 0 -1.686634 41.11598 0 -1.64729 40.26598 0 -1.646407 40.24691 0 -1.607063 39.39691 0 -1.60618 39.37784 0 2.963665 23.04129 0 -0.884614 23.73447 0 2.962784 23.06037 0 -0.8471201 22.88439 0 -1.566836 38.52784 0 -1.565953 38.50877 0 -1.526609 37.65877 0 -1.525726 37.6397 0 -1.486382 36.7897 0 -1.4855 36.77063 0 -1.446156 35.92064 0 -1.445273 35.90156 0 -1.405929 35.05157 0 -1.405046 35.03249 0 -1.365702 34.18249 0 -1.364819 34.16342 0 -1.325475 33.31342 0 -1.324592 33.29435 0 -1.285248 32.44436 0 -1.284365 32.42528 0 -1.245021 31.57529 0 -1.244138 31.55621 0 -1.204794 30.70622 0 -1.203911 30.68714 0 -1.164567 29.83715 0 -1.163685 29.81807 0 -1.124341 28.96808 0 -1.123458 28.949 0 -1.084114 28.09901 0 -1.083231 28.07994 0 -1.043887 27.22994 0 -1.043004 27.21087 0 -1.00366 26.36087 0 -1.002777 26.3418 0 -0.963433 25.4918 0 -0.9625501 25.47273 0 -0.923792 24.6227 0 -0.92295 24.60363 0 -0.885456 23.75355 0 2.400797 35.22739 0 2.440938 34.35832 0 2.48108 33.48925 0 2.521222 32.62017 0 2.361536 36.07739 0 2.401677 35.20832 0 2.441819 34.33925 0 2.481961 33.47017 0 193.8242 44.11587 0 3.38192 23.33534 0 141.8481 38.68343 0 2.923523 23.91037 0 2.922642 23.92944 0 86.27098 32.6769 0 193.8242 44.39462 0 3.089817 23.58365 0 -3.496843 80.22411 0 0.3142955 80.40013 0 -3.457499 79.37412 0 0.3535565 79.55014 0 0.3959051 83.21813 0 -3.626423 83.02358 0 2.990738 26.92692 0 3.092696 27.04215 0 0.516431 83.26187 0 85.57882 35.92212 0 92.7227 36.69119 0 92.89025 33.50686 0 92.71295 36.69014 0 91.87901 36.5879 0 92.91142 33.49798 0 92.74385 36.68245 0 93.75509 33.60141 0 93.58762 36.7843 0 93.4814 36.77286 0 2.883381 24.77944 0 2.8825 24.79851 0 93.77626 33.59253 0 93.6087 36.77699 0 94.61994 33.69595 0 94.45255 36.87741 0 94.24987 36.85559 0 94.64112 33.68707 0 94.47354 36.87153 0 95.4848 33.79049 0 95.31746 36.97052 0 95.01831 36.93832 0 95.50595 33.78161 0 95.3384 36.96608 0 96.34964 33.88504 0 96.18238 37.06364 0 95.78677 37.02105 0 96.37081 33.87616 0 96.20324 37.06062 0 96.55522 37.10377 0 97.21449 33.97958 0 97.04731 37.15675 0 97.23565 33.9707 0 97.06809 37.15517 0 97.32367 37.1865 0 98.07933 34.07413 0 98.1005 34.06524 0 97.93293 37.24971 0 98.09213 37.26923 0 98.94419 34.16867 0 98.96534 34.15979 0 98.79779 37.34426 0 98.86058 37.35195 0 99.80903 34.26321 0 99.8302 34.25433 0 99.66265 37.4383 0 100.6739 34.35776 0 100.695 34.34888 0 100.5276 37.53141 0 101.5387 34.4523 0 101.5599 34.44342 0 101.3925 37.62453 0 102.4036 34.54685 0 102.4247 34.53796 0 102.2574 37.71764 0 103.2684 34.64139 0 103.2896 34.63251 0 103.1223 37.81075 0 104.1333 34.73594 0 104.1544 34.72705 0 103.9873 37.90386 0 104.9981 34.83048 0 105.0193 34.8216 0 104.8522 37.99698 0 105.863 34.92502 0 105.8841 34.91614 0 105.7171 38.09009 0 106.7278 35.01957 0 106.749 35.01069 0 106.582 38.1832 0 107.5927 35.11411 0 107.6138 35.10523 0 107.447 38.27631 0 108.4575 35.20865 0 108.4787 35.19977 0 108.3119 38.36942 0 109.3223 35.3032 0 109.3435 35.29432 0 109.1768 38.46254 0 110.1872 35.39774 0 110.2084 35.38886 0 110.0417 38.55565 0 111.052 35.49229 0 111.0732 35.48341 0 110.9067 38.64876 0 111.9169 35.58683 0 111.9381 35.57795 0 111.7716 38.74188 0 112.7817 35.68137 0 112.8029 35.67249 0 112.6365 38.83499 0 113.6466 35.77592 0 113.6678 35.76704 0 113.5014 38.9281 0 114.5114 35.87046 0 2.843239 25.64851 0 114.5326 35.86158 0 114.3663 39.02121 0 115.3763 35.96501 0 115.3974 35.95612 0 115.2313 39.11433 0 116.2411 36.05955 0 116.2623 36.05067 0 116.0962 39.20744 0 117.106 36.15409 0 117.1271 36.14521 0 116.9611 39.30055 0 117.9708 36.24864 0 117.992 36.23976 0 117.826 39.39366 0 118.8357 36.34318 0 118.8568 36.3343 0 118.691 39.48678 0 119.7005 36.43773 0 119.7217 36.42884 0 119.5559 39.57989 0 120.5654 36.53227 0 120.5865 36.52339 0 120.4208 39.673 0 121.4302 36.62682 0 121.4514 36.61793 0 121.2857 39.76611 0 122.2951 36.72136 0 122.3162 36.71248 0 122.1507 39.85923 0 123.1599 36.8159 0 123.1811 36.80702 0 123.0156 39.95234 0 124.0248 36.91044 0 124.0459 36.90157 0 123.8805 40.04545 0 124.8896 37.00499 0 124.9108 36.99611 0 124.7454 40.13857 0 125.7545 37.09953 0 125.7756 37.09065 0 125.6103 40.23167 0 126.6193 37.19408 0 126.6405 37.18519 0 126.4753 40.32479 0 127.4842 37.28862 0 127.5053 37.27974 0 127.3402 40.4179 0 128.349 37.38317 0 128.3702 37.37428 0 128.2051 40.51101 0 129.2138 37.47771 0 129.235 37.46883 0 129.07 40.60413 0 130.0787 37.57225 0 130.0999 37.56337 0 129.935 40.69724 0 130.9435 37.6668 0 130.9647 37.65792 0 130.7999 40.79035 0 131.8084 37.76134 0 131.8296 37.75246 0 131.6648 40.88346 0 132.6732 37.85589 0 132.6944 37.847 0 132.5297 40.97658 0 133.5381 37.95043 0 133.5592 37.94155 0 133.3947 41.06969 0 134.4029 38.04497 0 134.4241 38.03609 0 134.2596 41.1628 0 135.2678 38.13952 0 135.2889 38.13064 0 135.1245 41.25591 0 136.1326 38.23406 0 136.1538 38.22518 0 135.9894 41.34903 0 136.9975 38.3286 0 137.0186 38.31972 0 136.8543 41.44214 0 137.8623 38.42315 0 137.8835 38.41427 0 137.7193 41.53535 0 138.7272 38.51769 0 138.7483 38.50881 0 138.5841 41.63025 0 139.592 38.61224 0 139.6132 38.60335 0 139.4489 41.72515 0 140.4569 38.70678 0 140.478 38.6979 0 140.3137 41.82004 0 141.3217 38.80132 0 141.3429 38.79244 0 141.1786 41.91494 0 142.1866 38.89587 0 2.803097 26.51759 0 2.842358 25.66759 0 142.2077 38.88699 0 142.0434 42.00984 0 143.0514 38.99041 0 143.0726 38.98153 0 142.9082 42.10474 0 143.9163 39.08496 0 143.9374 39.07607 0 143.7731 42.19964 0 144.7811 39.1795 0 144.8023 39.17062 0 144.6379 42.29453 0 145.6459 39.27405 0 145.6671 39.26516 0 145.5027 42.38943 0 146.5108 39.36859 0 146.532 39.35971 0 146.3675 42.48433 0 147.3757 39.46313 0 147.3968 39.45425 0 147.2324 42.57923 0 148.2405 39.55767 0 148.2617 39.5488 0 148.0972 42.67412 0 149.1053 39.65222 0 149.1265 39.64334 0 148.962 42.76902 0 149.9702 39.74676 0 149.9914 39.73788 0 149.8269 42.86392 0 150.835 39.84131 0 150.8562 39.83242 0 150.6917 42.95882 0 151.6999 39.93585 0 151.721 39.92697 0 151.5565 43.05371 0 152.5647 40.0304 0 152.5859 40.02151 0 152.4214 43.14861 0 153.4296 40.12494 0 153.4507 40.11606 0 153.2862 43.24351 0 154.2944 40.21948 0 154.3156 40.2106 0 154.151 43.3384 0 155.1593 40.31403 0 155.1804 40.30515 0 155.0158 43.4333 0 156.0241 40.40857 0 156.0453 40.39969 0 155.8807 43.5282 0 156.889 40.50312 0 156.9101 40.49423 0 156.7455 43.6231 0 157.7538 40.59766 0 157.775 40.58878 0 157.6103 43.71799 0 158.6187 40.6922 0 158.6398 40.68332 0 158.4752 43.81289 0 159.4835 40.78675 0 159.5047 40.77787 0 159.34 43.90779 0 160.3484 40.88129 0 160.3695 40.87241 0 160.2048 44.00269 0 161.2132 40.97583 0 161.2344 40.96695 0 161.0696 44.09758 0 162.0781 41.07038 0 162.0992 41.0615 0 161.9345 44.19248 0 162.9429 41.16492 0 162.9641 41.15604 0 162.7993 44.28738 0 163.8077 41.25947 0 163.8289 41.25058 0 163.6641 44.38228 0 164.6726 41.35401 0 164.6938 41.34513 0 164.529 44.47718 0 165.5374 41.44855 0 165.5586 41.43967 0 165.3938 44.57207 0 166.4023 41.5431 0 166.4234 41.53422 0 166.2586 44.66697 0 167.2671 41.63764 0 167.2883 41.62876 0 167.1235 44.76187 0 168.132 41.73219 0 168.1532 41.7233 0 167.9883 44.85677 0 168.9968 41.82673 0 169.018 41.81785 0 168.8531 44.95166 0 169.8617 41.92127 0 169.8828 41.91239 0 169.7179 45.04656 0 170.7265 42.01582 0 170.7477 42.00694 0 170.5828 45.14146 0 171.5914 42.11036 0 171.6125 42.10148 0 171.4476 45.23636 0 172.4562 42.20491 0 172.4774 42.19603 0 172.3124 45.33126 0 173.3211 42.29945 0 173.3422 42.29057 0 173.1772 45.42615 0 174.1859 42.39399 0 174.2071 42.38511 0 174.0421 45.52105 0 175.0508 42.48854 0 175.0719 42.47965 0 174.9069 45.61595 0 175.9156 42.58308 0 175.9368 42.5742 0 175.7717 45.71085 0 176.7805 42.67762 0 176.8016 42.66874 0 176.6366 45.80574 0 177.6453 42.77217 0 177.6665 42.76329 0 177.5014 45.90064 0 178.5102 42.86671 0 178.5313 42.85783 0 178.3662 45.99554 0 179.375 42.96126 0 179.3962 42.95238 0 179.2311 46.09044 0 180.2399 43.0558 0 180.261 43.04692 0 180.0959 46.18533 0 181.1047 43.15035 0 181.1259 43.14146 0 180.9607 46.28023 0 181.9696 43.24489 0 181.9907 43.23601 0 181.8255 46.37513 0 182.8344 43.33943 0 182.8556 43.33055 0 182.6904 46.47003 0 183.6992 43.43398 0 183.7204 43.4251 0 183.5552 46.56492 0 184.5641 43.52852 0 184.5853 43.51964 0 184.42 46.65982 0 185.4289 43.62307 0 185.4501 43.61418 0 185.2849 46.75472 0 186.2938 43.71761 0 186.315 43.70873 0 186.1497 46.84962 0 187.1586 43.81215 0 187.1798 43.80327 0 187.0145 46.94451 0 188.0235 43.9067 0 188.0447 43.89782 0 187.8793 47.03941 0 188.8883 44.00124 0 188.9095 43.99236 0 188.7442 47.13431 0 189.7532 44.09578 0 189.7743 44.0869 0 189.609 47.22921 0 190.618 44.19033 0 190.6392 44.18145 0 190.4738 47.3241 0 191.4829 44.28487 0 191.504 44.27599 0 191.3387 47.419 0 192.3477 44.37942 0 192.3689 44.37053 0 192.2035 47.5139 0 193.2126 44.47396 0 193.2337 44.46508 0 193.0683 47.6088 0 194.0554 44.9878 0 194.0774 44.5685 0 194.1312 44.34303 0 196.7239 44.648 0 193.7327 47.73124 0 187.2684 102.6852 0 189.8228 102.932 0 2.762955 27.38666 0 2.802216 26.53666 0 189.8228 79.53578 0 193.4932 47.70189 0 192.9043 47.97755 0 187.5136 100.1904 0 187.4555 100.0673 0 146.9024 95.61513 0 42.33212 80.31865 0 41.89222 83.89533 0 41.94846 83.86894 0 38.69129 89.58409 0 39.85111 79.99748 0 39.82586 79.96683 0 38.6452 89.63404 0 41.15325 89.95662 0 41.19033 90.00664 0 2.722813 28.25574 0 2.762074 27.40574 0 2.682671 29.12481 0 2.721932 28.27481 0 2.642529 29.99388 0 2.68179 29.14388 0 2.602387 30.86295 0 2.641648 30.01295 0 2.562245 31.73203 0 2.601506 30.88203 0 2.522103 32.6011 0 2.561364 31.7511 0 2.321393 36.94647 0 2.360654 36.09647 0 2.281252 37.81554 0 2.320513 36.96554 0 2.241109 38.68462 0 2.28037 37.83462 0 2.200968 39.55369 0 2.240229 38.70369 0 2.160826 40.42276 0 2.200087 39.57276 0 2.120684 41.29183 0 2.159945 40.44183 0 2.080542 42.16091 0 2.119803 41.31091 0 2.0404 43.02998 0 2.079661 42.17998 0 2.000258 43.89906 0 2.039519 43.04906 0 1.960116 44.76813 0 1.999377 43.91813 0 1.919974 45.6372 0 1.959235 44.7872 0 1.879832 46.50628 0 1.919093 45.65628 0 1.83969 47.37535 0 1.878951 46.52535 0 1.799548 48.24442 0 1.838809 47.39442 0 1.759406 49.11349 0 1.798667 48.26349 0 1.719264 49.98257 0 1.758525 49.13257 0 1.679122 50.85164 0 1.718383 50.00164 0 1.63898 51.72072 0 1.678241 50.87072 0 1.598838 52.58979 0 1.638099 51.73979 0 1.558696 53.45886 0 1.597957 52.60886 0 1.518554 54.32794 0 1.557815 53.47794 0 1.478412 55.19701 0 1.517673 54.34701 0 1.43827 56.06608 0 1.477531 55.21608 0 1.398128 56.93516 0 1.437389 56.08516 0 1.357986 57.80423 0 1.397247 56.95423 0 1.317844 58.6733 0 1.357105 57.8233 0 1.277703 59.54238 0 1.316963 58.69238 0 1.237561 60.41145 0 1.276822 59.56145 0 1.197419 61.28053 0 1.23668 60.43053 0 1.157277 62.1496 0 1.196538 61.2996 0 1.117135 63.01867 0 1.156396 62.16867 0 1.076993 63.88774 0 1.116254 63.03774 0 1.036851 64.75682 0 1.076112 63.90682 0 0.9967089 65.62589 0 1.03597 64.7759 0 0.9565669 66.49497 0 0.9958279 65.64496 0 0.9164249 67.36405 0 0.9556859 66.51404 0 0.876283 68.23311 0 0.9155439 67.38311 0 0.836141 69.10219 0 0.875402 68.25218 0 0.795999 69.97126 0 0.83526 69.12126 0 0.7558571 70.84033 0 0.795118 69.99033 0 0.7157151 71.70941 0 0.7549761 70.85941 0 0.6755732 72.57848 0 0.7148342 71.72849 0 0.6354312 73.44756 0 0.6746922 72.59755 0 0.5952892 74.31662 0 0.6345502 73.46662 0 0.5551473 75.1857 0 0.5944083 74.3357 0 0.5150053 76.05477 0 0.5542663 75.20478 0 0.4748634 76.92385 0 0.5141243 76.07384 0 -3.376162 77.6169 0 0.4347214 77.79293 0 0.4739824 76.94292 0 -3.416389 78.48596 0 0.3945794 78.66199 0 -3.377045 77.63597 0 0.4338404 77.81198 0 -3.417272 78.50504 0 -3.456616 79.35504 0 -3.497726 80.24318 0 -3.53707 81.09319 0 -3.537953 81.11225 0 -3.577297 81.96224 0 -3.578179 81.98133 0 -3.617523 82.83132 0 0.3544375 79.53107 0 0.3936985 78.68106 0 0.2741536 81.26921 0 0.3134145 80.41921 0 0.2340115 82.13829 0 0.2732726 81.28829 0 0.1938696 83.00736 0 0.2331305 82.15737 0 42.36777 80.27437 0 42.26859 84.08893 0 41.99275 86.45357 0 41.64361 86.48229 0 92.04656 33.40344 0 42.01263 86.45577 0 42.85753 86.54883 0 42.28897 84.0867 0 43.13325 84.18518 0 42.8774 86.55101 0 43.72231 86.64408 0 43.15363 84.18296 0 43.99791 84.28144 0 43.74218 86.64626 0 44.58708 86.73934 0 44.01829 84.27922 0 44.86257 84.3777 0 44.60695 86.7415 0 45.45186 86.83458 0 44.88295 84.37548 0 45.72723 84.47396 0 45.47173 86.83676 0 46.31664 86.92983 0 45.74761 84.47173 0 46.59188 84.57021 0 46.3365 86.93201 0 47.18141 87.02509 0 46.61227 84.56798 0 47.45654 84.66648 0 97.91223 37.24986 0 47.20128 87.02725 0 48.04619 87.12033 0 47.47693 84.66425 0 48.32121 84.76273 0 98.77716 37.34297 0 48.06606 87.12252 0 48.91097 87.21558 0 48.34159 84.7605 0 49.18586 84.85898 0 99.64208 37.43608 0 48.93083 87.21778 0 49.77574 87.31082 0 49.20624 84.85677 0 50.05052 84.95523 0 100.507 37.5292 0 49.79561 87.31302 0 50.64052 87.40608 0 50.0709 84.95301 0 50.91518 85.05149 0 101.3719 37.62231 0 50.66038 87.40827 0 51.50529 87.50133 0 50.93556 85.04926 0 51.77984 85.14775 0 102.2368 37.71542 0 51.52516 87.50353 0 52.37007 87.59658 0 51.80022 85.14553 0 52.6445 85.24401 0 103.1018 37.80853 0 52.38994 87.59877 0 53.23484 87.69184 0 52.66488 85.24178 0 53.50915 85.34026 0 103.9667 37.90165 0 53.25471 87.69402 0 54.09962 87.78708 0 53.52954 85.33805 0 54.37381 85.43653 0 104.8316 37.99476 0 54.11949 87.78928 0 54.9644 87.88234 0 54.39421 85.4343 0 55.23847 85.53278 0 105.6965 38.08787 0 54.98426 87.88452 0 55.82917 87.97759 0 55.25886 85.53055 0 56.10313 85.62905 0 106.5615 38.18099 0 55.84904 87.97978 0 56.69395 88.07285 0 56.12351 85.6268 0 56.96779 85.72528 0 107.4264 38.2741 0 56.71382 88.07503 0 57.55872 88.16809 0 56.98817 85.72306 0 57.83245 85.82155 0 108.2913 38.36721 0 57.57859 88.17028 0 58.4235 88.26334 0 57.85283 85.81932 0 58.69711 85.9178 0 109.1562 38.46032 0 58.44337 88.26554 0 59.28827 88.35858 0 58.71749 85.91558 0 59.56177 86.01406 0 110.0212 38.55344 0 59.30815 88.36078 0 60.15305 88.45384 0 59.58215 86.01183 0 60.42642 86.11032 0 110.8861 38.64655 0 60.17292 88.45604 0 61.01783 88.54911 0 60.44681 86.1081 0 61.29108 86.20658 0 111.751 38.73966 0 61.0377 88.55129 0 61.8826 88.64435 0 61.31147 86.20435 0 62.15574 86.30283 0 112.6159 38.83277 0 61.90247 88.64655 0 62.74738 88.7396 0 62.17613 86.3006 0 63.0204 86.39908 0 113.4808 38.92589 0 62.76725 88.74179 0 63.61216 88.83486 0 63.04078 86.39685 0 63.88506 86.49533 0 114.3458 39.019 0 63.63202 88.83704 0 64.47694 88.9301 0 63.90544 86.49312 0 64.74973 86.5916 0 115.2107 39.11211 0 64.49681 88.93228 0 65.34172 89.02535 0 64.77011 86.58937 0 65.61438 86.68785 0 116.0756 39.20522 0 65.36158 89.02754 0 66.20648 89.12061 0 65.63477 86.68563 0 66.47904 86.78412 0 116.9405 39.29833 0 66.22636 89.12281 0 67.07127 89.21585 0 66.49942 86.78189 0 67.3437 86.88037 0 117.8055 39.39145 0 67.09114 89.21805 0 67.93605 89.31111 0 67.36408 86.87815 0 68.20837 86.97663 0 118.6704 39.48456 0 67.9559 89.3133 0 68.80081 89.40636 0 68.22875 86.9744 0 69.07302 87.07288 0 119.5353 39.57767 0 68.82069 89.40856 0 69.6656 89.5016 0 69.09341 87.07067 0 69.93768 87.16915 0 120.4002 39.67078 0 69.68547 89.5038 0 70.53037 89.59687 0 69.95806 87.1669 0 70.80233 87.2654 0 121.2651 39.7639 0 70.55023 89.59905 0 71.39514 89.69211 0 70.82273 87.26317 0 71.66699 87.36165 0 122.1301 39.85701 0 71.415 89.69431 0 72.25993 89.78737 0 71.68737 87.35942 0 72.53166 87.4579 0 122.995 39.95012 0 72.2798 89.78955 0 73.1247 89.88262 0 72.55204 87.45569 0 73.3963 87.55417 0 123.8599 40.04324 0 73.14456 89.8848 0 73.98947 89.97788 0 73.41668 87.55194 0 74.26097 87.65042 0 124.7248 40.13635 0 74.00933 89.98004 0 74.85426 90.07312 0 74.28135 87.6482 0 75.12563 87.74668 0 125.5898 40.22946 0 74.87412 90.0753 0 75.71903 90.16837 0 75.14601 87.74445 0 75.99028 87.84294 0 126.4547 40.32257 0 75.73889 90.17055 0 76.5838 90.26361 0 76.01067 87.84072 0 76.85494 87.9392 0 127.3196 40.41569 0 76.60366 90.2658 0 77.44857 90.35887 0 76.87532 87.93697 0 77.71961 88.03545 0 128.1845 40.5088 0 77.46845 90.36106 0 78.31336 90.45412 0 77.73999 88.03324 0 78.58425 88.13172 0 129.0495 40.60191 0 78.33322 90.45632 0 79.17813 90.54936 0 78.60465 88.12947 0 79.44892 88.22797 0 129.9144 40.69502 0 79.19799 90.55156 0 80.0429 90.64463 0 79.4693 88.22573 0 80.31359 88.32422 0 130.7793 40.78814 0 80.06278 90.64681 0 80.90769 90.73987 0 80.33396 88.32199 0 81.17823 88.42047 0 131.6442 40.88125 0 80.92755 90.74207 0 81.77246 90.83512 0 81.19862 88.41825 0 82.0429 88.51673 0 132.5092 40.97436 0 82.06329 88.51451 0 82.63723 90.93038 0 82.90756 88.61299 0 81.79232 90.83731 0 133.3741 41.06747 0 82.65711 90.93256 0 83.502 91.02562 0 82.92794 88.61077 0 83.77221 88.70925 0 134.239 41.16058 0 83.52188 91.02782 0 84.36679 91.12088 0 83.7926 88.70702 0 84.63687 88.80551 0 135.1039 41.2537 0 84.38665 91.12306 0 85.23156 91.21613 0 84.65725 88.80327 0 85.50154 88.90177 0 135.9688 41.34681 0 85.25144 91.21833 0 86.09628 91.31194 0 85.52191 88.89952 0 86.36618 88.998 0 136.8338 41.43992 0 86.11614 91.31415 0 86.96086 91.40879 0 86.38658 88.99579 0 87.23085 89.09427 0 137.6987 41.53309 0 86.98072 91.41101 0 87.82544 91.50565 0 87.25122 89.09204 0 88.09551 89.19052 0 138.5635 41.62799 0 87.84532 91.50788 0 88.69004 91.6025 0 88.11589 89.1883 0 88.96016 89.28679 0 139.4283 41.72289 0 88.7099 91.60472 0 89.55462 91.69936 0 88.98055 89.28456 0 89.82482 89.38304 0 140.2932 41.81778 0 89.5745 91.70159 0 90.41921 91.79621 0 89.8452 89.38082 0 90.68949 89.4793 0 141.158 41.91268 0 90.43908 91.79843 0 91.28381 91.89307 0 90.70986 89.47707 0 91.55415 89.57555 0 142.0228 42.00758 0 91.30367 91.8953 0 92.14839 91.98993 0 91.57453 89.57334 0 92.4188 89.67182 0 142.8877 42.10248 0 92.16825 91.99214 0 93.01299 92.08678 0 92.43919 89.66957 0 93.28347 89.76807 0 143.7525 42.19738 0 93.03285 92.08901 0 93.87757 92.18364 0 93.30384 89.76584 0 94.14811 89.86434 0 144.6173 42.29227 0 93.89743 92.18587 0 94.74215 92.28049 0 94.16851 89.86209 0 95.01277 89.96057 0 145.4821 42.38717 0 94.76203 92.28272 0 95.60675 92.37735 0 95.03315 89.95836 0 95.87744 90.05684 0 146.347 42.48207 0 95.62661 92.37958 0 96.47133 92.47422 0 95.89782 90.05461 0 96.7421 90.15309 0 147.2118 42.57697 0 96.49121 92.47644 0 97.33592 92.57106 0 96.76248 90.15087 0 97.60675 90.24935 0 148.0766 42.67187 0 97.35579 92.57329 0 98.20052 92.66793 0 97.62713 90.24712 0 98.47141 90.34561 0 148.9415 42.76676 0 98.22038 92.67015 0 99.0651 92.76477 0 98.49179 90.34339 0 99.33608 90.44187 0 149.8063 42.86166 0 99.08497 92.767 0 99.92968 92.86164 0 99.35646 90.43964 0 100.2007 90.53812 0 150.6711 42.95656 0 99.94956 92.86386 0 100.7943 92.95848 0 100.2211 90.53591 0 101.0654 90.63439 0 151.536 43.05146 0 100.8141 92.96073 0 101.6589 93.05535 0 101.0858 90.63214 0 101.93 90.73064 0 152.4008 43.14635 0 101.6787 93.05757 0 102.5235 93.15219 0 101.9504 90.72841 0 102.7947 90.82689 0 153.2656 43.24125 0 102.5433 93.15444 0 103.388 93.24906 0 102.8151 90.82466 0 103.6594 90.92314 0 154.1304 43.33615 0 103.4079 93.25128 0 104.2526 93.3459 0 103.6797 90.92092 0 104.524 91.01941 0 154.9953 43.43105 0 104.2725 93.34815 0 105.1172 93.44277 0 104.5444 91.01718 0 105.3887 91.11566 0 155.8601 43.52594 0 105.1371 93.44499 0 105.9818 93.53961 0 105.4091 91.11344 0 106.2533 91.21192 0 156.7249 43.62084 0 106.0017 93.54186 0 106.8464 93.63648 0 106.2737 91.20969 0 107.118 91.30818 0 157.5897 43.71574 0 106.8663 93.63871 0 107.711 93.73334 0 107.1384 91.30596 0 107.9827 91.40444 0 158.4546 43.81064 0 107.7308 93.73557 0 108.5756 93.83019 0 108.003 91.40219 0 108.8473 91.50069 0 159.3194 43.90553 0 108.5954 93.83242 0 109.4402 93.92705 0 108.8677 91.49846 0 109.712 91.59694 0 160.1842 44.00043 0 109.46 93.92928 0 110.3048 94.02391 0 109.7324 91.59471 0 110.5766 91.69319 0 161.0491 44.09533 0 110.3246 94.02613 0 111.1693 94.12076 0 110.597 91.69098 0 111.4413 91.78946 0 161.9139 44.19023 0 111.1892 94.12299 0 112.0339 94.21762 0 111.4617 91.78723 0 112.306 91.88571 0 162.7787 44.28512 0 112.0538 94.21985 0 112.8985 94.31449 0 112.3263 91.88349 0 113.1706 91.98198 0 163.6436 44.38002 0 112.9184 94.3167 0 113.7631 94.41133 0 113.191 91.97974 0 114.0353 92.07823 0 164.5084 44.47492 0 113.783 94.41356 0 114.6277 94.5082 0 114.0556 92.07601 0 114.8999 92.17449 0 165.3732 44.56982 0 114.6476 94.51041 0 115.4923 94.60504 0 114.9203 92.17226 0 115.7646 92.27074 0 166.238 44.66471 0 115.5121 94.60727 0 116.3569 94.70191 0 115.785 92.26851 0 116.6292 92.36701 0 167.1029 44.75961 0 116.3767 94.70413 0 117.2215 94.79875 0 116.6496 92.36476 0 117.4939 92.46326 0 167.9677 44.85451 0 117.2413 94.80098 0 118.0861 94.89562 0 117.5143 92.46105 0 118.3586 92.55951 0 168.8325 44.94941 0 118.1059 94.89785 0 118.9506 94.99248 0 118.3789 92.55728 0 119.2232 92.65576 0 169.6974 45.0443 0 118.9705 94.99471 0 119.8152 95.08933 0 119.2436 92.65354 0 120.0879 92.75202 0 170.5622 45.1392 0 119.8351 95.09156 0 120.6798 95.18619 0 120.1083 92.7498 0 120.9525 92.84828 0 171.427 45.2341 0 120.6997 95.18842 0 121.5444 95.28305 0 120.9729 92.84606 0 121.8172 92.94454 0 172.2918 45.329 0 121.5643 95.28527 0 122.409 95.3799 0 121.8376 92.94231 0 122.6818 93.0408 0 173.1567 45.42389 0 122.4289 95.38211 0 123.2736 95.47676 0 122.7022 93.03858 0 123.5465 93.13706 0 174.0215 45.51879 0 123.2934 95.47898 0 124.1382 95.57361 0 123.5669 93.13483 0 124.4112 93.23331 0 174.8863 45.61369 0 124.158 95.57582 0 125.0028 95.67047 0 124.4316 93.23108 0 125.2758 93.32958 0 175.7512 45.70859 0 125.0226 95.67269 0 125.8673 95.76734 0 125.2962 93.32733 0 126.1405 93.42581 0 176.616 45.80348 0 125.8872 95.76955 0 126.7319 95.86418 0 126.1609 93.42359 0 127.0051 93.52208 0 177.4808 45.89838 0 126.7518 95.8664 0 127.5965 95.96105 0 127.0255 93.51985 0 127.8698 93.61833 0 178.3457 45.99328 0 127.6164 95.96326 0 128.4611 96.05789 0 127.8902 93.61611 0 128.7345 93.71459 0 179.2105 46.08818 0 128.481 96.06012 0 129.3257 96.15476 0 128.7548 93.71237 0 129.5991 93.81085 0 180.0753 46.18308 0 129.3456 96.15699 0 130.1903 96.2516 0 129.6195 93.80863 0 130.4638 93.90711 0 180.9401 46.27797 0 130.2102 96.25383 0 131.0549 96.34847 0 130.4842 93.90486 0 131.3284 94.00336 0 181.805 46.37287 0 131.0747 96.3507 0 131.9195 96.44532 0 131.3488 94.00113 0 132.1931 94.09963 0 182.6698 46.46777 0 131.9393 96.44754 0 132.7841 96.54218 0 132.2135 94.09738 0 133.0578 94.19586 0 183.5346 46.56267 0 132.8039 96.54441 0 133.6487 96.63904 0 133.0781 94.19365 0 133.9224 94.29213 0 184.3994 46.65757 0 133.6685 96.64125 0 134.5132 96.73589 0 133.9428 94.2899 0 134.7871 94.38838 0 185.2643 46.75246 0 134.5331 96.73812 0 135.3778 96.83274 0 134.8075 94.38616 0 135.6517 94.48465 0 186.1291 46.84736 0 135.3977 96.83496 0 136.2424 96.9296 0 135.6721 94.48242 0 136.5164 94.5809 0 186.9939 46.94226 0 136.2623 96.93183 0 137.107 97.02646 0 136.5368 94.57868 0 137.381 94.67716 0 187.8588 47.03716 0 137.1269 97.02867 0 137.9716 97.12331 0 137.4014 94.67493 0 138.2457 94.77341 0 188.7236 47.13205 0 137.9915 97.12554 0 138.8362 97.22017 0 138.2661 94.7712 0 139.1104 94.86968 0 189.5884 47.22695 0 138.856 97.2224 0 139.7008 97.31702 0 139.1307 94.86743 0 139.975 94.96593 0 190.4532 47.32185 0 139.7206 97.31925 0 140.5654 97.41388 0 139.9954 94.9637 0 140.8397 95.0622 0 191.3181 47.41674 0 140.5852 97.41611 0 141.43 97.51074 0 140.8601 95.05995 0 141.7043 95.15843 0 192.1829 47.51164 0 141.4498 97.51297 0 142.2945 97.60759 0 141.7247 95.15621 0 142.569 95.2547 0 193.0477 47.60654 0 142.3144 97.60982 0 143.1591 97.70446 0 142.5894 95.25247 0 143.4337 95.35095 0 143.179 97.70668 0 144.0237 97.80132 0 143.454 95.34873 0 144.2983 95.44721 0 144.0436 97.80353 0 144.8883 97.89817 0 144.3187 95.44498 0 145.163 95.54347 0 144.9082 97.90039 0 145.7529 97.99501 0 145.1834 95.54125 0 146.0276 95.63973 0 145.7727 97.99726 0 146.6174 98.09226 0 146.048 95.6375 0 146.8923 95.73598 0 146.6373 98.09449 0 147.482 98.18979 0 146.9127 95.73377 0 147.757 95.83225 0 147.5018 98.19203 0 148.3464 98.28733 0 147.7773 95.83 0 148.6216 95.92848 0 148.3663 98.28957 0 149.211 98.38488 0 148.642 95.92626 0 149.4863 96.02475 0 149.2308 98.3871 0 150.0755 98.48239 0 149.5067 96.02252 0 150.3509 96.121 0 150.0953 98.48465 0 150.94 98.57994 0 150.3713 96.11878 0 151.2156 96.21726 0 150.9598 98.58219 0 151.8045 98.67748 0 151.236 96.21504 0 152.0802 96.31352 0 151.8244 98.67974 0 152.669 98.77503 0 152.1006 96.3113 0 152.9449 96.40978 0 152.6889 98.77725 0 153.5335 98.87256 0 152.9653 96.40755 0 153.8096 96.50605 0 153.5534 98.8748 0 154.398 98.9701 0 153.83 96.5038 0 154.6742 96.6023 0 154.4179 98.97232 0 155.2625 99.06764 0 154.6946 96.60005 0 155.5389 96.69855 0 155.2824 99.06987 0 156.127 99.16518 0 155.5593 96.69632 0 156.4035 96.7948 0 156.1469 99.16741 0 156.9915 99.26271 0 156.4239 96.79257 0 157.2682 96.89105 0 157.0114 99.26496 0 157.8561 99.36025 0 157.2886 96.88883 0 158.1329 96.98732 0 157.8759 99.36249 0 158.7206 99.4578 0 158.1532 96.98509 0 158.9975 97.08358 0 158.7404 99.46004 0 159.5851 99.55533 0 159.0179 97.08135 0 159.8622 97.17983 0 159.6049 99.55757 0 160.4496 99.65287 0 159.8826 97.1776 0 160.7268 97.27608 0 160.4695 99.65511 0 161.3141 99.7504 0 160.7472 97.27387 0 161.5915 97.37235 0 161.334 99.75266 0 162.1786 99.84793 0 161.6119 97.37012 0 162.4562 97.4686 0 162.1985 99.85019 0 163.0431 99.94548 0 162.4765 97.46637 0 163.3208 97.56487 0 163.3412 97.56262 0 163.2714 99.97126 0 164.1855 97.66112 0 163.9076 100.043 0 163.9277 100.0432 0 164.4758 100.1071 0 164.2059 97.65889 0 165.0501 97.75737 0 164.7721 100.1406 0 187.2121 102.7186 0 187.2121 102.6723 0 163.0631 99.94695 0 86.00997 88.79677 0 42.26859 84.08893 0.00999999 41.58066 86.40818 0.00999999 41.99275 86.45357 0.00999999 42.01263 86.45577 0.00999999 42.28897 84.0867 0.00999999 42.85753 86.54883 0.00999999 43.13325 84.18518 0.00999999 42.8774 86.55101 0.00999999 43.15363 84.18296 0.00999999 43.72231 86.64408 0.00999999 43.99791 84.28144 0.00999999 43.74218 86.64626 0.00999999 44.01829 84.27922 0.00999999 44.58708 86.73934 0.00999999 44.86257 84.3777 0.00999999 44.60695 86.7415 0.00999999 44.88295 84.37548 0.00999999 45.45186 86.83458 0.00999999 45.72723 84.47396 0.00999999 45.47173 86.83676 0.00999999 45.74761 84.47173 0.00999999 46.31664 86.92983 0.00999999 46.59188 84.57021 0.00999999 46.3365 86.93201 0.00999999 46.61227 84.56798 0.00999999 47.18141 87.02509 0.00999999 47.45654 84.66648 0.00999999 47.20128 87.02725 0.00999999 47.47693 84.66425 0.00999999 48.04619 87.12033 0.00999999 48.32121 84.76273 0.00999999 48.06606 87.12252 0.00999999 48.34159 84.7605 0.00999999 48.91097 87.21558 0.00999999 49.18586 84.85898 0.00999999 48.93083 87.21778 0.00999999 49.20624 84.85677 0.00999999 50.05052 84.95523 0.00999999 49.77574 87.31082 0.00999999 49.79561 87.31302 0.00999999 50.0709 84.95301 0.00999999 50.64052 87.40608 0.00999999 50.91518 85.05149 0.00999999 50.66038 87.40827 0.00999999 50.93556 85.04926 0.00999999 51.50529 87.50133 0.00999999 51.77984 85.14775 0.00999999 51.52516 87.50353 0.00999999 51.80022 85.14553 0.00999999 52.6445 85.24401 0.00999999 52.37007 87.59658 0.00999999 52.38994 87.59877 0.00999999 52.66488 85.24178 0.00999999 53.23484 87.69184 0.00999999 53.50915 85.34026 0.00999999 53.52954 85.33805 0.00999999 53.25471 87.69402 0.00999999 54.09962 87.78708 0.00999999 54.37381 85.43653 0.00999999 54.11949 87.78928 0.00999999 54.39421 85.4343 0.00999999 55.23847 85.53278 0.00999999 54.9644 87.88234 0.00999999 54.98426 87.88452 0.00999999 55.25886 85.53055 0.00999999 55.82917 87.97759 0.00999999 56.10313 85.62905 0.00999999 55.84904 87.97978 0.00999999 56.12351 85.6268 0.00999999 56.96779 85.72528 0.00999999 56.69395 88.07285 0.00999999 56.71382 88.07503 0.00999999 56.98817 85.72306 0.00999999 57.83245 85.82155 0.00999999 57.55872 88.16809 0.00999999 57.57859 88.17028 0.00999999 57.85283 85.81932 0.00999999 58.4235 88.26334 0.00999999 58.69711 85.9178 0.00999999 58.44337 88.26554 0.00999999 58.71749 85.91558 0.00999999 59.28827 88.35858 0.00999999 59.56177 86.01406 0.00999999 59.30815 88.36078 0.00999999 59.58215 86.01183 0.00999999 60.42642 86.11032 0.00999999 60.15305 88.45384 0.00999999 60.17292 88.45604 0.00999999 60.44681 86.1081 0.00999999 61.01783 88.54911 0.00999999 61.29108 86.20658 0.00999999 61.0377 88.55129 0.00999999 61.31147 86.20435 0.00999999 61.8826 88.64435 0.00999999 62.15574 86.30283 0.00999999 61.90247 88.64655 0.00999999 62.17613 86.3006 0.00999999 62.74738 88.7396 0.00999999 63.0204 86.39908 0.00999999 62.76725 88.74179 0.00999999 63.04078 86.39685 0.00999999 63.61216 88.83486 0.00999999 63.88506 86.49533 0.00999999 63.63202 88.83704 0.00999999 63.90544 86.49312 0.00999999 64.74973 86.5916 0.00999999 64.47694 88.9301 0.00999999 64.49681 88.93228 0.00999999 64.77011 86.58937 0.00999999 65.61438 86.68785 0.00999999 65.34172 89.02535 0.00999999 65.36158 89.02754 0.00999999 65.63477 86.68563 0.00999999 66.47904 86.78412 0.00999999 66.20648 89.12061 0.00999999 66.22636 89.12281 0.00999999 66.49942 86.78189 0.00999999 67.07127 89.21585 0.00999999 67.3437 86.88037 0.00999999 67.09114 89.21805 0.00999999 67.36408 86.87815 0.00999999 67.93605 89.31111 0.00999999 68.20837 86.97663 0.00999999 68.22875 86.9744 0.00999999 67.9559 89.3133 0.00999999 68.80081 89.40636 0.00999999 69.07302 87.07288 0.00999999 68.82069 89.40856 0.00999999 69.09341 87.07067 0.00999999 69.6656 89.5016 0.00999999 69.93768 87.16915 0.00999999 69.68547 89.5038 0.00999999 69.95806 87.1669 0.00999999 70.80233 87.2654 0.00999999 70.53037 89.59687 0.00999999 70.55023 89.59905 0.00999999 70.82273 87.26317 0.00999999 71.39514 89.69211 0.00999999 71.66699 87.36165 0.00999999 71.415 89.69431 0.00999999 71.68737 87.35942 0.00999999 72.25993 89.78737 0.00999999 72.53166 87.4579 0.00999999 72.55204 87.45569 0.00999999 72.2798 89.78955 0.00999999 73.1247 89.88262 0.00999999 73.3963 87.55417 0.00999999 73.14456 89.8848 0.00999999 73.41668 87.55194 0.00999999 74.26097 87.65042 0.00999999 73.98947 89.97788 0.00999999 74.00933 89.98004 0.00999999 74.28135 87.6482 0.00999999 74.85426 90.07312 0.00999999 75.12563 87.74668 0.00999999 75.14601 87.74445 0.00999999 74.87412 90.0753 0.00999999 75.71903 90.16837 0.00999999 75.99028 87.84294 0.00999999 75.73889 90.17055 0.00999999 76.01067 87.84072 0.00999999 76.5838 90.26361 0.00999999 76.85494 87.9392 0.00999999 76.60366 90.2658 0.00999999 76.87532 87.93697 0.00999999 77.44857 90.35887 0.00999999 77.71961 88.03545 0.00999999 77.46845 90.36106 0.00999999 77.73999 88.03324 0.00999999 78.31336 90.45412 0.00999999 78.58425 88.13172 0.00999999 78.33322 90.45632 0.00999999 78.60465 88.12947 0.00999999 79.44892 88.22797 0.00999999 79.17813 90.54936 0.00999999 79.4693 88.22573 0.00999999 79.19799 90.55156 0.00999999 80.0429 90.64463 0.00999999 80.31359 88.32422 0.00999999 80.06278 90.64681 0.00999999 80.33396 88.32199 0.00999999 80.90769 90.73987 0.00999999 81.17823 88.42047 0.00999999 80.92755 90.74207 0.00999999 81.19862 88.41825 0.00999999 81.77246 90.83512 0.00999999 82.0429 88.51673 0.00999999 81.79232 90.83731 0.00999999 82.06329 88.51451 0.00999999 82.63723 90.93038 0.00999999 82.90756 88.61299 0.00999999 82.65711 90.93256 0.00999999 82.92794 88.61077 0.00999999 83.502 91.02562 0.00999999 83.77221 88.70925 0.00999999 83.52188 91.02782 0.00999999 83.7926 88.70702 0.00999999 84.36679 91.12088 0.00999999 84.63687 88.80551 0.00999999 84.65725 88.80327 0.00999999 84.38665 91.12306 0.00999999 85.50154 88.90177 0.00999999 85.23156 91.21613 0.00999999 85.25144 91.21833 0.00999999 85.52191 88.89952 0.00999999 86.09628 91.31194 0.00999999 86.36618 88.998 0.00999999 85.79988 91.27873 0.00999999 86.11614 91.31415 0.00999999 86.38658 88.99579 0.00999999 86.96086 91.40879 0.00999999 87.23085 89.09427 0.00999999 87.25122 89.09204 0.00999999 86.98072 91.41101 0.00999999 87.82544 91.50565 0.00999999 88.09551 89.19052 0.00999999 87.84532 91.50788 0.00999999 88.11589 89.1883 0.00999999 88.69004 91.6025 0.00999999 88.96016 89.28679 0.00999999 88.7099 91.60472 0.00999999 88.98055 89.28456 0.00999999 89.55462 91.69936 0.00999999 89.82482 89.38304 0.00999999 89.5745 91.70159 0.00999999 89.8452 89.38082 0.00999999 90.41921 91.79621 0.00999999 90.68949 89.4793 0.00999999 90.43908 91.79843 0.00999999 90.70986 89.47707 0.00999999 91.28381 91.89307 0.00999999 91.55415 89.57555 0.00999999 91.30367 91.8953 0.00999999 91.57453 89.57334 0.00999999 92.14839 91.98993 0.00999999 92.4188 89.67182 0.00999999 92.16825 91.99214 0.00999999 92.43919 89.66957 0.00999999 93.01299 92.08678 0.00999999 93.28347 89.76807 0.00999999 93.03285 92.08901 0.00999999 93.30384 89.76584 0.00999999 94.14811 89.86434 0.00999999 93.87757 92.18364 0.00999999 93.89743 92.18587 0.00999999 94.16851 89.86209 0.00999999 94.74215 92.28049 0.00999999 95.01277 89.96057 0.00999999 94.76203 92.28272 0.00999999 95.03315 89.95836 0.00999999 95.87744 90.05684 0.00999999 95.60675 92.37735 0.00999999 95.62661 92.37958 0.00999999 95.89782 90.05461 0.00999999 96.47133 92.47422 0.00999999 96.7421 90.15309 0.00999999 96.49121 92.47644 0.00999999 96.76248 90.15087 0.00999999 97.33592 92.57106 0.00999999 97.60675 90.24935 0.00999999 97.35579 92.57329 0.00999999 97.62713 90.24712 0.00999999 98.20052 92.66793 0.00999999 98.47141 90.34561 0.00999999 98.49179 90.34339 0.00999999 98.22038 92.67015 0.00999999 99.0651 92.76477 0.00999999 99.33608 90.44187 0.00999999 99.35646 90.43964 0.00999999 99.08497 92.767 0.00999999 99.92968 92.86164 0.00999999 100.2007 90.53812 0.00999999 99.94956 92.86386 0.00999999 100.2211 90.53591 0.00999999 100.7943 92.95848 0.00999999 101.0654 90.63439 0.00999999 100.8141 92.96073 0.00999999 101.0858 90.63214 0.00999999 101.93 90.73064 0.00999999 101.6589 93.05535 0.00999999 101.9504 90.72841 0.00999999 101.6787 93.05757 0.00999999 102.7947 90.82689 0.00999999 102.5235 93.15219 0.00999999 102.8151 90.82466 0.00999999 102.5433 93.15444 0.00999999 103.388 93.24906 0.00999999 103.6594 90.92314 0.00999999 103.4079 93.25128 0.00999999 103.6797 90.92092 0.00999999 104.2526 93.3459 0.00999999 104.524 91.01941 0.00999999 104.5444 91.01718 0.00999999 104.2725 93.34815 0.00999999 105.1172 93.44277 0.00999999 105.3887 91.11566 0.00999999 105.4091 91.11344 0.00999999 105.1371 93.44499 0.00999999 105.9818 93.53961 0.00999999 106.2533 91.21192 0.00999999 106.0017 93.54186 0.00999999 106.2737 91.20969 0.00999999 106.8464 93.63648 0.00999999 107.118 91.30818 0.00999999 106.8663 93.63871 0.00999999 107.1384 91.30596 0.00999999 107.9827 91.40444 0.00999999 107.711 93.73334 0.00999999 107.7308 93.73557 0.00999999 108.003 91.40219 0.00999999 108.5756 93.83019 0.00999999 108.8473 91.50069 0.00999999 108.5954 93.83242 0.00999999 108.8677 91.49846 0.00999999 109.4402 93.92705 0.00999999 109.712 91.59694 0.00999999 109.46 93.92928 0.00999999 109.7324 91.59471 0.00999999 110.3048 94.02391 0.00999999 110.5766 91.69319 0.00999999 110.3246 94.02613 0.00999999 110.597 91.69098 0.00999999 111.4413 91.78946 0.00999999 111.1693 94.12076 0.00999999 111.1892 94.12299 0.00999999 111.4617 91.78723 0.00999999 112.0339 94.21762 0.00999999 112.306 91.88571 0.00999999 112.3263 91.88349 0.00999999 112.0538 94.21985 0.00999999 112.8985 94.31449 0.00999999 113.1706 91.98198 0.00999999 112.9184 94.3167 0.00999999 113.191 91.97974 0.00999999 113.7631 94.41133 0.00999999 114.0353 92.07823 0.00999999 113.783 94.41356 0.00999999 114.0556 92.07601 0.00999999 114.6277 94.5082 0.00999999 114.8999 92.17449 0.00999999 114.6476 94.51041 0.00999999 114.9203 92.17226 0.00999999 115.4923 94.60504 0.00999999 115.7646 92.27074 0.00999999 115.5121 94.60727 0.00999999 115.785 92.26851 0.00999999 116.3569 94.70191 0.00999999 116.6292 92.36701 0.00999999 116.3767 94.70413 0.00999999 116.6496 92.36476 0.00999999 117.4939 92.46326 0.00999999 117.2215 94.79875 0.00999999 117.2413 94.80098 0.00999999 117.5143 92.46105 0.00999999 118.0861 94.89562 0.00999999 118.3586 92.55951 0.00999999 118.1059 94.89785 0.00999999 118.3789 92.55728 0.00999999 119.2232 92.65576 0.00999999 118.9506 94.99248 0.00999999 118.9705 94.99471 0.00999999 119.2436 92.65354 0.00999999 120.0879 92.75202 0.00999999 119.8152 95.08933 0.00999999 119.8351 95.09156 0.00999999 120.1083 92.7498 0.00999999 120.6798 95.18619 0.00999999 120.9525 92.84828 0.00999999 120.6997 95.18842 0.00999999 120.9729 92.84606 0.00999999 121.5444 95.28305 0.00999999 121.8172 92.94454 0.00999999 121.8376 92.94231 0.00999999 121.5643 95.28527 0.00999999 122.409 95.3799 0.00999999 122.6818 93.0408 0.00999999 122.4289 95.38211 0.00999999 122.7022 93.03858 0.00999999 123.2736 95.47676 0.00999999 123.5465 93.13706 0.00999999 123.5669 93.13483 0.00999999 123.2934 95.47898 0.00999999 124.4112 93.23331 0.00999999 124.1382 95.57361 0.00999999 124.4316 93.23108 0.00999999 124.158 95.57582 0.00999999 125.0028 95.67047 0.00999999 125.2758 93.32958 0.00999999 125.0226 95.67269 0.00999999 125.2962 93.32733 0.00999999 125.8673 95.76734 0.00999999 126.1405 93.42581 0.00999999 126.1609 93.42359 0.00999999 125.8872 95.76955 0.00999999 126.7319 95.86418 0.00999999 127.0051 93.52208 0.00999999 126.7518 95.8664 0.00999999 127.0255 93.51985 0.00999999 127.5965 95.96105 0.00999999 127.8698 93.61833 0.00999999 127.6164 95.96326 0.00999999 127.8902 93.61611 0.00999999 128.7345 93.71459 0.00999999 128.4611 96.05789 0.00999999 128.481 96.06012 0.00999999 128.7548 93.71237 0.00999999 129.3257 96.15476 0.00999999 129.5991 93.81085 0.00999999 129.6195 93.80863 0.00999999 129.3456 96.15699 0.00999999 130.1903 96.2516 0.00999999 130.4638 93.90711 0.00999999 130.2102 96.25383 0.00999999 130.4842 93.90486 0.00999999 131.0549 96.34847 0.00999999 131.3284 94.00336 0.00999999 131.0747 96.3507 0.00999999 131.3488 94.00113 0.00999999 131.9195 96.44532 0.00999999 132.1931 94.09963 0.00999999 132.2135 94.09738 0.00999999 131.9393 96.44754 0.00999999 132.7841 96.54218 0.00999999 133.0578 94.19586 0.00999999 133.0781 94.19365 0.00999999 132.8039 96.54441 0.00999999 133.6487 96.63904 0.00999999 133.9224 94.29213 0.00999999 133.6685 96.64125 0.00999999 133.9428 94.2899 0.00999999 134.5132 96.73589 0.00999999 134.7871 94.38838 0.00999999 134.8075 94.38616 0.00999999 134.5331 96.73812 0.00999999 135.3778 96.83274 0.00999999 135.6517 94.48465 0.00999999 135.3977 96.83496 0.00999999 135.6721 94.48242 0.00999999 136.2424 96.9296 0.00999999 136.5164 94.5809 0.00999999 136.5368 94.57868 0.00999999 136.2623 96.93183 0.00999999 137.107 97.02646 0.00999999 137.381 94.67716 0.00999999 137.4014 94.67493 0.00999999 137.1269 97.02867 0.00999999 137.9716 97.12331 0.00999999 138.2457 94.77341 0.00999999 137.9915 97.12554 0.00999999 138.2661 94.7712 0.00999999 138.8362 97.22017 0.00999999 139.1104 94.86968 0.00999999 138.856 97.2224 0.00999999 139.1307 94.86743 0.00999999 139.7008 97.31702 0.00999999 139.975 94.96593 0.00999999 139.7206 97.31925 0.00999999 139.9954 94.9637 0.00999999 140.8397 95.0622 0.00999999 140.5654 97.41388 0.00999999 140.5852 97.41611 0.00999999 140.8601 95.05995 0.00999999 141.7043 95.15843 0.00999999 141.43 97.51074 0.00999999 141.7247 95.15621 0.00999999 141.4498 97.51297 0.00999999 142.2945 97.60759 0.00999999 142.569 95.2547 0.00999999 142.5894 95.25247 0.00999999 142.3144 97.60982 0.00999999 143.4337 95.35095 0.00999999 143.1591 97.70446 0.00999999 143.179 97.70668 0.00999999 143.454 95.34873 0.00999999 144.0237 97.80132 0.00999999 144.2983 95.44721 0.00999999 144.3187 95.44498 0.00999999 144.0436 97.80353 0.00999999 144.8883 97.89817 0.00999999 145.163 95.54347 0.00999999 145.1834 95.54125 0.00999999 144.9082 97.90039 0.00999999 145.7529 97.99501 0.00999999 146.0276 95.63973 0.00999999 146.048 95.6375 0.00999999 145.7727 97.99726 0.00999999 146.6174 98.09226 0.00999999 146.8923 95.73598 0.00999999 146.147 98.03917 0.00999999 146.9127 95.73377 0.00999999 146.6373 98.09449 0.00999999 147.757 95.83225 0.00999999 147.482 98.18979 0.00999999 147.5018 98.19203 0.00999999 147.7773 95.83 0.00999999 148.6216 95.92848 0.00999999 148.3464 98.28733 0.00999999 148.642 95.92626 0.00999999 148.3663 98.28957 0.00999999 149.211 98.38488 0.00999999 149.4863 96.02475 0.00999999 149.2308 98.3871 0.00999999 149.5067 96.02252 0.00999999 150.0755 98.48239 0.00999999 150.3509 96.121 0.00999999 150.0953 98.48465 0.00999999 150.3713 96.11878 0.00999999 151.2156 96.21726 0.00999999 150.94 98.57994 0.00999999 150.9598 98.58219 0.00999999 151.236 96.21504 0.00999999 152.0802 96.31352 0.00999999 151.8045 98.67748 0.00999999 152.1006 96.3113 0.00999999 151.8244 98.67974 0.00999999 152.669 98.77503 0.00999999 152.9449 96.40978 0.00999999 152.6889 98.77725 0.00999999 152.9653 96.40755 0.00999999 153.5335 98.87256 0.00999999 153.8096 96.50605 0.00999999 153.83 96.5038 0.00999999 153.5534 98.8748 0.00999999 154.398 98.9701 0.00999999 154.6742 96.6023 0.00999999 154.6946 96.60005 0.00999999 154.4179 98.97232 0.00999999 155.5389 96.69855 0.00999999 155.2625 99.06764 0.00999999 155.5593 96.69632 0.00999999 155.2824 99.06987 0.00999999 156.127 99.16518 0.00999999 156.4035 96.7948 0.00999999 156.4239 96.79257 0.00999999 156.1469 99.16741 0.00999999 156.9915 99.26271 0.00999999 157.2682 96.89105 0.00999999 157.0114 99.26496 0.00999999 157.2886 96.88883 0.00999999 157.8561 99.36025 0.00999999 158.1329 96.98732 0.00999999 157.8759 99.36249 0.00999999 158.1532 96.98509 0.00999999 158.7206 99.4578 0.00999999 158.9975 97.08358 0.00999999 159.0179 97.08135 0.00999999 158.7404 99.46004 0.00999999 159.8622 97.17983 0.00999999 159.5851 99.55533 0.00999999 159.6049 99.55757 0.00999999 159.8826 97.1776 0.00999999 160.4496 99.65287 0.00999999 160.7268 97.27608 0.00999999 160.7472 97.27387 0.00999999 160.4695 99.65511 0.00999999 161.3141 99.7504 0.00999999 161.5915 97.37235 0.00999999 161.6119 97.37012 0.00999999 161.334 99.75266 0.00999999 162.1786 99.84793 0.00999999 162.4562 97.4686 0.00999999 162.1985 99.85019 0.00999999 162.4765 97.46637 0.00999999 163.0431 99.94548 0.00999999 163.3208 97.56487 0.00999999 163.2714 99.97126 0.00999999 163.0631 99.94695 0.00999999 163.3412 97.56262 0.00999999 164.1855 97.66112 0.00999999 163.9076 100.043 0.00999999 164.4758 100.1071 0.00999999 163.9277 100.0432 0.00999999 164.2059 97.65889 0.00999999 165.0501 97.75737 0.00999999 164.7721 100.1406 0.00999999 41.58066 86.40818 0.1 85.79988 91.27873 0.1 146.147 98.03917 0.1 187.2121 102.6723 0.1 196.7239 44.648 0.00999999 194.0554 44.9878 0.00999999 194.1312 44.34303 0.00999999 193.9099 47.75297 0.00999999 187.2684 102.6852 0.00999999 193.7327 47.73124 0.00999999 189.8228 102.932 0.00999999 193.9099 47.75297 0.04999995 193.4932 47.70189 0.04999995 193.0683 47.6088 0.04999995 193.2337 44.46508 0.04999995 194.0774 44.5685 0.04999995 193.4985 47.656 0.04999995 193.0477 47.60654 0.04999995 193.2126 44.47396 0.04999995 192.2035 47.5139 0.04999995 192.3689 44.37053 0.04999995 192.1829 47.51164 0.04999995 192.3477 44.37942 0.04999995 191.3387 47.419 0.04999995 191.504 44.27599 0.04999995 191.3181 47.41674 0.04999995 191.4829 44.28487 0.04999995 190.4738 47.3241 0.04999995 190.6392 44.18145 0.04999995 190.4532 47.32185 0.04999995 190.618 44.19033 0.04999995 189.609 47.22921 0.04999995 189.7743 44.0869 0.04999995 189.5884 47.22695 0.04999995 189.7532 44.09578 0.04999995 188.7442 47.13431 0.04999995 188.9095 43.99236 0.04999995 188.7236 47.13205 0.04999995 188.8883 44.00124 0.04999995 187.8793 47.03941 0.04999995 188.0447 43.89782 0.04999995 188.0235 43.9067 0.04999995 187.8588 47.03716 0.04999995 187.0145 46.94451 0.04999995 187.1798 43.80327 0.04999995 186.9939 46.94226 0.04999995 187.1586 43.81215 0.04999995 186.315 43.70873 0.04999995 186.1497 46.84962 0.04999995 186.1291 46.84736 0.04999995 186.2938 43.71761 0.04999995 185.4501 43.61418 0.04999995 185.2849 46.75472 0.04999995 185.2643 46.75246 0.04999995 185.4289 43.62307 0.04999995 184.5853 43.51964 0.04999995 184.42 46.65982 0.04999995 184.3994 46.65757 0.04999995 184.5641 43.52852 0.04999995 183.5552 46.56492 0.04999995 183.7204 43.4251 0.04999995 183.5346 46.56267 0.04999995 183.6992 43.43398 0.04999995 182.6904 46.47003 0.04999995 182.8556 43.33055 0.04999995 182.6698 46.46777 0.04999995 182.8344 43.33943 0.04999995 181.8255 46.37513 0.04999995 181.9907 43.23601 0.04999995 181.805 46.37287 0.04999995 181.9696 43.24489 0.04999995 181.1259 43.14146 0.04999995 180.9607 46.28023 0.04999995 180.9401 46.27797 0.04999995 181.1047 43.15035 0.04999995 180.261 43.04692 0.04999995 180.0959 46.18533 0.04999995 180.0753 46.18308 0.04999995 180.2399 43.0558 0.04999995 179.2311 46.09044 0.04999995 179.3962 42.95238 0.04999995 179.2105 46.08818 0.04999995 179.375 42.96126 0.04999995 178.3662 45.99554 0.04999995 178.5313 42.85783 0.04999995 178.3457 45.99328 0.04999995 178.5102 42.86671 0.04999995 177.6665 42.76329 0.04999995 177.5014 45.90064 0.04999995 177.4808 45.89838 0.04999995 177.6453 42.77217 0.04999995 176.6366 45.80574 0.04999995 176.8016 42.66874 0.04999995 176.616 45.80348 0.04999995 176.7805 42.67762 0.04999995 175.7717 45.71085 0.04999995 175.9368 42.5742 0.04999995 175.7512 45.70859 0.04999995 175.9156 42.58308 0.04999995 174.9069 45.61595 0.04999995 175.0719 42.47965 0.04999995 174.8863 45.61369 0.04999995 175.0508 42.48854 0.04999995 174.2071 42.38511 0.04999995 174.0421 45.52105 0.04999995 174.0215 45.51879 0.04999995 174.1859 42.39399 0.04999995 173.1772 45.42615 0.04999995 173.3422 42.29057 0.04999995 173.1567 45.42389 0.04999995 173.3211 42.29945 0.04999995 172.4774 42.19603 0.04999995 172.3124 45.33126 0.04999995 172.2918 45.329 0.04999995 172.4562 42.20491 0.04999995 171.6125 42.10148 0.04999995 171.4476 45.23636 0.04999995 171.427 45.2341 0.04999995 171.5914 42.11036 0.04999995 170.7477 42.00694 0.04999995 170.5828 45.14146 0.04999995 170.5622 45.1392 0.04999995 170.7265 42.01582 0.04999995 169.8828 41.91239 0.04999995 169.7179 45.04656 0.04999995 169.6974 45.0443 0.04999995 169.8617 41.92127 0.04999995 169.018 41.81785 0.04999995 168.8531 44.95166 0.04999995 168.8325 44.94941 0.04999995 168.9968 41.82673 0.04999995 167.9883 44.85677 0.04999995 168.1532 41.7233 0.04999995 167.9677 44.85451 0.04999995 168.132 41.73219 0.04999995 167.2883 41.62876 0.04999995 167.1235 44.76187 0.04999995 167.1029 44.75961 0.04999995 167.2671 41.63764 0.04999995 166.4234 41.53422 0.04999995 166.2586 44.66697 0.04999995 166.4023 41.5431 0.04999995 166.238 44.66471 0.04999995 165.5586 41.43967 0.04999995 165.3938 44.57207 0.04999995 165.3732 44.56982 0.04999995 165.5374 41.44855 0.04999995 164.529 44.47718 0.04999995 164.6938 41.34513 0.04999995 164.5084 44.47492 0.04999995 164.6726 41.35401 0.04999995 163.8289 41.25058 0.04999995 163.6641 44.38228 0.04999995 163.8077 41.25947 0.04999995 163.6436 44.38002 0.04999995 162.7993 44.28738 0.04999995 162.9641 41.15604 0.04999995 162.7787 44.28512 0.04999995 162.9429 41.16492 0.04999995 162.0992 41.0615 0.04999995 161.9345 44.19248 0.04999995 161.9139 44.19023 0.04999995 162.0781 41.07038 0.04999995 161.0696 44.09758 0.04999995 161.2344 40.96695 0.04999995 161.0491 44.09533 0.04999995 161.2132 40.97583 0.04999995 160.3695 40.87241 0.04999995 160.2048 44.00269 0.04999995 160.1842 44.00043 0.04999995 160.3484 40.88129 0.04999995 159.34 43.90779 0.04999995 159.5047 40.77787 0.04999995 159.3194 43.90553 0.04999995 159.4835 40.78675 0.04999995 158.6398 40.68332 0.04999995 158.4752 43.81289 0.04999995 158.4546 43.81064 0.04999995 158.6187 40.6922 0.04999995 157.6103 43.71799 0.04999995 157.775 40.58878 0.04999995 157.5897 43.71574 0.04999995 157.7538 40.59766 0.04999995 156.9101 40.49423 0.04999995 156.7455 43.6231 0.04999995 156.7249 43.62084 0.04999995 156.889 40.50312 0.04999995 156.0453 40.39969 0.04999995 155.8807 43.5282 0.04999995 155.8601 43.52594 0.04999995 156.0241 40.40857 0.04999995 155.1804 40.30515 0.04999995 155.0158 43.4333 0.04999995 154.9953 43.43105 0.04999995 155.1593 40.31403 0.04999995 154.3156 40.2106 0.04999995 154.151 43.3384 0.04999995 154.1304 43.33615 0.04999995 154.2944 40.21948 0.04999995 153.4507 40.11606 0.04999995 153.2862 43.24351 0.04999995 153.2656 43.24125 0.04999995 153.4296 40.12494 0.04999995 152.4214 43.14861 0.04999995 152.5859 40.02151 0.04999995 152.4008 43.14635 0.04999995 152.5647 40.0304 0.04999995 151.721 39.92697 0.04999995 151.5565 43.05371 0.04999995 151.536 43.05146 0.04999995 151.6999 39.93585 0.04999995 150.8562 39.83242 0.04999995 150.6917 42.95882 0.04999995 150.6711 42.95656 0.04999995 150.835 39.84131 0.04999995 149.8269 42.86392 0.04999995 149.9914 39.73788 0.04999995 149.8063 42.86166 0.04999995 149.9702 39.74676 0.04999995 149.1265 39.64334 0.04999995 148.962 42.76902 0.04999995 148.9415 42.76676 0.04999995 149.1053 39.65222 0.04999995 148.0972 42.67412 0.04999995 148.2617 39.5488 0.04999995 148.0766 42.67187 0.04999995 148.2405 39.55767 0.04999995 147.2324 42.57923 0.04999995 147.3968 39.45425 0.04999995 147.2118 42.57697 0.04999995 147.3757 39.46313 0.04999995 146.3675 42.48433 0.04999995 146.532 39.35971 0.04999995 146.347 42.48207 0.04999995 146.5108 39.36859 0.04999995 145.5027 42.38943 0.04999995 145.6671 39.26516 0.04999995 145.4821 42.38717 0.04999995 145.6459 39.27405 0.04999995 144.6379 42.29453 0.04999995 144.8023 39.17062 0.04999995 144.6173 42.29227 0.04999995 144.7811 39.1795 0.04999995 143.9374 39.07607 0.04999995 143.7731 42.19964 0.04999995 143.7525 42.19738 0.04999995 143.9163 39.08496 0.04999995 142.9082 42.10474 0.04999995 143.0726 38.98153 0.04999995 142.8877 42.10248 0.04999995 143.0514 38.99041 0.04999995 142.0434 42.00984 0.04999995 142.2077 38.88699 0.04999995 142.0228 42.00758 0.04999995 142.1866 38.89587 0.04999995 141.1786 41.91494 0.04999995 141.3429 38.79244 0.04999995 141.158 41.91268 0.04999995 141.3217 38.80132 0.04999995 140.478 38.6979 0.04999995 140.3137 41.82004 0.04999995 140.2932 41.81778 0.04999995 140.4569 38.70678 0.04999995 139.4489 41.72515 0.04999995 139.6132 38.60335 0.04999995 139.4283 41.72289 0.04999995 139.592 38.61224 0.04999995 138.5841 41.63025 0.04999995 138.7483 38.50881 0.04999995 138.5635 41.62799 0.04999995 138.7272 38.51769 0.04999995 137.7193 41.53535 0.04999995 137.8835 38.41427 0.04999995 137.6987 41.53309 0.04999995 137.8623 38.42315 0.04999995 136.8543 41.44214 0.04999995 137.0186 38.31972 0.04999995 137.6711 41.53006 0.04999995 136.8338 41.43992 0.04999995 136.9975 38.3286 0.04999995 135.9894 41.34903 0.04999995 136.1538 38.22518 0.04999995 135.9688 41.34681 0.04999995 136.1326 38.23406 0.04999995 135.1245 41.25591 0.04999995 135.2889 38.13064 0.04999995 135.2678 38.13952 0.04999995 135.1039 41.2537 0.04999995 134.2596 41.1628 0.04999995 134.4241 38.03609 0.04999995 134.239 41.16058 0.04999995 134.4029 38.04497 0.04999995 133.5592 37.94155 0.04999995 133.3947 41.06969 0.04999995 133.3741 41.06747 0.04999995 133.5381 37.95043 0.04999995 132.5297 40.97658 0.04999995 132.6944 37.847 0.04999995 132.5092 40.97436 0.04999995 132.6732 37.85589 0.04999995 131.8296 37.75246 0.04999995 131.6648 40.88346 0.04999995 131.8084 37.76134 0.04999995 131.6442 40.88125 0.04999995 130.9647 37.65792 0.04999995 130.7999 40.79035 0.04999995 130.7793 40.78814 0.04999995 130.9435 37.6668 0.04999995 130.0999 37.56337 0.04999995 129.935 40.69724 0.04999995 129.9144 40.69502 0.04999995 130.0787 37.57225 0.04999995 129.235 37.46883 0.04999995 129.07 40.60413 0.04999995 129.0495 40.60191 0.04999995 129.2138 37.47771 0.04999995 128.3702 37.37428 0.04999995 128.2051 40.51101 0.04999995 128.1845 40.5088 0.04999995 128.349 37.38317 0.04999995 127.5053 37.27974 0.04999995 127.3402 40.4179 0.04999995 127.3196 40.41569 0.04999995 127.4842 37.28862 0.04999995 126.6405 37.18519 0.04999995 126.4753 40.32479 0.04999995 126.4547 40.32257 0.04999995 126.6193 37.19408 0.04999995 125.7756 37.09065 0.04999995 125.6103 40.23167 0.04999995 125.5898 40.22946 0.04999995 125.7545 37.09953 0.04999995 124.9108 36.99611 0.04999995 124.7454 40.13857 0.04999995 124.8896 37.00499 0.04999995 124.7248 40.13635 0.04999995 124.0459 36.90157 0.04999995 123.8805 40.04545 0.04999995 123.8599 40.04324 0.04999995 124.0248 36.91044 0.04999995 123.1811 36.80702 0.04999995 123.0156 39.95234 0.04999995 123.1599 36.8159 0.04999995 122.995 39.95012 0.04999995 122.3162 36.71248 0.04999995 122.1507 39.85923 0.04999995 122.2951 36.72136 0.04999995 122.1301 39.85701 0.04999995 121.4514 36.61793 0.04999995 121.2857 39.76611 0.04999995 121.2651 39.7639 0.04999995 121.4302 36.62682 0.04999995 120.5865 36.52339 0.04999995 120.4208 39.673 0.04999995 120.4002 39.67078 0.04999995 120.5654 36.53227 0.04999995 119.7217 36.42884 0.04999995 119.5559 39.57989 0.04999995 119.5353 39.57767 0.04999995 119.7005 36.43773 0.04999995 118.8568 36.3343 0.04999995 118.691 39.48678 0.04999995 118.6704 39.48456 0.04999995 118.8357 36.34318 0.04999995 117.992 36.23976 0.04999995 117.826 39.39366 0.04999995 117.9708 36.24864 0.04999995 117.8055 39.39145 0.04999995 117.1271 36.14521 0.04999995 116.9611 39.30055 0.04999995 116.9405 39.29833 0.04999995 117.106 36.15409 0.04999995 116.2623 36.05067 0.04999995 116.0962 39.20744 0.04999995 116.0756 39.20522 0.04999995 116.2411 36.05955 0.04999995 115.3974 35.95612 0.04999995 115.2313 39.11433 0.04999995 115.2107 39.11211 0.04999995 115.3763 35.96501 0.04999995 114.5326 35.86158 0.04999995 114.3663 39.02121 0.04999995 114.3458 39.019 0.04999995 114.5114 35.87046 0.04999995 113.6678 35.76704 0.04999995 113.5014 38.9281 0.04999995 113.4808 38.92589 0.04999995 113.6466 35.77592 0.04999995 112.8029 35.67249 0.04999995 112.6365 38.83499 0.04999995 112.6159 38.83277 0.04999995 112.7817 35.68137 0.04999995 111.9381 35.57795 0.04999995 111.7716 38.74188 0.04999995 111.751 38.73966 0.04999995 111.9169 35.58683 0.04999995 111.0732 35.48341 0.04999995 110.9067 38.64876 0.04999995 110.8861 38.64655 0.04999995 111.052 35.49229 0.04999995 110.2084 35.38886 0.04999995 110.0417 38.55565 0.04999995 110.0212 38.55344 0.04999995 110.1872 35.39774 0.04999995 109.3435 35.29432 0.04999995 109.1768 38.46254 0.04999995 109.1562 38.46032 0.04999995 109.3223 35.3032 0.04999995 108.4787 35.19977 0.04999995 108.3119 38.36942 0.04999995 108.2913 38.36721 0.04999995 108.4575 35.20865 0.04999995 107.6138 35.10523 0.04999995 107.447 38.27631 0.04999995 107.5927 35.11411 0.04999995 107.4264 38.2741 0.04999995 106.749 35.01069 0.04999995 106.582 38.1832 0.04999995 106.5615 38.18099 0.04999995 106.7278 35.01957 0.04999995 105.8841 34.91614 0.04999995 105.7171 38.09009 0.04999995 105.6965 38.08787 0.04999995 105.863 34.92502 0.04999995 105.0193 34.8216 0.04999995 104.8522 37.99698 0.04999995 104.8316 37.99476 0.04999995 104.9981 34.83048 0.04999995 104.1544 34.72705 0.04999995 103.9873 37.90386 0.04999995 103.9667 37.90165 0.04999995 104.1333 34.73594 0.04999995 103.2896 34.63251 0.04999995 103.1223 37.81075 0.04999995 103.1018 37.80853 0.04999995 103.2684 34.64139 0.04999995 102.4247 34.53796 0.04999995 102.2574 37.71764 0.04999995 102.2368 37.71542 0.04999995 102.4036 34.54685 0.04999995 101.5599 34.44342 0.04999995 101.3925 37.62453 0.04999995 101.3719 37.62231 0.04999995 101.5387 34.4523 0.04999995 100.695 34.34888 0.04999995 100.5276 37.53141 0.04999995 100.507 37.5292 0.04999995 100.6739 34.35776 0.04999995 99.8302 34.25433 0.04999995 99.66265 37.4383 0.04999995 99.80903 34.26321 0.04999995 99.64208 37.43608 0.04999995 98.96534 34.15979 0.04999995 98.79779 37.34426 0.04999995 98.86058 37.35195 0.04999995 98.77716 37.34297 0.04999995 98.94419 34.16867 0.04999995 98.1005 34.06524 0.04999995 97.93293 37.24971 0.04999995 98.09213 37.26923 0.04999995 97.91223 37.24986 0.04999995 98.07933 34.07413 0.04999995 97.06809 37.15517 0.04999995 97.23565 33.9707 0.04999995 97.32367 37.1865 0.04999995 97.04731 37.15675 0.04999995 97.21449 33.97958 0.04999995 96.20324 37.06062 0.04999995 96.37081 33.87616 0.04999995 96.55522 37.10377 0.04999995 96.18238 37.06364 0.04999995 96.34964 33.88504 0.04999995 95.3384 36.96608 0.04999995 95.50595 33.78161 0.04999995 95.78677 37.02105 0.04999995 95.31746 36.97052 0.04999995 95.4848 33.79049 0.04999995 94.64112 33.68707 0.04999995 94.47354 36.87153 0.04999995 95.01831 36.93832 0.04999995 94.45255 36.87741 0.04999995 94.61994 33.69595 0.04999995 93.77626 33.59253 0.04999995 93.6087 36.77699 0.04999995 94.24987 36.85559 0.04999995 93.58762 36.7843 0.04999995 93.75509 33.60141 0.04999995 92.91142 33.49798 0.04999995 92.74385 36.68245 0.04999995 93.4814 36.77286 0.04999995 92.7227 36.69119 0.04999995 92.89025 33.50686 0.04999995 92.04656 33.40344 0.04999995 91.87901 36.5879 0.04999995 92.71295 36.69014 0.04999995 193.4985 47.656 0.1 189.8228 79.53578 0.1 137.6711 41.53006 0.1 85.57882 35.92212 0.1 -0.8023836 21.87013 0.04999995 0.1546585 0.172025 0.1 -0.8087835 22.01523 0.04999995 -0.8079422 21.99616 0.04999995 -0.8471201 22.88439 0.04999995 -0.8462781 22.86532 0.04999995 -0.885456 23.75355 0.04999995 -0.884614 23.73447 0.04999995 -0.92295 24.60363 0.04999995 -0.923792 24.6227 0.04999995 -0.935662 24.89182 0.1 -0.935662 24.89182 0.04999995 41.15325 89.95662 0.1 38.69129 89.58409 0.1 39.85111 79.99748 0.1 42.33212 80.31865 0.1 41.89222 83.89533 0.1 86.00997 88.79677 0.1 146.9024 95.61513 0.1 187.5136 100.1904 0.1 2.990738 26.92692 0.1 0.3959051 83.21813 0.1 -3.626423 83.02358 0.1 -0.9625501 25.47273 0.04999995 -0.963433 25.4918 0.04999995 -1.002777 26.3418 0.04999995 -1.00366 26.36087 0.04999995 -1.043004 27.21087 0.04999995 -1.043887 27.22994 0.04999995 -1.084114 28.09901 0.04999995 -1.083231 28.07994 0.04999995 -1.123458 28.949 0.04999995 -1.124341 28.96808 0.04999995 -1.163685 29.81807 0.04999995 -1.164567 29.83715 0.04999995 -1.204794 30.70622 0.04999995 -1.203911 30.68714 0.04999995 -1.244138 31.55621 0.04999995 -1.245021 31.57529 0.04999995 -1.284365 32.42528 0.04999995 -1.285248 32.44436 0.04999995 -1.325475 33.31342 0.04999995 -1.324592 33.29435 0.04999995 -1.365702 34.18249 0.04999995 -1.364819 34.16342 0.04999995 -1.405046 35.03249 0.04999995 -1.405929 35.05157 0.04999995 -1.446156 35.92064 0.04999995 -1.445273 35.90156 0.04999995 -1.4855 36.77063 0.04999995 -1.486382 36.7897 0.04999995 -1.525726 37.6397 0.04999995 -1.526609 37.65877 0.04999995 -1.566836 38.52784 0.04999995 -1.565953 38.50877 0.04999995 -1.607063 39.39691 0.04999995 -1.60618 39.37784 0.04999995 -1.646407 40.24691 0.04999995 -1.64729 40.26598 0.04999995 -1.687517 41.13505 0.04999995 -1.686634 41.11598 0.04999995 -1.727744 42.00412 0.04999995 -1.726861 41.98505 0.04999995 -1.76797 42.87319 0.04999995 -1.767088 42.85412 0.04999995 -1.808197 43.74226 0.04999995 -1.807314 43.72319 0.04999995 -1.848424 44.61133 0.04999995 -1.847541 44.59226 0.04999995 -1.888651 45.4804 0.04999995 -1.887768 45.46133 0.04999995 -1.927995 46.33039 0.04999995 -1.928878 46.34947 0.04999995 -1.969105 47.21854 0.04999995 -1.968222 47.19946 0.04999995 -2.009332 48.08761 0.04999995 -2.008449 48.06853 0.04999995 -2.048676 48.9376 0.04999995 -2.049558 48.95668 0.04999995 -2.089785 49.82574 0.04999995 -2.088902 49.80667 0.04999995 -2.130012 50.69482 0.04999995 -2.129129 50.67574 0.04999995 -2.170239 51.56389 0.04999995 -2.169356 51.54481 0.04999995 -2.209583 52.41388 0.04999995 -2.210466 52.43296 0.04999995 -2.24981 53.28295 0.04999995 -2.250693 53.30203 0.04999995 -2.290037 54.15202 0.04999995 -2.29092 54.17109 0.04999995 -2.331147 55.04016 0.04999995 -2.330264 55.02109 0.04999995 -2.371373 55.90923 0.04999995 -2.370491 55.89016 0.04999995 -2.4116 56.7783 0.04999995 -2.410717 56.75923 0.04999995 -2.450944 57.6283 0.04999995 -2.451827 57.64737 0.04999995 -2.492054 58.51644 0.04999995 -2.491171 58.49737 0.04999995 -2.531398 59.36644 0.04999995 -2.532281 59.38551 0.04999995 -2.572508 60.25458 0.04999995 -2.571625 60.23551 0.04999995 -2.612734 61.12365 0.04999995 -2.611852 61.10458 0.04999995 -2.652078 61.97365 0.04999995 -2.652962 61.99272 0.04999995 -2.693188 62.86179 0.04999995 -2.692306 62.84272 0.04999995 -2.733415 63.73086 0.04999995 -2.732532 63.71178 0.04999995 -2.773642 64.59993 0.04999995 -2.772759 64.58084 0.04999995 -2.813869 65.469 0.04999995 -2.812986 65.44992 0.04999995 -2.854096 66.33808 0.04999995 -2.853213 66.31899 0.04999995 -2.894323 67.20714 0.04999995 -2.89344 67.18807 0.04999995 -2.934549 68.07621 0.04999995 -2.933667 68.05713 0.04999995 -2.973893 68.9262 0.04999995 -2.974776 68.94527 0.04999995 -3.015003 69.81433 0.04999995 -3.01412 69.79528 0.04999995 -3.05523 70.68341 0.04999995 -3.054347 70.66434 0.04999995 -3.094574 71.5334 0.04999995 -3.095457 71.55248 0.04999995 -3.135684 72.42156 0.04999995 -3.134801 72.40248 0.04999995 -3.175028 73.27155 0.04999995 -3.175911 73.29062 0.04999995 -3.215255 74.14063 0.04999995 -3.216138 74.15969 0.04999995 -3.256364 75.02877 0.04999995 -3.255482 75.00969 0.04999995 -3.295708 75.87876 0.04999995 -3.296591 75.89783 0.04999995 -3.336818 76.76689 0.04999995 -3.335935 76.74784 0.04999995 -3.376162 77.6169 0.04999995 -3.377045 77.63597 0.04999995 -3.417272 78.50504 0.04999995 -3.416389 78.48596 0.04999995 -3.457499 79.37412 0.04999995 -3.456616 79.35504 0.04999995 -3.497726 80.24318 0.04999995 -3.496843 80.22411 0.04999995 -3.537953 81.11225 0.04999995 -3.53707 81.09319 0.04999995 -3.578179 81.98133 0.04999995 -3.577297 81.96224 0.04999995 -3.617523 82.83132 0.04999995 4.16704 0.3157226 0.1 3.089817 23.58365 0.1 86.27098 32.6769 0.1 141.8481 38.68343 0.1 193.8242 44.39462 0.1 193.8242 44.11587 0.1 3.38192 23.33534 0.1 4.380896 0.1890763 0.1 0 0 0.1 -3.721246 83.11888 0.1 0.516431 83.26187 0.1 3.092696 27.04215 0.1 192.9043 47.97755 0.1 187.4555 100.0673 0.1 41.94846 83.86894 0.1 42.36777 80.27437 0.1 39.82586 79.96683 0.1 38.6452 89.63404 0.1 41.19033 90.00664 0.1 41.64361 86.48229 0.1 187.2121 102.7186 0.1 0.2331305 82.15737 0.04999995 0.1938696 83.00736 0.04999995 0.2732726 81.28829 0.04999995 0.2340115 82.13829 0.04999995 0.3134145 80.41921 0.04999995 0.2741536 81.26921 0.04999995 0.3535565 79.55014 0.04999995 0.3142955 80.40013 0.04999995 0.3936985 78.68106 0.04999995 0.3544375 79.53107 0.04999995 0.4338404 77.81198 0.04999995 0.3945794 78.66199 0.04999995 0.4739824 76.94292 0.04999995 0.4347214 77.79293 0.04999995 0.5141243 76.07384 0.04999995 0.4748634 76.92385 0.04999995 0.5542663 75.20478 0.04999995 0.5150053 76.05477 0.04999995 0.5944083 74.3357 0.04999995 0.5551473 75.1857 0.04999995 0.6345502 73.46662 0.04999995 0.5952892 74.31662 0.04999995 0.6746922 72.59755 0.04999995 0.6354312 73.44756 0.04999995 0.7148342 71.72849 0.04999995 0.6755732 72.57848 0.04999995 0.7549761 70.85941 0.04999995 0.7157151 71.70941 0.04999995 0.795118 69.99033 0.04999995 0.7558571 70.84033 0.04999995 0.83526 69.12126 0.04999995 0.795999 69.97126 0.04999995 0.875402 68.25218 0.04999995 0.836141 69.10219 0.04999995 0.9155439 67.38311 0.04999995 0.876283 68.23311 0.04999995 0.9556859 66.51404 0.04999995 0.9164249 67.36405 0.04999995 0.9958279 65.64496 0.04999995 0.9565669 66.49497 0.04999995 1.03597 64.7759 0.04999995 0.9967089 65.62589 0.04999995 1.076112 63.90682 0.04999995 1.036851 64.75682 0.04999995 1.116254 63.03774 0.04999995 1.076993 63.88774 0.04999995 1.156396 62.16867 0.04999995 1.117135 63.01867 0.04999995 1.196538 61.2996 0.04999995 1.157277 62.1496 0.04999995 1.23668 60.43053 0.04999995 1.197419 61.28053 0.04999995 1.276822 59.56145 0.04999995 1.237561 60.41145 0.04999995 1.316963 58.69238 0.04999995 1.277703 59.54238 0.04999995 1.357105 57.8233 0.04999995 1.317844 58.6733 0.04999995 1.397247 56.95423 0.04999995 1.357986 57.80423 0.04999995 1.437389 56.08516 0.04999995 1.398128 56.93516 0.04999995 1.477531 55.21608 0.04999995 1.43827 56.06608 0.04999995 1.517673 54.34701 0.04999995 1.478412 55.19701 0.04999995 1.557815 53.47794 0.04999995 1.518554 54.32794 0.04999995 1.597957 52.60886 0.04999995 1.558696 53.45886 0.04999995 1.638099 51.73979 0.04999995 1.598838 52.58979 0.04999995 1.678241 50.87072 0.04999995 1.63898 51.72072 0.04999995 1.718383 50.00164 0.04999995 1.679122 50.85164 0.04999995 1.758525 49.13257 0.04999995 1.719264 49.98257 0.04999995 1.798667 48.26349 0.04999995 1.759406 49.11349 0.04999995 1.838809 47.39442 0.04999995 1.799548 48.24442 0.04999995 1.878951 46.52535 0.04999995 1.83969 47.37535 0.04999995 1.919093 45.65628 0.04999995 1.879832 46.50628 0.04999995 1.959235 44.7872 0.04999995 1.919974 45.6372 0.04999995 1.999377 43.91813 0.04999995 1.960116 44.76813 0.04999995 2.039519 43.04906 0.04999995 2.000258 43.89906 0.04999995 2.079661 42.17998 0.04999995 2.0404 43.02998 0.04999995 2.119803 41.31091 0.04999995 2.080542 42.16091 0.04999995 2.159945 40.44183 0.04999995 2.120684 41.29183 0.04999995 2.200087 39.57276 0.04999995 2.160826 40.42276 0.04999995 2.240229 38.70369 0.04999995 2.200968 39.55369 0.04999995 2.28037 37.83462 0.04999995 2.241109 38.68462 0.04999995 2.320513 36.96554 0.04999995 2.281252 37.81554 0.04999995 2.360654 36.09647 0.04999995 2.321393 36.94647 0.04999995 2.400797 35.22739 0.04999995 2.361536 36.07739 0.04999995 2.440938 34.35832 0.04999995 2.401677 35.20832 0.04999995 2.48108 33.48925 0.04999995 2.441819 34.33925 0.04999995 2.521222 32.62017 0.04999995 2.481961 33.47017 0.04999995 2.561364 31.7511 0.04999995 2.522103 32.6011 0.04999995 2.601506 30.88203 0.04999995 2.562245 31.73203 0.04999995 2.641648 30.01295 0.04999995 2.602387 30.86295 0.04999995 2.68179 29.14388 0.04999995 2.642529 29.99388 0.04999995 2.721932 28.27481 0.04999995 2.682671 29.12481 0.04999995 2.762074 27.40574 0.04999995 2.722813 28.25574 0.04999995 2.802216 26.53666 0.04999995 2.762955 27.38666 0.04999995 2.842358 25.66759 0.04999995 2.803097 26.51759 0.04999995 2.843239 25.64851 0.04999995 2.8825 24.79851 0.04999995 2.922642 23.92944 0.04999995 2.883381 24.77944 0.04999995 2.962784 23.06037 0.04999995 2.923523 23.91037 0.04999995 3.002926 22.19129 0.04999995 2.963665 23.04129 0.04999995 -0.7689431 21.14615 0.04999995 3.043068 21.32222 0.04999995 3.003807 22.17222 0.04999995 3.832104 23.75996 0 3.664543 26.94442 0.04999995 3.664543 26.94442 0 3.832104 23.75996 0.04999995 4.508227 27.04785 0 4.508227 27.04785 0.04999995 4.675788 23.86338 0 4.675788 23.86338 0.04999995 4.696952 23.8545 0.04999995 4.52939 27.03897 0 4.696952 23.8545 0 4.52939 27.03897 0.04999995 5.373075 27.14239 0.04999995 5.373075 27.14239 0 5.540636 23.95792 0.04999995 5.540636 23.95792 0 5.561799 23.94904 0.04999995 5.394238 27.13351 0 5.561799 23.94904 0 5.394238 27.13351 0.04999995 6.237923 27.23694 0.04999995 6.237923 27.23694 0 6.405483 24.05247 0.04999995 6.405483 24.05247 0 6.426647 24.04359 0.04999995 6.259086 27.22805 0 6.426647 24.04359 0 6.259086 27.22805 0.04999995 7.10277 27.33148 0.04999995 7.10277 27.33148 0 7.270331 24.14701 0.04999995 7.270331 24.14701 0 7.291495 24.13813 0 7.123933 27.3226 0.04999995 7.123933 27.3226 0 7.291495 24.13813 0.04999995 7.967618 27.42602 0.04999995 7.967618 27.42602 0 8.13518 24.24156 0.04999995 8.13518 24.24156 0 8.156342 24.23268 0 7.988781 27.41714 0.04999995 7.988781 27.41714 0 8.156342 24.23268 0.04999995 8.832468 27.52057 0.04999995 8.832468 27.52057 0 9.000026 24.3361 0.04999995 9.000026 24.3361 0 9.021189 24.32722 0 8.853631 27.51169 0.04999995 8.853631 27.51169 0 9.021189 24.32722 0.04999995 9.697313 27.61511 0 9.697313 27.61511 0.04999995 9.864874 24.43065 0.04999995 9.864874 24.43065 0 9.886037 24.42176 0 9.718479 27.60623 0.04999995 9.718479 27.60623 0 9.886037 24.42176 0.04999995 10.56216 27.70965 0.04999995 10.56216 27.70965 0 10.72972 24.52519 0.04999995 10.72972 24.52519 0 10.75088 24.51631 0.04999995 10.58332 27.70077 0 10.75088 24.51631 0 10.58332 27.70077 0.04999995 11.42701 27.8042 0 11.42701 27.8042 0.04999995 11.59457 24.61973 0.04999995 11.59457 24.61973 0 11.61573 24.61085 0.04999995 11.44817 27.79532 0 11.61573 24.61085 0 11.44817 27.79532 0.04999995 12.29185 27.89874 0 12.29185 27.89874 0.04999995 12.45941 24.71428 0.04999995 12.45941 24.71428 0 12.48058 24.7054 0.04999995 12.31302 27.88986 0 12.48058 24.7054 0 12.31302 27.88986 0.04999995 13.1567 27.99329 0 13.1567 27.99329 0.04999995 13.32426 24.80882 0.04999995 13.32426 24.80882 0 13.34542 24.79994 0.04999995 13.17786 27.98441 0 13.34542 24.79994 0 13.17786 27.98441 0.04999995 14.02155 28.08783 0 14.02155 28.08783 0.04999995 14.18911 24.90336 0 14.18911 24.90336 0.04999995 14.21027 24.89448 0.04999995 14.04271 28.07895 0 14.21027 24.89448 0 14.04271 28.07895 0.04999995 14.8864 28.18238 0 14.8864 28.18238 0.04999995 15.05396 24.99791 0 15.05396 24.99791 0.04999995 15.07512 24.98903 0.04999995 14.90756 28.17349 0 15.07512 24.98903 0 14.90756 28.17349 0.04999995 15.75124 28.27692 0 15.75124 28.27692 0.04999995 15.9188 25.09245 0 15.9188 25.09245 0.04999995 15.93997 25.08357 0.04999995 15.77241 28.26804 0 15.93997 25.08357 0 15.77241 28.26804 0.04999995 16.61609 28.37146 0 16.61609 28.37146 0.04999995 16.78365 25.187 0.04999995 16.78365 25.187 0 16.80482 25.17812 0.04999995 16.63725 28.36258 0 16.80482 25.17812 0 16.63725 28.36258 0.04999995 17.48094 28.46601 0.04999995 17.48094 28.46601 0 17.6485 25.28154 0 17.6485 25.28154 0.04999995 17.66966 25.27266 0.04999995 17.5021 28.45713 0 17.66966 25.27266 0 17.5021 28.45713 0.04999995 18.34579 28.56055 0.04999995 18.34579 28.56055 0 18.51335 25.37608 0.04999995 18.51335 25.37608 0 18.53451 25.3672 0.04999995 18.36695 28.55167 0 18.53451 25.3672 0 18.36695 28.55167 0.04999995 19.21063 28.65509 0.04999995 19.21063 28.65509 0 19.37819 25.47063 0 19.37819 25.47063 0.04999995 19.39936 25.46175 0.04999995 19.2318 28.64621 0 19.39936 25.46175 0 19.2318 28.64621 0.04999995 20.07548 28.74964 0.04999995 20.07548 28.74964 0 20.24304 25.56517 0 20.24304 25.56517 0.04999995 20.26421 25.55629 0.04999995 20.09665 28.74076 0 20.26421 25.55629 0 20.09665 28.74076 0.04999995 20.94033 28.84418 0 20.94033 28.84418 0.04999995 21.10789 25.65972 0 21.10789 25.65972 0.04999995 21.12905 25.65083 0.04999995 20.96149 28.8353 0 21.12905 25.65083 0 20.96149 28.8353 0.04999995 21.80518 28.93873 0 21.80518 28.93873 0.04999995 21.97274 25.75426 0 21.97274 25.75426 0.04999995 21.9939 25.74538 0.04999995 21.82634 28.92984 0 21.9939 25.74538 0 21.82634 28.92984 0.04999995 22.67002 29.03327 0 22.67002 29.03327 0.04999995 22.83758 25.8488 0 22.83758 25.8488 0.04999995 22.85875 25.83992 0.04999995 22.69119 29.02439 0 22.85875 25.83992 0 22.69119 29.02439 0.04999995 23.53487 29.12781 0.04999995 23.53487 29.12781 0 23.70243 25.94335 0 23.70243 25.94335 0.04999995 23.7236 25.93447 0.04999995 23.55604 29.11893 0 23.7236 25.93447 0 23.55604 29.11893 0.04999995 24.39972 29.22236 0.04999995 24.39972 29.22236 0 24.56728 26.03789 0.04999995 24.56728 26.03789 0 24.58844 26.02901 0.04999995 24.42088 29.21348 0 24.58844 26.02901 0 24.42088 29.21348 0.04999995 25.26457 29.3169 0.04999995 25.26457 29.3169 0 25.43213 26.13244 0 25.43213 26.13244 0.04999995 25.45329 26.12356 0.04999995 25.28573 29.30802 0 25.45329 26.12356 0 25.28573 29.30802 0.04999995 26.12941 29.41145 0.04999995 26.12941 29.41145 0 26.29698 26.22698 0 26.29698 26.22698 0.04999995 26.31814 26.2181 0.04999995 26.15058 29.40257 0 26.31814 26.2181 0 26.15058 29.40257 0.04999995 26.99426 29.50599 0.04999995 26.99426 29.50599 0 27.16182 26.32152 0.04999995 27.16182 26.32152 0 27.18299 26.31264 0.04999995 27.01543 29.49711 0 27.18299 26.31264 0 27.01543 29.49711 0.04999995 27.85911 29.60053 0.04999995 27.85911 29.60053 0 28.02667 26.41607 0.04999995 28.02667 26.41607 0 28.04783 26.40719 0.04999995 27.88027 29.59165 0 28.04783 26.40719 0 27.88027 29.59165 0.04999995 28.72396 29.69508 0.04999995 28.72396 29.69508 0 28.89152 26.51061 0 28.89152 26.51061 0.04999995 28.91268 26.50173 0 28.74512 29.6862 0.04999995 28.74512 29.6862 0 28.91268 26.50173 0.04999995 29.58881 29.78962 0 29.58881 29.78962 0.04999995 29.75637 26.60516 0 29.75637 26.60516 0.04999995 29.77753 26.59627 0.04999995 29.60997 29.78074 0 29.77753 26.59627 0 29.60997 29.78074 0.04999995 30.45365 29.88416 0 30.45365 29.88416 0.04999995 30.62121 26.6997 0.04999995 30.62121 26.6997 0 30.64238 26.69082 0 30.47482 29.87528 0.04999995 30.47482 29.87528 0 30.64238 26.69082 0.04999995 31.3185 29.97871 0 31.3185 29.97871 0.04999995 31.48606 26.79424 0.04999995 31.48606 26.79424 0 31.50723 26.78536 0.04999995 31.33966 29.96983 0 31.50723 26.78536 0 31.33966 29.96983 0.04999995 32.18335 30.07325 0 32.18335 30.07325 0.04999995 32.35091 26.88879 0.04999995 32.35091 26.88879 0 32.37207 26.87991 0.04999995 32.20451 30.06437 0 32.37207 26.87991 0 32.20451 30.06437 0.04999995 33.04821 30.1678 0.04999995 33.04821 30.1678 0 33.21576 26.98333 0 33.21576 26.98333 0.04999995 33.23692 26.97445 0.04999995 33.06936 30.15892 0 33.23692 26.97445 0 33.06936 30.15892 0.04999995 33.91304 30.26234 0 33.91304 30.26234 0.04999995 34.08061 27.07788 0 34.08061 27.07788 0.04999995 34.10177 27.06899 0 33.93421 30.25346 0.04999995 33.93421 30.25346 0 34.10177 27.06899 0.04999995 34.77789 30.35689 0 34.77789 30.35689 0.04999995 34.94545 27.17242 0.04999995 34.94545 27.17242 0 34.96661 27.16354 0 34.79906 30.348 0.04999995 34.79906 30.348 0 34.96661 27.16354 0.04999995 35.64274 30.45143 0.04999995 35.64274 30.45143 0 35.8103 27.26696 0 35.8103 27.26696 0.04999995 35.83146 27.25808 0 35.6639 30.44255 0.04999995 35.6639 30.44255 0 35.83146 27.25808 0.04999995 36.50759 30.54597 0.04999995 36.50759 30.54597 0 36.67515 27.36151 0.04999995 36.67515 27.36151 0 36.69631 27.35263 0.04999995 36.52875 30.53709 0 36.69631 27.35263 0 36.52875 30.53709 0.04999995 37.37243 30.64052 0 37.37243 30.64052 0.04999995 37.54 27.45605 0.04999995 37.54 27.45605 0 37.56116 27.44717 0 37.3936 30.63164 0.04999995 37.3936 30.63164 0 37.56116 27.44717 0.04999995 38.23728 30.73506 0 38.23728 30.73506 0.04999995 38.40484 27.55059 0.04999995 38.40484 27.55059 0 38.426 27.54171 0.04999995 38.25845 30.72618 0 38.426 27.54171 0 38.25845 30.72618 0.04999995 39.10213 30.8296 0 39.10213 30.8296 0.04999995 39.26969 27.64514 0.04999995 39.26969 27.64514 0 39.29085 27.63626 0.04999995 39.12329 30.82072 0 39.29085 27.63626 0 39.12329 30.82072 0.04999995 39.96698 30.92415 0 39.96698 30.92415 0.04999995 40.13454 27.73968 0.04999995 40.13454 27.73968 0 40.1557 27.7308 0.04999995 39.98814 30.91527 0 40.1557 27.7308 0 39.98814 30.91527 0.04999995 40.83183 31.01869 0.04999995 40.83183 31.01869 0 40.99939 27.83423 0.04999995 40.99939 27.83423 0 41.02055 27.82535 0.04999995 40.85299 31.00981 0 41.02055 27.82535 0 40.85299 31.00981 0.04999995 41.69667 31.11324 0 41.69667 31.11324 0.04999995 41.86424 27.92877 0 41.86424 27.92877 0.04999995 41.8854 27.91989 0.04999995 41.71784 31.10436 0 41.8854 27.91989 0 41.71784 31.10436 0.04999995 42.56152 31.20778 0 42.56152 31.20778 0.04999995 42.72908 28.02332 0 42.72908 28.02332 0.04999995 42.75024 28.01443 0.04999995 42.58268 31.1989 0 42.75024 28.01443 0 42.58268 31.1989 0.04999995 43.42637 31.30232 0 43.42637 31.30232 0.04999995 43.59393 28.11786 0 43.59393 28.11786 0.04999995 43.61509 28.10898 0.04999995 43.44753 31.29344 0 43.61509 28.10898 0 43.44753 31.29344 0.04999995 44.29122 31.39687 0 44.29122 31.39687 0.04999995 44.45878 28.2124 0.04999995 44.45878 28.2124 0 44.47994 28.20352 0 44.31238 31.38799 0.04999995 44.31238 31.38799 0 44.47994 28.20352 0.04999995 45.15606 31.49141 0.04999995 45.15606 31.49141 0 45.32363 28.30695 0.04999995 45.32363 28.30695 0 45.34479 28.29807 0.04999995 45.17723 31.48253 0 45.34479 28.29807 0 45.17723 31.48253 0.04999995 46.02091 31.58596 0.04999995 46.02091 31.58596 0 46.18847 28.40149 0.04999995 46.18847 28.40149 0 46.20963 28.39261 0.04999995 46.04208 31.57707 0 46.20963 28.39261 0 46.04208 31.57707 0.04999995 46.88576 31.6805 0.04999995 46.88576 31.6805 0 47.05332 28.49603 0.04999995 47.05332 28.49603 0 47.07448 28.48715 0 46.90692 31.67162 0.04999995 46.90692 31.67162 0 47.07448 28.48715 0.04999995 47.75061 31.77504 0.04999995 47.75061 31.77504 0 47.91817 28.59058 0.04999995 47.91817 28.59058 0 47.93933 28.5817 0 47.77177 31.76616 0.04999995 47.77177 31.76616 0 47.93933 28.5817 0.04999995 48.61545 31.86959 0.04999995 48.61545 31.86959 0 48.78302 28.68512 0.04999995 48.78302 28.68512 0 48.80418 28.67624 0 48.63662 31.86071 0.04999995 48.63662 31.86071 0 48.80418 28.67624 0.04999995 49.4803 31.96413 0.04999995 49.4803 31.96413 0 49.64786 28.77967 0.04999995 49.64786 28.77967 0 49.66902 28.77078 0 49.50147 31.95525 0.04999995 49.50147 31.95525 0 49.66902 28.77078 0.04999995 50.34515 32.05868 0 50.34515 32.05868 0.04999995 50.51271 28.87421 0.04999995 50.51271 28.87421 0 50.53387 28.86533 0 50.36631 32.0498 0.04999995 50.36631 32.0498 0 50.53387 28.86533 0.04999995 51.21 32.15322 0 51.21 32.15322 0.04999995 51.37756 28.96875 0 51.37756 28.96875 0.04999995 51.39872 28.95987 0 51.23116 32.14434 0.04999995 51.23116 32.14434 0 51.39872 28.95987 0.04999995 52.07484 32.24776 0 52.07484 32.24776 0.04999995 52.24241 29.0633 0 52.24241 29.0633 0.04999995 52.26357 29.05442 0 52.09601 32.23888 0.04999995 52.09601 32.23888 0 52.26357 29.05442 0.04999995 52.93969 32.34231 0 52.93969 32.34231 0.04999995 53.10725 29.15784 0.04999995 53.10725 29.15784 0 53.12841 29.14896 0 52.96086 32.33343 0.04999995 52.96086 32.33343 0 53.12841 29.14896 0.04999995 53.80454 32.43685 0 53.80454 32.43685 0.04999995 53.9721 29.25239 0.04999995 53.9721 29.25239 0 53.99326 29.2435 0.04999995 53.8257 32.42797 0 53.99326 29.2435 0 53.8257 32.42797 0.04999995 54.66939 32.5314 0 54.66939 32.5314 0.04999995 54.83695 29.34693 0.04999995 54.83695 29.34693 0 54.85811 29.33805 0.04999995 54.69055 32.52251 0 54.85811 29.33805 0 54.69055 32.52251 0.04999995 55.53424 32.62594 0.04999995 55.53424 32.62594 0 55.7018 29.44147 0.04999995 55.7018 29.44147 0 55.72296 29.43259 0 55.5554 32.61706 0.04999995 55.5554 32.61706 0 55.72296 29.43259 0.04999995 56.39908 32.72048 0.04999995 56.39908 32.72048 0 56.56665 29.53602 0.04999995 56.56665 29.53602 0 56.58781 29.52714 0 56.42025 32.7116 0.04999995 56.42025 32.7116 0 56.58781 29.52714 0.04999995 57.26393 32.81503 0.04999995 57.26393 32.81503 0 57.43149 29.63056 0.04999995 57.43149 29.63056 0 57.45265 29.62168 0 57.28509 32.80615 0.04999995 57.28509 32.80615 0 57.45265 29.62168 0.04999995 58.12878 32.90957 0 58.12878 32.90957 0.04999995 58.29634 29.72511 0 58.29634 29.72511 0.04999995 58.3175 29.71622 0 58.14994 32.90069 0.04999995 58.14994 32.90069 0 58.3175 29.71622 0.04999995 58.99363 33.00412 0 58.99363 33.00412 0.04999995 59.16119 29.81965 0.04999995 59.16119 29.81965 0 59.18235 29.81077 0 59.01479 32.99523 0.04999995 59.01479 32.99523 0 59.18235 29.81077 0.04999995 59.85847 33.09866 0 59.85847 33.09866 0.04999995 60.02604 29.91419 0.04999995 60.02604 29.91419 0 60.04721 29.90531 0 59.87964 33.08978 0.04999995 59.87964 33.08978 0 60.04721 29.90531 0.04999995 60.72332 33.1932 0 60.72332 33.1932 0.04999995 60.89088 30.00874 0.04999995 60.89088 30.00874 0 60.91204 29.99986 0 60.74449 33.18432 0.04999995 60.74449 33.18432 0 60.91204 29.99986 0.04999995 61.58817 33.28775 0 61.58817 33.28775 0.04999995 61.75573 30.10328 0 61.75573 30.10328 0.04999995 61.77689 30.0944 0.04999995 61.60933 33.27887 0 61.77689 30.0944 0 61.60933 33.27887 0.04999995 62.45302 33.38229 0.04999995 62.45302 33.38229 0 62.62058 30.19782 0 62.62058 30.19782 0.04999995 62.64174 30.18894 0.04999995 62.47418 33.37341 0 62.64174 30.18894 0 62.47418 33.37341 0.04999995 63.31786 33.47683 0.04999995 63.31786 33.47683 0 63.48543 30.29237 0 63.48543 30.29237 0.04999995 63.50659 30.28349 0 63.33903 33.46796 0.04999995 63.33903 33.46796 0 63.50659 30.28349 0.04999995 64.18272 33.57138 0.04999995 64.18272 33.57138 0 64.35028 30.38691 0 64.35028 30.38691 0.04999995 64.37143 30.37803 0 64.20388 33.5625 0.04999995 64.20388 33.5625 0 64.37143 30.37803 0.04999995 65.04756 33.66592 0.04999995 65.04756 33.66592 0 65.21513 30.48146 0 65.21513 30.48146 0.04999995 65.23628 30.47257 0 65.06873 33.65704 0.04999995 65.06873 33.65704 0 65.23628 30.47257 0.04999995 65.91241 33.76047 0 65.91241 33.76047 0.04999995 66.07997 30.576 0 66.07997 30.576 0.04999995 66.10114 30.56712 0.04999995 65.93357 33.75158 0 66.10114 30.56712 0 65.93357 33.75158 0.04999995 66.77725 33.85501 0.04999995 66.77725 33.85501 0 66.94483 30.67055 0.04999995 66.94483 30.67055 0 66.96598 30.66166 0.04999995 66.79843 33.84613 0 66.96598 30.66166 0 66.79843 33.84613 0.04999995 67.64211 33.94955 0 67.64211 33.94955 0.04999995 67.80966 30.76509 0 67.80966 30.76509 0.04999995 67.83083 30.75621 0.04999995 67.66326 33.94067 0 67.83083 30.75621 0 67.66326 33.94067 0.04999995 68.50695 34.0441 0.04999995 68.50695 34.0441 0 68.67452 30.85963 0.04999995 68.67452 30.85963 0 68.69569 30.85075 0.04999995 68.52812 34.03522 0 68.69569 30.85075 0 68.52812 34.03522 0.04999995 69.3718 34.13864 0 69.3718 34.13864 0.04999995 69.53936 30.95418 0 69.53936 30.95418 0.04999995 69.56053 30.9453 0.04999995 69.39296 34.12976 0 69.56053 30.9453 0 69.39296 34.12976 0.04999995 70.23666 34.23319 0.04999995 70.23666 34.23319 0 70.40422 31.04872 0 70.40422 31.04872 0.04999995 70.42537 31.03984 0 70.25782 34.2243 0.04999995 70.25782 34.2243 0 70.42537 31.03984 0.04999995 71.1015 34.32773 0.04999995 71.1015 34.32773 0 71.26905 31.14326 0 71.26905 31.14326 0.04999995 71.29022 31.13438 0.04999995 71.12265 34.31885 0 71.29022 31.13438 0 71.12265 34.31885 0.04999995 71.96635 34.42228 0.04999995 71.96635 34.42228 0 72.13391 31.23781 0 72.13391 31.23781 0.04999995 72.15508 31.22893 0 71.98751 34.41339 0.04999995 71.98751 34.41339 0 72.15508 31.22893 0.04999995 72.83119 34.51682 0.04999995 72.83119 34.51682 0 72.99876 31.33235 0 72.99876 31.33235 0.04999995 73.01992 31.32347 0 72.85236 34.50794 0.04999995 72.85236 34.50794 0 73.01992 31.32347 0.04999995 73.69605 34.61136 0.04999995 73.69605 34.61136 0 73.8636 31.4269 0 73.8636 31.4269 0.04999995 73.88477 31.41801 0.04999995 73.71722 34.60248 0 73.88477 31.41801 0 73.71722 34.60248 0.04999995 74.56089 34.7059 0.04999995 74.56089 34.7059 0 74.72844 31.52144 0 74.72844 31.52144 0.04999995 74.74961 31.51256 0 74.58205 34.69703 0.04999995 74.58205 34.69703 0 74.74961 31.51256 0.04999995 75.42574 34.80045 0.04999995 75.42574 34.80045 0 75.59329 31.61599 0.04999995 75.59329 31.61599 0 75.61447 31.6071 0.04999995 75.4469 34.79157 0 75.61447 31.6071 0 75.4469 34.79157 0.04999995 76.29058 34.89499 0.04999995 76.29058 34.89499 0 76.45815 31.71053 0 76.45815 31.71053 0.04999995 76.4793 31.70165 0 76.31175 34.88611 0.04999995 76.31175 34.88611 0 76.4793 31.70165 0.04999995 77.15544 34.98954 0.04999995 77.15544 34.98954 0 77.32299 31.80507 0.04999995 77.32299 31.80507 0 77.34416 31.79619 0.04999995 77.17659 34.98066 0 77.34416 31.79619 0 77.17659 34.98066 0.04999995 78.02027 35.08408 0.04999995 78.02027 35.08408 0 78.18784 31.89962 0 78.18784 31.89962 0.04999995 78.209 31.89074 0.04999995 78.04144 35.0752 0 78.209 31.89074 0 78.04144 35.0752 0.04999995 78.88513 35.17863 0.04999995 78.88513 35.17863 0 79.05268 31.99416 0 79.05268 31.99416 0.04999995 79.07386 31.98528 0 78.9063 35.16974 0.04999995 78.9063 35.16974 0 79.07386 31.98528 0.04999995 79.74997 35.27317 0.04999995 79.74997 35.27317 0 79.91754 32.0887 0 79.91754 32.0887 0.04999995 79.93869 32.07982 0.04999995 79.77114 35.26429 0 79.93869 32.07982 0 79.77114 35.26429 0.04999995 80.61483 35.36771 0.04999995 80.61483 35.36771 0 80.78238 32.18325 0 80.78238 32.18325 0.04999995 80.80355 32.17437 0.04999995 80.63599 35.35883 0 80.80355 32.17437 0 80.63599 35.35883 0.04999995 81.47966 35.46226 0.04999995 81.47966 35.46226 0 81.64723 32.27779 0 81.64723 32.27779 0.04999995 81.6684 32.26891 0 81.50083 35.45338 0.04999995 81.50083 35.45338 0 81.6684 32.26891 0.04999995 82.34452 35.5568 0.04999995 82.34452 35.5568 0 82.51209 32.37234 0 82.51209 32.37234 0.04999995 82.53324 32.36345 0.04999995 82.36569 35.54792 0 82.53324 32.36345 0 82.36569 35.54792 0.04999995 83.20937 35.65135 0.04999995 83.20937 35.65135 0 83.37693 32.46688 0 83.37693 32.46688 0.04999995 83.39808 32.458 0 83.23052 35.64246 0.04999995 83.23052 35.64246 0 83.39808 32.458 0.04999995 84.07421 35.74589 0 84.07421 35.74589 0.04999995 84.24178 32.56142 0 84.24178 32.56142 0.04999995 84.26293 32.55254 0.04999995 84.09538 35.73701 0 84.26293 32.55254 0 84.09538 35.73701 0.04999995 84.93906 35.84043 0.04999995 84.93906 35.84043 0 85.10662 32.65597 0.04999995 85.10662 32.65597 0 85.12779 32.64709 0 84.96022 35.83155 0.04999995 84.96022 35.83155 0 85.12779 32.64709 0.04999995 85.8039 35.93498 0.04999995 85.8039 35.93498 0 85.97148 32.75051 0 85.97148 32.75051 0.04999995 85.99263 32.74163 0.04999995 85.82508 35.9261 0 85.99263 32.74163 0 85.82508 35.9261 0.04999995 86.66876 36.02952 0.04999995 86.66876 36.02952 0 86.83631 32.84506 0 86.83631 32.84506 0.04999995 86.85748 32.83617 0 86.68991 36.02064 0.04999995 86.68991 36.02064 0 86.85748 32.83617 0.04999995 87.5336 36.12407 0.04999995 87.5336 36.12407 0 87.70117 32.9396 0 87.70117 32.9396 0.04999995 87.72234 32.93072 0.04999995 87.55477 36.11518 0 87.72234 32.93072 0 87.55477 36.11518 0.04999995 88.39845 36.21861 0.04999995 88.39845 36.21861 0 88.566 33.03414 0 88.566 33.03414 0.04999995 88.58718 33.02526 0 88.41961 36.20973 0.04999995 88.41961 36.20973 0 88.58718 33.02526 0.04999995 89.26329 36.31315 0.04999995 89.26329 36.31315 0 89.43087 33.12869 0 89.43087 33.12869 0.04999995 89.45202 33.11981 0.04999995 89.28446 36.30427 0 89.45202 33.11981 0 89.28446 36.30427 0.04999995 90.12815 36.4077 0.04999995 90.12815 36.4077 0 90.2957 33.22323 0 90.2957 33.22323 0.04999995 90.31687 33.21435 0.04999995 90.1493 36.39882 0 90.31687 33.21435 0 90.1493 36.39882 0.04999995 90.993 36.50224 0.04999995 90.993 36.50224 0 91.16056 33.31778 0 91.16056 33.31778 0.04999995 91.18173 33.30889 0.04999995 91.01416 36.49336 0 91.18173 33.30889 0 91.01416 36.49336 0.04999995 91.85784 36.59678 0.04999995 91.85784 36.59678 0 92.02541 33.41232 0 92.02541 33.41232 0.04999995 186.4088 102.5458 0 187.2531 102.6443 0.00999999 187.2531 102.6443 0 186.4088 102.5458 0.00999999 187.5312 100.26 0 187.5312 100.26 0.00999999 186.687 100.1616 0.00999999 186.687 100.1616 0 42.02493 82.07419 0 42.12702 81.23033 0.04999995 42.12702 81.23033 0 42.02493 82.07419 0.04999995 39.77571 80.94586 0.04999995 39.77571 80.94586 0 39.67361 81.78972 0 39.67361 81.78972 0.04999995 41.92044 82.93788 0 42.02253 82.09406 0.04999995 42.02253 82.09406 0 41.92044 82.93788 0.04999995 39.67121 81.80959 0.04999995 39.67121 81.80959 0 39.56912 82.65341 0.04999995 39.56912 82.65341 0 41.81595 83.80159 0 41.91804 82.95775 0.04999995 41.91804 82.95775 0 41.81595 83.80159 0.04999995 39.56672 82.67328 0.04999995 39.56672 82.67328 0 39.46463 83.51712 0.04999995 39.46463 83.51712 0 41.29348 88.1201 0 41.39557 87.27626 0.04999995 41.39557 87.27626 0 41.29348 88.1201 0.04999995 39.04425 86.99179 0 39.04425 86.99179 0.04999995 38.94216 87.83563 0 38.94216 87.83563 0.04999995 41.18898 88.9838 0 41.29107 88.13996 0.04999995 41.29107 88.13996 0 41.18898 88.9838 0.04999995 38.93975 87.85549 0 38.93975 87.85549 0.04999995 38.83766 88.69933 0 38.83766 88.69933 0.04999995 41.08449 89.84751 0 41.18658 89.00366 0.04999995 41.18658 89.00366 0 41.08449 89.84751 0.04999995 38.83526 88.7192 0.04999995 38.83526 88.7192 0 38.73317 89.56304 0.04999995 38.73317 89.56304 0</float_array>
          <technique_common>
            <accessor source="#Compound_001-mesh-positions-array" count="4104" stride="3">
              <param name="X" type="float"/>
              <param name="Y" type="float"/>
              <param name="Z" type="float"/>
            </accessor>
          </technique_common>
        </source>
        <source id="Compound_001-mesh-normals">
          <float_array id="Compound_001-mesh-normals-array" count="8856">0.9927611 0.1201056 0 0.9927599 0.1201167 0 0.1201069 -0.992761 0 0.1201074 -0.992761 0 -0.9927603 -0.1201133 0 -0.9927609 -0.1201077 0 -0.1201135 0.9927603 0 -0.1201137 0.9927603 0 0 0 1 0 0 1 0 0 -1 -0.1158541 0.9932663 0 -0.1158573 0.9932659 0 0.9932658 0.1158586 0 0.9932669 0.1158488 0 0.1158541 -0.9932663 0 0.1158573 -0.9932659 0 -0.9932658 -0.1158586 0 -0.9932669 -0.1158488 0 0 0 1 -0.115875 0.9932639 0 0.9932661 0.1158564 0 0.9932683 0.1158368 0 0.1158702 -0.9932644 0 0.1158735 -0.9932641 0 -0.9932613 -0.1158964 0 -0.9932625 -0.1158865 0 0 0 1 -0.1158895 0.9932622 0 -0.1158927 0.9932618 0 0.9932656 0.1158593 0 0.993268 0.1158397 0 0.115875 -0.9932639 0 0.1158718 -0.9932642 0 -0.9932679 -0.1158405 0 -0.9932655 -0.1158601 0 0 0 1 -0.1159089 0.9932599 0 -0.1159024 0.9932606 0 0.9932625 0.1158865 0 0.9932613 0.1158964 0 -0.9932681 -0.115839 0 0 0 1 -0.1158718 0.9932642 0 0.9932655 0.1158608 0 -0.9932655 -0.1158608 0 -0.9932668 -0.1158496 0 -0.9932656 -0.1158593 0 0 0 1 -0.1157446 0.9932791 0 -0.115751 0.9932783 0 0.9932678 0.1158412 0 0.115867 -0.9932647 0 -0.9932626 -0.1158858 0 -0.9932603 -0.1159054 0 0 0 1 0 0 1 0.9932615 0.1158949 0 0.9932627 0.1158851 0 -0.9932659 -0.1158571 0 0 0 1 0.9932668 0.1158496 0 -0.1158879 0.9932623 0 -0.1158847 0.9932627 0 0.9932636 0.1158767 0 -0.9932669 -0.1158481 0 0.9932655 0.1158601 0 -0.9932609 -0.1159 0 -0.9932621 -0.1158902 0 0 0 1 0.9932669 0.1158481 0 0.9932659 0.1158579 0 -0.1157655 0.9932767 0 0.9932666 0.115851 0 0.9932681 0.115839 0 0 0 1 -0.1158912 0.993262 0 -0.9932683 -0.1158376 0 0 0 1 0.9932671 0.1158474 0 0.9932659 0.1158571 0 -0.9932659 -0.1158579 0 -0.1158782 0.9932635 0 -0.9932622 -0.1158895 0 -0.993261 -0.1158993 0 0 0 1 0 0 1 -0.1157962 0.993273 0 -0.1157994 0.9932727 0 0.993261 0.1158993 0 0.9932622 0.1158895 0 -0.9932661 -0.1158564 0 -0.9932671 -0.1158466 0 -0.993268 -0.1158397 0 -0.1158686 0.9932646 0 0.9932671 0.1158466 0 0 0 1 -0.9932671 -0.1158474 0 -0.9986186 -0.05254536 0 -0.9986186 -0.05254554 0 -0.1216709 0.9925705 0 -0.1216708 0.9925705 0 0.9986186 0.05254572 0 0.9986186 0.0525453 0 0.1216819 -0.9925692 0 0 0 1 0.04614013 -0.9989351 0 -0.998935 -0.04614013 0 -0.998935 -0.04614007 0 -0.04614013 0.9989351 0 -0.04614013 0.998935 0 0.998935 0.04614025 0 0.9989351 0.04613953 0 0.04614007 -0.9989351 0 0.04614007 -0.998935 0 -0.998935 -0.04614013 0 -0.04614007 0.998935 0 -0.04614007 0.9989351 0 0.04614031 -0.998935 0 0.04614031 -0.9989351 0 -0.998935 -0.04614025 0 -0.998935 -0.04614025 0 -0.04614037 0.9989351 0 -0.04614037 0.9989351 0 0.998935 0.04614019 0 0.9989351 0.0461409 0 0.04614007 -0.9989351 0 -0.998935 -0.04614019 0 0.998935 0.04614025 0 0.9989351 0.04613953 0 -0.998935 -0.04614007 0 -0.04614031 0.9989351 0 -0.04614031 0.998935 0 -0.998935 -0.04614019 0 -0.998935 -0.04614019 0 -0.04614007 0.9989351 0 0.9989351 0.0461409 0 0.04614031 -0.9989351 0 -0.998935 -0.04614019 0 -0.04614031 0.9989351 0 -0.998935 -0.04614019 0 0.04614078 -0.9989351 0 0.04614078 -0.9989351 0 -0.9989351 -0.04614007 0 -0.9989351 -0.04614001 0 0.9989351 0.04614037 0 -0.9989351 -0.04614013 0 -0.9989351 -0.04614013 0 -0.04613953 0.9989351 0 0.9989351 0.04614031 0 0 0 1 -0.9989351 -0.04614025 0 -0.0461418 0.9989349 0 0.9989351 0.04613995 0 0 0 1 0.04614156 -0.9989349 0 -0.9989351 -0.04614025 0 -0.9989351 -0.04614031 0 -0.04614156 0.9989349 0 0.9989349 0.04614096 0 0.9989351 0.04613953 0 0.04613906 -0.9989351 0 -0.9989351 -0.04614019 0 -0.04613882 0.9989351 0 0.9989351 0.04614025 0 -0.9989351 -0.04614013 0 -0.04614156 0.9989349 0 0.9989351 0.04614019 0 -0.04613906 0.9989351 0 -0.04613906 0.9989351 0 -0.04613906 0.9989351 0 -0.04613906 0.9989351 0 0.9989351 0.04613882 0 0.9989351 0.04613947 0 0.04614156 -0.9989349 0 -0.0461418 0.9989349 0 -0.0461418 0.9989349 0 0.9989351 0.04613876 0 0.9989351 0.04613947 0 0.0461418 -0.9989349 0 0.0461418 -0.9989349 0 -0.9989351 -0.04613959 0 -0.9989351 -0.04613971 0 -0.04613882 0.9989351 0 -0.04613882 0.9989351 0 0 0 1 0.04613929 -0.9989351 0 0.04613929 -0.9989351 0 -0.9989351 -0.04613995 0 -0.04613929 0.9989351 0 -0.04613929 0.9989351 0 -0.04613929 0.9989351 0 0.0461418 -0.9989349 0 0.120109 -0.9927608 0 0.1201087 -0.9927608 0 0.1200974 -0.9927622 0 0.120107 -0.992761 0 0.9929014 0.1189414 0 0.9927612 0.1201055 0 0.9927618 0.1201008 5.41267e-5 0.9927595 0.1201194 0 -0.9927616 -0.1201022 0 -0.1201071 0.992761 0 -0.1201074 0.992761 0 -0.1201137 0.9927602 0 -0.1201065 0.992761 0 -0.1201071 0.992761 0 -0.120107 0.992761 -3.22124e-4 0.9927595 0.1201194 0 0.9927603 0.1201125 0 0.1201104 -0.9927606 0 0.1201106 -0.9927605 0 0.1200869 -0.9927635 0 -0.9927618 -0.1201 0 -0.9927611 -0.1201056 0 0 0 1 -0.1200991 0.9927619 0 -0.1201081 0.9927609 0 -0.1201089 0.9927607 0 -0.1201067 0.9927611 8.05308e-5 0.9927614 0.120103 0 0.9927606 0.1201099 0 0.1201052 -0.9927613 0 0.1201054 -0.9927613 0 0.1201594 -0.9927547 0 0.1201136 -0.9927602 3.22125e-4 0 0 1 0.9927617 0.1201009 0 0.9927691 0.1200402 0 0.9927585 0.1201274 0 0.992762 0.1200987 2.38416e-4 0.1201066 -0.9927611 0 -0.12013 0.9927582 0 -0.1201028 0.9927616 0 -0.1201032 0.9927615 0 -0.1201073 0.992761 -8.05312e-5 -0.1157385 0.9932798 0 -0.1157472 0.9932788 0 -0.9932928 -0.1156268 0 -0.9933269 -0.1153327 0 0 0 1 0 0 1 0 0 1 0 0 1 0 0 1 0 0 1 0 0 1 0 0 1 0.9932649 0.1158658 0 0.115858 -0.9932658 0 -0.9932585 -0.1159208 0 -0.9932657 -0.1158594 0 0.9932646 0.1158693 0 0.9932654 0.1158619 0 0.1158589 -0.9932657 0 0 0 1 -0.9932652 -0.1158636 0 -0.9932655 -0.1158611 0 0.9932655 0.1158611 0 0.9932649 0.1158661 0 0.1158598 -0.9932656 0 0 0 1 -0.9932652 -0.1158636 0 -0.9932655 -0.1158611 0 0.9932647 0.1158679 0 0.9932644 0.1158703 0 0 0 1 -0.9932649 -0.1158654 0 0.9932644 0.1158696 0 0.993265 0.1158646 0 0 0 1 -0.9932651 -0.1158639 0 -0.9932655 -0.1158614 0 0.9932652 0.1158639 0 0.9932657 0.115859 0 0 0 1 -0.9932646 -0.1158681 0 -0.993265 -0.1158657 0 0.993265 0.1158657 0 0.9932652 0.1158632 0 0.1158775 -0.9932636 0 0 0 1 0 0 1 -0.9932649 -0.1158657 0 0.993265 0.1158649 0 0 0 1 -0.9932655 -0.1158618 0 -0.9932646 -0.1158692 0 0.9932651 0.1158642 0 0.9932656 0.1158593 0 0.1158605 -0.9932656 0 0 0 1 -0.9932652 -0.1158635 0 -0.9932649 -0.115866 0 0.9932652 0.1158635 0 0.9932655 0.1158611 0 0.115842 -0.9932677 0 0.1158412 -0.9932678 0 0 0 1 -0.9932651 -0.1158645 0 -0.9932653 -0.115862 0 0.9932653 0.1158621 0 0 0 1 -0.9932649 -0.1158663 0 -0.9932655 -0.1158613 0 0.9932653 0.1158621 0 0.9932648 0.115867 0 0.1158767 -0.9932637 0 0 0 1 0 0 1 -0.9932649 -0.1158655 0 -0.9932656 -0.1158606 0 0.9932649 0.1158663 0 0 0 1 -0.9932656 -0.1158599 0 -0.9932651 -0.1158648 0 0.9932656 0.1158599 0 0.9932645 0.1158698 0 0 0 1 -0.993265 -0.1158648 0 -0.9932644 -0.1158698 0 0.993265 0.1158649 0 0 0 1 0 0 1 -0.993264 -0.1158733 0 -0.9932652 -0.1158634 0 0.9932658 0.1158584 0 0.9932652 0.1158634 0 0 0 1 0 0 1 -0.9932647 -0.1158676 0 0.9932652 0.1158635 0 0.9932647 0.1158684 0 0.1158782 -0.9932635 0 0 0 1 -0.9932655 -0.1158612 0 0.9932649 0.1158662 0 0.9932655 0.1158612 0 0 0 1 -0.9932656 -0.1158605 0 0.9932643 0.1158712 0 0.9932649 0.1158663 0 0 0 1 0 0 1 -0.993265 -0.1158655 0 0.9932649 0.1158655 0 0 0 1 -0.9932652 -0.115864 0 0.9932645 0.1158698 0 0 0 1 -0.9932658 -0.1158583 0 -0.9932652 -0.1158633 0 0.9932651 0.115864 0 0 0 1 0 0 1 -0.9932653 -0.1158626 0 -0.9932647 -0.1158675 0 0.9932653 0.1158626 0 0 0 1 0 0 1 -0.9932647 -0.1158668 0 -0.9932654 -0.1158618 0 0.9932653 0.1158618 0 0.9932648 0.1158668 0 0 0 1 -0.993265 -0.1158654 0 0.9932655 0.1158611 0 0.9932649 0.1158661 0 0 0 1 -0.9932657 -0.1158596 0 0.9932651 0.1158646 0 0.9932657 0.1158596 0 0 0 1 0 0 1 -0.9932656 -0.1158596 0 -0.9932645 -0.1158697 0 0.9932645 0.1158697 0 0.9932657 0.1158597 0 0 0 1 -0.9932651 -0.1158639 0 0.9932646 0.1158689 0 0.9932658 0.1158589 0 0 0 1 -0.9932653 -0.1158624 0 -0.9932647 -0.1158674 0 0.9932641 0.1158732 0 0 0 1 -0.9932655 -0.1158617 0 -0.9932648 -0.1158667 0 0.9932653 0.1158625 0 0.9932647 0.1158675 0 0 0 1 0 0 1 -0.9932655 -0.115861 0 0.9932649 0.115866 0 0 0 1 -0.9932649 -0.1158652 0 -0.9932644 -0.1158702 0 0.993265 0.1158653 0 0 0 1 -0.9932645 -0.1158695 0 -0.993265 -0.1158645 0 0.993265 0.1158653 0 0 0 1 0 0 1 -0.9932646 -0.115868 0 -0.9932664 -0.1158531 0 0.9932657 0.1158588 0 0.9932646 0.1158688 0 0 0 1 0 0 1 -0.9932641 -0.1158731 0 -0.9932646 -0.1158681 0 0.9932652 0.1158631 0 0 0 1 -0.9932649 -0.1158666 0 0.9932649 0.1158666 0 0.9932655 0.1158616 0 0 0 1 -0.9932655 -0.1158616 0 0.9932655 0.1158617 0 0 0 1 0 0 1 -0.9932649 -0.1158659 0 -0.9932661 -0.1158559 0 0.993265 0.1158652 0 0 0 1 -0.9932644 -0.1158702 0 -0.993265 -0.1158652 0 0.9932663 0.1158544 0 0.9932651 0.1158645 0 0 0 1 0 0 1 -0.9932658 -0.1158587 0 -0.9932651 -0.1158637 0 0.9932657 0.1158595 0 0.993265 0.1158645 0 0 0 1 0 0 1 -0.9932652 -0.1158637 0 0.9932652 0.1158638 0 0.9932646 0.1158688 0 0 0 1 0 0 1 -0.9932653 -0.115863 0 -0.9932646 -0.115868 0 0.9932654 0.1158623 0 0.9932641 0.1158723 0 0 0 1 0 0 1 -0.9932648 -0.1158673 0 -0.9932659 -0.1158573 0 0.9932659 0.1158573 0 0.9932653 0.1158623 0 0 0 1 -0.993265 -0.1158651 0 -0.9932656 -0.11586 0 0.9932649 0.1158666 0 0 0 1 0 0 1 -0.9932645 -0.1158694 0 -0.9932656 -0.1158593 0 0.9932644 0.1158701 0 0.993265 0.1158651 0 0 0 1 0 0 1 -0.9932656 -0.1158593 0 -0.9932651 -0.1158643 0 0.993265 0.1158643 0 0.9932663 0.1158543 0 0 0 1 -0.9932652 -0.1158629 0 0.9932646 0.1158687 0 0.9932652 0.1158636 0 0 0 1 -0.9932647 -0.1158679 0 0.9932652 0.1158629 0 0.9932647 0.1158679 0 0 0 1 0 0 1 -0.9932653 -0.1158621 0 0.9932641 0.1158722 0 0.9932653 0.1158621 0 0 0 1 -0.993265 -0.1158657 0 0.9932654 0.1158614 0 0 0 1 -0.9932656 -0.1158599 0 -0.993265 -0.1158649 0 0.9932649 0.1158657 0 0 0 1 0 0 1 -0.9932652 -0.1158635 0 -0.9932658 -0.1158584 0 0.9932665 0.1158515 0 0.9932654 0.1158616 0 0 0 1 0 0 1 -0.993265 -0.1158651 0 0.9932658 0.1158582 0 0.9932646 0.1158683 0 0 0 1 -0.9932655 -0.1158602 0 0.9932646 0.1158685 0 0 0 1 -0.993265 -0.1158654 0 -0.9932656 -0.1158604 0 0.9932662 0.1158549 0 0.993265 0.115865 0 0 0 1 -0.9932653 -0.115862 0 -0.9932648 -0.115867 0 0.9932644 0.1158702 0 0.993265 0.1158652 0 0 0 1 -0.9932659 -0.1158571 0 0.9932649 0.1158661 0 0 0 1 0 0 1 -0.9932652 -0.115863 0 0.9932649 0.1158662 0 0 0 1 0 0 1 -0.9932652 -0.1158639 0 -0.9932645 -0.1158689 0 0.9932654 0.1158621 0 0.9932659 0.115857 0 0 0 1 -0.9932645 -0.1158691 0 0.9932647 0.115868 0 0.9932652 0.1158629 0 0 0 1 -0.993265 -0.1158649 0 -0.9932656 -0.1158599 0 0.9932657 0.1158588 0 0.9932652 0.1158638 0 0 0 1 -0.993265 -0.1158651 0 -0.9932644 -0.1158701 0 0.9932645 0.115869 0 0.9932651 0.115864 0 0 0 1 -0.9932659 -0.1158567 0 0.9932656 0.1158598 0 0.993265 0.1158649 0 0 0 1 -0.9932648 -0.1158669 0 -0.9932653 -0.1158618 0 0.993265 0.115865 0 0.9932644 0.11587 0 0 0 1 0 0 1 -0.9932654 -0.115862 0 -0.9932665 -0.1158519 0 0.9932655 0.1158609 0 0.9932649 0.1158659 0 0 0 1 0 0 1 -0.9932659 -0.1158578 0 -0.9932652 -0.1158629 0 0.9932653 0.1158617 0 0 0 1 -0.9932652 -0.1158638 0 0.9932653 0.1158627 0 0.9932647 0.1158677 0 0 0 1 -0.9932651 -0.1158646 0 -0.9932656 -0.1158596 0 0.9932653 0.1158628 0 0.9932671 0.1158477 0 0.1158638 -0.9932652 0 0.1158621 -0.9932654 0 -0.9932655 -0.1158605 0 -0.9932662 -0.1158555 0 0.9932663 0.1158544 0 0.9932651 0.1158644 0 0 0 1 -0.9932615 -0.115895 0 0.9932686 0.1158344 0 0.9932698 0.1158244 0 0.1158879 -0.9932623 0 0 0 1 0 0 1 -0.9932648 -0.1158666 0 0.9932685 0.1158353 0 0.9932662 0.1158554 0 0 0 1 0 0 1 -0.9932637 -0.1158767 0 0.9932602 0.1159058 0 0.9932615 0.1158958 0 0 0 1 0 0 1 -0.9932671 -0.1158475 0 0.9932647 0.1158672 0 0.9932636 0.1158773 0 0 0 1 -0.9932658 -0.1158584 0 -0.9932646 -0.1158685 0 0.9932636 0.1158774 0 0.9932624 0.1158874 0 0 0 1 -0.9932633 -0.1158794 0 -0.9932644 -0.1158694 0 0.9932658 0.1158582 0 0.993267 0.1158482 0 0 0 1 -0.9932668 -0.1158494 0 -0.993268 -0.1158394 0 0.9932658 0.1158591 0 0.9932646 0.1158691 0 0 0 1 -0.9932666 -0.1158511 0 -0.9932655 -0.1158611 0 0.9932634 0.1158793 0 0 0 1 -0.9932644 -0.1158705 0 0.9932668 0.1158501 0 0 0 1 0 0 1 -0.9932631 -0.1158822 0 0.9932668 0.1158503 0 0.9932644 0.1158703 0 0 0 1 0 0 1 -0.9932618 -0.1158923 0 0.993269 0.1158303 0 0 0 1 -0.9932652 -0.1158639 0 0.9932618 0.1158921 0 0.993263 0.1158821 0 0 0 1 -0.993264 -0.1158741 0 0.9932618 0.1158922 0 0.9932607 0.1159023 0 0 0 1 -0.9932662 -0.1158542 0 -0.9932674 -0.1158442 0 0.993264 0.115873 0 0.9932653 0.1158631 0 0 0 1 -0.993265 -0.1158651 0 0.9932628 0.115884 0 0 0 1 0 0 1 -0.9932684 -0.115836 0 -0.9932696 -0.115826 0 0.9932662 0.115854 0 0 0 1 0 0 1 -0.9932671 -0.1158468 0 0.9932639 0.115875 0 0.993265 0.115865 0 0 0 1 0 0 1 -0.9932601 -0.1159069 0 -0.9932612 -0.1158969 0 0.9932684 0.1158359 0 0.9932672 0.1158459 0 0.1158847 -0.9932627 0 0 0 1 -0.9932648 -0.1158671 0 -0.9932637 -0.1158771 0 0.993266 0.1158567 0 0.9932671 0.1158468 0 0 0 1 -0.9932622 -0.1158894 0 -0.9932634 -0.1158795 0 0.9932648 0.1158669 0 0.993266 0.1158569 0 0.1158396 -0.993268 0 0.1158364 -0.9932683 0 0 0 1 -0.9932669 -0.1158489 0 0.9932625 0.115887 0 0.9932636 0.115877 0 0.1158509 -0.9932667 0 0 0 1 -0.9932645 -0.115869 0 -0.9932658 -0.115859 0 0.9932636 0.1158779 0 0.9932623 0.1158879 0 0 0 1 0 0 1 -0.9932633 -0.1158806 0 0.9932658 0.1158588 0 0.9932669 0.1158488 0 0 0 1 0 0 1 -0.9932667 -0.1158508 0 0.9932646 0.1158689 0 0 0 1 -0.9932654 -0.1158617 0 0.9932679 0.1158406 0 0 0 1 -0.9932687 -0.1158334 0 -0.9932676 -0.1158434 0 0.9932655 0.1158607 0 0.9932678 0.1158407 0 0 0 1 -0.9932617 -0.1158933 0 -0.9932628 -0.1158834 0 0.9932643 0.1158716 0 0.9932654 0.1158616 0 0 0 1 -0.9932605 -0.1159042 0 -0.9932616 -0.1158942 0 0.9932677 0.1158425 0 0.9932689 0.1158325 0 0 0 1 -0.993264 -0.1158744 0 0.9932631 0.1158818 0 0.9932619 0.1158918 0 0 0 1 0 0 1 -0.9932628 -0.1158846 0 0.9932652 0.1158635 0 0 0 1 0 0 1 -0.9932661 -0.1158563 0 0.993264 0.1158736 0 0 0 1 -0.9932637 -0.1158763 0 -0.9932649 -0.1158664 0 0.9932627 0.1158844 0 0.9932616 0.1158944 0 0 0 1 -0.9932683 -0.1158374 0 0.9932673 0.1158455 0 0.9932661 0.1158554 0 0 0 1 -0.9932671 -0.1158475 0 0.9932637 0.1158762 0 0.9932649 0.1158663 0 0 0 1 -0.9932659 -0.1158576 0 -0.9932647 -0.1158675 0 0.9932683 0.1158365 0 0.9932672 0.1158465 0 0.1158912 -0.993262 0 0 0 1 0 0 1 -0.9932634 -0.1158784 0 -0.9932646 -0.1158684 0 0.9932669 0.1158481 0 0.9932658 0.115858 0 0 0 1 0 0 1 -0.9932622 -0.1158891 0 0.9932636 0.1158774 0 0.9932647 0.1158674 0 0 0 1 0 0 1 -0.9932655 -0.1158602 0 0.9932693 0.1158285 0 0.9932681 0.1158384 0 0 0 1 -0.9932655 -0.1158611 0 -0.9932631 -0.115881 0 0.9932622 0.1158891 0 0 0 1 -0.9932631 -0.1158811 0 0.9932655 0.1158608 0 0 0 1 -0.9932676 -0.115843 0 -0.9932652 -0.1158629 0 0.9932643 0.115871 0 0 0 1 -0.9932664 -0.1158531 0 -0.9932641 -0.1158729 0 0.9932666 0.1158512 0 0.9932678 0.1158412 0 0 0 1 0 0 1 -0.9932675 -0.115844 0 0.9932665 0.1158521 0 0.9932653 0.115862 0 0 0 1 0 0 1 -0.9932674 -0.1158449 0 -0.9932662 -0.1158548 0 0.9932641 0.1158728 0 0 0 1 0 0 1 -0.993264 -0.1158741 0 -0.9932662 -0.1158542 0 0.9932674 0.1158439 0 0 0 1 -0.9932637 -0.1158757 0 -0.993265 -0.1158658 0 0.9932674 0.1158448 0 0.9932662 0.1158547 0 0 0 1 -0.9932626 -0.1158857 0 -0.9932615 -0.1158956 0 0.9932686 0.1158342 0 0.9932698 0.1158243 0 0 0 1 -0.9932661 -0.1158561 0 0.9932626 0.1158855 0 0.9932638 0.1158756 0 0 0 1 -0.9932647 -0.1158676 0 0.9932615 0.1158956 0 0 0 1 0 0 1 -0.9932682 -0.1158381 0 0.9932649 0.115866 0 0.9932661 0.115856 0 0 0 1 0 0 1 -0.9932657 -0.1158587 0 -0.9932669 -0.1158488 0 0.9932624 0.1158874 0 0.9932647 0.1158676 0 0 0 1 -0.9932644 -0.1158695 0 -0.9932657 -0.1158596 0 0.9932681 0.1158387 0 0 0 1 -0.9932634 -0.1158795 0 -0.9932645 -0.1158697 0 0.9932633 0.1158798 0 0 0 1 -0.9932641 -0.1158726 0 0.9932659 0.115858 0 0.9932646 0.1158679 0 0 0 1 -0.9932658 -0.1158585 0 -0.9932681 -0.1158388 0 0.9932628 0.1158843 0 0 0 1 -0.9932626 -0.1158855 0 -0.9932639 -0.1158756 0 0.9932666 0.1158519 0 0.9932653 0.1158618 0 0 0 1 -0.9932617 -0.1158934 0 -0.9932605 -0.1159033 0 0.9932679 0.1158401 0 0 0 1 0 0 1 -0.9932633 -0.1158801 0 -0.9932644 -0.1158702 0 0.9932649 0.1158664 0 0.993266 0.1158565 0 0 0 1 -0.9932612 -0.115898 0 -0.9932624 -0.1158881 0 0.9932685 0.1158347 0 0.9932663 0.1158545 0 0 0 1 -0.9932674 -0.1158452 0 -0.9932696 -0.1158255 0 0.9932643 0.1158708 0 0.9932655 0.115861 0 0 0 1 -0.9932664 -0.1158531 0 0.9932622 0.1158887 0 0.1158686 -0.9932646 0 0 0 1 0 0 1 -0.9932657 -0.1158596 0 -0.9932634 -0.1158793 0 0.9932638 0.1158761 0 0.9932649 0.1158663 0 0.1158815 -0.9932631 0 0 0 1 -0.9932658 -0.1158576 0 0.993263 0.1158826 0 0 0 1 -0.9932651 -0.1158648 0 -0.9932627 -0.1158845 0 0.9932656 0.1158602 0 0 0 1 -0.9932677 -0.1158425 0 0.9932636 0.1158772 0 0.9932613 0.1158969 0 0 0 1 0 0 1 -0.9932646 -0.1158686 0 0.9932662 0.1158556 0 0.993265 0.1158654 0 0 0 1 -0.9932659 -0.1158568 0 -0.9932671 -0.115847 0 0.9932665 0.1158522 0 0.9932688 0.1158325 0 0 0 1 -0.9932629 -0.1158829 0 -0.9932641 -0.115873 0 0.9932645 0.1158692 0 0 0 1 -0.993261 -0.1158999 0 0.9932683 0.115837 0 0 0 1 -0.993268 -0.115839 0 0.993264 0.1158744 0 0.993265 0.1158646 0 0 0 1 -0.9932673 -0.1158455 0 -0.9932661 -0.1158553 0 0.9932619 0.1158913 0 0 0 1 -0.9932677 -0.1158428 0 -0.9932699 -0.1158232 0 0.9932656 0.1158593 0 0.9932645 0.1158691 0 0 0 1 0 0 1 0 0 1 -0.1159034 0.9932606 0 -0.1159164 0.9932591 0 0.9932637 0.1158762 0 0.9932626 0.115886 0 0 0 1 -0.1158614 0.9932655 0 -0.1158564 0.993266 0 0.9932653 0.115863 0 -0.9932623 -0.1158887 0 -0.993261 -0.1158986 0 0.1094973 -0.9939871 0 0.1098675 -0.9939463 0 0.1098349 -0.99395 0 0.1098349 -0.9939498 0 0.1094847 -0.9939886 -9.97292e-5 0.1091459 -0.9940258 0 0.1091783 -0.9940223 0 0.1091641 -0.9939876 -0.008481979 0.109484 -0.9939886 0 0.1091518 -0.9938805 -0.01696223 0.1083917 -0.9941084 0 0.1091136 -0.9940293 0 0.1092107 -0.9940187 0 0.1084238 -0.9941048 0 0.1083595 -0.9941118 0 0.1099652 -0.9939355 0 0.1099326 -0.9939391 0 0.1099 -0.9939427 0 0.1090813 -0.9940329 0 0.1092755 -0.9940115 0 0.1100304 -0.9939283 0 0.1085203 -0.9940943 0 0.1094843 -0.9939886 0 0.1091451 -0.9938191 0.02027386 0.1099213 -0.9939352 -0.003180563 0.1094847 -0.9939886 0 0.1094834 -0.9939887 0 0.1094837 -0.9939886 6.85994e-5 0.1094915 -0.9939033 -0.01296347 0.09371745 -0.8592784 0.5028497 0.1094945 -0.993927 -0.01096934 0.1021222 -0.9299787 0.3531439 0.1094846 -0.9939861 -0.002193987 0.1071807 -0.9758958 0.1901045 0.1094922 -0.9939057 -0.01276409 0.09649765 -0.8849045 0.4556668 0.1095016 -0.9939786 -0.0039891 0.1091007 -0.9933776 0.03602647 0.1094833 -0.993987 -0.001795053 0.1087954 -0.9837667 -0.1427117 0.1094589 -0.9939309 0.0109694 0.1060813 -0.9587126 -0.2638506 0.1094828 -0.9939823 -0.003590166 0.1077034 -0.9808043 0.1625519 0.1094834 -0.9939879 -0.001196682 0.1088833 -0.9845616 -0.1370509 0.1094599 -0.993924 0.01156783 0.1040005 -0.940409 -0.3237515 0.1094857 -0.9939871 0.001595675 0.1075562 -0.9803596 0.1653083 0.1094848 -0.9939883 -5.98375e-4 0.1076357 -0.9732801 -0.2028316 0.1094831 -0.9939882 -9.97279e-4 0.1090695 -0.992034 0.06302827 0.1094827 -0.9939815 0.003789603 0.1082428 -0.9792917 -0.1710889 0.1094835 -0.9939886 -3.98912e-4 0.1077011 -0.9807834 0.1626793 0.1094855 -0.993982 -0.003590226 0.1063454 -0.9682902 0.2260634 0.1094829 -0.9939867 -0.00199455 0.1067448 -0.9657393 -0.2365443 0.1094654 -0.9939618 0.007579267 0.1073606 -0.9718278 -0.2098205 0.1094856 -0.9939826 0.003390789 0.1092694 -0.9880524 -0.1086857 0.1094843 -0.9939869 -0.001795113 0.1089595 -0.9931502 -0.04219692 0.1094861 -0.993987 0.001595675 0.1098864 -0.9936321 0.02490699 0.109465 -0.9939861 0.002991795 0.1081975 -0.9783601 -0.1763657 0.1094847 -0.9939878 -0.001196742 0.1089191 -0.9917244 0.06796616 0.1094829 -0.9939867 0.00199455 0.1089692 -0.9921807 0.06085371 0.1094846 -0.9939884 3.98917e-4 0.1088137 -0.9839318 -0.141555 0.1094861 -0.9939877 0.001196742 0.1085433 -0.9825338 -0.1511489 0.1094658 -0.9939791 0.004786908 0.1088036 -0.9838403 -0.1421977 0.1094833 -0.9939885 5.98368e-4 0.1092863 -0.994006 0.002918839 0.1094833 -0.9939887 0 0.1093792 -0.9901007 -0.08795911 0.1094654 -0.993976 0.005385279 0.1095995 -0.9910373 -0.0763759 0.109486 -0.9939883 0 0.109167 -0.9939814 -0.009144604 0.1094833 -0.9939886 3.98912e-4 0.1089921 -0.9855452 -0.1296977 0.1094818 -0.9939873 0.001795053 0.1091663 -0.9939751 -0.009807169 0.109486 -0.9939882 5.98383e-4 0.1089889 -0.9923599 0.05782145 0.1095008 -0.9939839 -0.002393424 0.1081724 -0.9913598 0.07419323 0.1094983 -0.9939867 -7.97802e-4 0.1089728 -0.9912301 0.07475239 0.1094834 -0.9939884 -7.97824e-4 0.1089898 -0.9924055 0.0570302 0.1094847 -0.9939878 -0.001196742 0.1089906 -0.9924131 0.05689835 0.109501 -0.9939863 -9.97277e-4 0.1090991 -0.9933634 0.03642332 0.1094846 -0.9939884 -3.98917e-4 0.1095747 -0.9908131 -0.07926499 0.1094654 -0.9939878 0.002393424 0.1099127 -0.9938698 -0.01192641 0.1094834 -0.9939885 -5.98368e-4 0.1091645 -0.9934669 0.03326576 0.1094833 -0.9939885 -5.98368e-4 0.109891 -0.9936732 -0.02318567 0.1094656 -0.9939903 7.97825e-4 0.1099137 -0.9938597 -0.01272135 0.1091185 -0.9935778 0.02993977 0.1098949 -0.9936999 -0.02199387 0.1113243 -0.9937842 0 0.1107851 -0.9938445 0 0.1106539 -0.993859 0 0.1106756 -0.9938544 -0.002120196 0.1113344 -0.9937831 3.49054e-4 0.1114076 -0.9937749 0 0.1114885 -0.9937658 0 0.1115397 -0.99376 0 0.1113358 -0.9937828 1.99462e-4 0.1113541 -0.9936363 -0.01694899 0.1113416 -0.9937822 0 0.1113167 -0.9937849 -3.9892e-4 0.1114736 -0.9937674 0 0.1107195 -0.9938517 0 0.1126281 -0.9936373 0 0.1124942 -0.9936525 0 0.1117386 -0.9937377 0 0.1118715 -0.9937227 0 0.1112099 -0.993797 0 0.1120947 -0.9936976 0 0.1119621 -0.9937125 0 0.1111147 -0.9938077 0 0.1109827 -0.9938223 0 0.1110785 -0.9938117 0 0.1105883 -0.9938664 0 0.1104575 -0.9938809 0 0.1120048 -0.9937078 0 0.1127622 -0.9936221 0 0.1104592 -0.9934926 0.02777332 0.1112507 -0.9937639 0.007540524 0.1127166 -0.9936192 -0.00399363 0.1113399 -0.9937821 -7.97878e-4 0.1113371 -0.9937827 -1.99465e-4 0.1113167 -0.9937851 0 0.1112872 -0.9937883 0 0.1113294 -0.9937836 5.58397e-5 0.1099665 -0.9800131 0.165776 0.1113337 -0.9937543 -0.007579386 0.1074113 -0.9585487 0.2639074 0.1113171 -0.9937829 -0.00199455 0.1114764 -0.9937654 -0.001855969 0.111334 -0.9937815 -0.001795113 0.1076329 -0.9602406 0.2575912 0.1113295 -0.9937413 -0.009174704 0.105962 -0.952091 0.2868707 0.1113334 -0.9937759 0.003789663 0.1091234 -0.9724992 -0.2057609 0.111334 -0.993781 0.00199455 0.1097632 -0.9784924 -0.1746562 0.1113173 -0.9937847 5.9838e-4 0.1109941 -0.9905217 -0.08091545 0.1113342 -0.9937829 5.98379e-4 0.1108227 -0.9876438 -0.1108069 0.1113341 -0.9937826 -9.97298e-4 0.1071731 -0.9564225 0.2716066 0.1113162 -0.9937817 -0.002592921 0.1080499 -0.9629326 0.2471561 0.1113305 -0.9937499 -0.008177518 0.1113503 -0.9937 -0.01271253 0.1113116 -0.9937336 0.01017189 0.108789 -0.9698084 -0.2182586 0.1113368 -0.9937812 0.001795172 0.1021049 -0.9109228 -0.3997426 0.1112982 -0.9936459 0.01675188 0.09366339 -0.8275576 -0.5535121 0.1113054 -0.9937604 0.007179796 0.1114991 -0.9904909 -0.08059668 0.1113035 -0.9937685 0.005983054 0.1080393 -0.954575 -0.2776945 0.1113219 -0.9937764 0.003989338 0.1109672 -0.992393 0.05331468 0.1113187 -0.9937791 0.003390848 0.1008788 -0.894858 -0.4348019 0.1113165 -0.993735 0.009972989 0.1089803 -0.9735872 -0.2006274 0.1113152 -0.9937446 0.008975565 0.1030716 -0.9144448 -0.3913658 0.1113158 -0.9937531 0.00797832 0.1103919 -0.9860509 -0.1245689 0.1113369 -0.9937825 5.98394e-4 0.1061465 -0.9440909 -0.3121306 0.1113003 -0.9937148 0.01196581 0.107322 -0.9545468 -0.2780692 0.1113249 -0.9937716 0.004986047 0.1074011 -0.9553915 -0.2751221 0.1113254 -0.9937761 0.003988862 0.1109753 -0.9928845 0.04318618 0.1113371 -0.9937812 -0.001795172 0.1111937 -0.9932132 0.03411191 0.1113337 -0.9937786 -0.002991855 0.111136 -0.9926974 0.04691261 0.111342 -0.9937742 -0.003989458 0.1037392 -0.9350994 0.3388617 0.111339 -0.9937728 -0.004388272 0.1104756 -0.9869453 0.1171932 0.1113358 -0.9937694 -0.005185961 0.109525 -0.9851544 0.1321932 0.1113373 -0.9937824 7.97858e-4 0.1081525 -0.9609038 -0.2548864 0.1113197 -0.9937782 0.003589749 0.1092498 -0.9696141 -0.2188906 0.111301 -0.9937462 0.008974432 0.1098813 -0.977309 -0.1810896 0.1113261 -0.9937826 0.001595556 0.110561 -0.9835009 -0.1431862 0.1113398 -0.9937795 -0.002393603 0.1112467 -0.9936863 0.01455074 0.1113188 -0.9937797 0.003191411 0.1111901 -0.9931814 0.03503632 0.1113362 -0.9937763 -0.003590285 0.1110339 -0.9917856 0.06350487 0.1113344 -0.9937814 0.001795113 0.1100252 -0.9896537 0.09208834 0.1113387 -0.9937701 -0.004986643 0.1028585 -0.9251908 0.3652976 0.111353 -0.9937642 -0.005784332 0.1104848 -0.9895542 0.09260529 0.1113234 -0.9937836 0.001196622 0.110089 -0.9837524 -0.1418164 0.1113435 -0.993782 1.99444e-4 0.1109056 -0.9931746 0.0361154 0.1113536 -0.9937694 -0.004787087 0.1099154 -0.9886663 0.1022622 0.1113345 -0.9937826 7.97838e-4 0.1095756 -0.9856098 0.1287118 0.1113556 -0.9937615 -0.006183385 0.1091404 -0.9816218 0.1565472 0.1113371 -0.9937825 -5.98394e-4 0.1111099 -0.9924647 0.05165779 0.111337 -0.9937818 -0.001396238 0.1110822 -0.9922909 -0.05495113 0.1113222 -0.9937837 0.001196801 0.1106416 -0.9883549 0.1044667 0.1113342 -0.9937792 -0.002792418 0.1113678 -0.9895447 -0.0916441 0.1113071 -0.9937736 0.004986047 0.1114101 -0.99204 -0.05869036 0.111326 -0.9937835 9.97224e-4 0.1106175 -0.9817523 -0.1546812 0.1113228 -0.9937799 0.002991557 0.1109216 -0.9933918 0.02948302 0.1113368 -0.9937794 -0.00259298 0.1112328 -0.9936364 -0.01772457 0.1113216 -0.9937787 0.003390967 0.1112433 -0.9937297 0.01124423 0.1113342 -0.9937802 -0.002393484 0.1111663 -0.993005 0.0397889 0.1113399 -0.9937815 -0.001396238 0.1102392 -0.9915415 0.06850504 0.1113345 -0.9937831 -1.9946e-4 0.111248 -0.993735 0.01071518 0.1113398 -0.9937819 -9.97347e-4 0.1117244 -0.9937392 -1.32853e-4 0.1113083 -0.9937855 9.97226e-4 0.111586 -0.9925083 -0.04975807 0.1113232 -0.9937827 0.001794934 0.1117855 -0.9921926 -0.05529904 0.1113262 -0.9937839 -1.99445e-4 0.1116041 -0.9937307 -0.006635487 0.1113222 -0.9937844 0 0.1112534 -0.9937831 0.00423336 0.1113344 -0.9937831 1.9946e-4 0.1112515 -0.9937844 0.003968775 0.1121409 -0.9936923 0 0.1111361 -0.9937962 -0.004228889 0.1121199 -0.9936948 9.9726e-5 0.1123607 -0.9936675 0 0.1121161 -0.9936952 0 0.1133844 -0.9935512 0 0.1127141 -0.9936276 0 0.1128475 -0.9936124 0 0.1118298 -0.9937274 0 0.112581 -0.9936426 0 0.1121697 -0.9936891 0 0.1121051 -0.9936964 0 0.1121004 -0.9936969 0 0.1121126 -0.9936955 0 0.1121125 -0.9936956 0 0.1121135 -0.9936954 1.14873e-4 0.1109586 -0.9844176 -0.1364189 0.1121141 -0.9936925 0.002393245 0.1112419 -0.9874411 -0.1121851 0.1120855 -0.9936217 0.01236414 0.09589463 -0.8396623 -0.534576 0.1120958 -0.9936909 0.003589928 0.1120893 -0.9880952 -0.1053756 0.112094 -0.9936717 0.007179737 0.1062952 -0.9367166 -0.3335618 0.1121099 -0.9936879 0.003989279 0.1091554 -0.9741127 0.197964 0.1121271 -0.9936824 -0.004787147 0.1118333 -0.9921775 -0.05547314 0.1121131 -0.9936946 -0.001396298 0.09949928 -0.888755 0.4474536 0.112133 -0.993552 -0.01675319 0.09895914 -0.8839307 0.457027 0.1121258 -0.9936709 -0.006781697 0.10775 -0.962596 0.2485937 0.1121302 -0.99366 -0.008178234 0.1093944 -0.9715735 0.2099477 0.1121047 -0.9936957 -0.001196742 0.1119659 -0.9901804 0.08370512 0.1121191 -0.993686 -0.004188418 0.1119738 -0.988134 -0.1051347 0.1120988 -0.9936891 0.003988862 0.1121186 -0.990471 -0.07997918 0.112102 -0.993696 0.001196682 0.1118414 -0.9922493 0.0541563 0.1121097 -0.9936894 0.003590345 0.1089653 -0.9601051 -0.2575362 0.1120927 -0.9936719 0.007180809 0.1107884 -0.9763118 -0.1858527 0.1121125 -0.9936891 -0.003590464 0.1121604 -0.9935989 -0.01346564 0.1120827 -0.9936692 0.007679224 0.1121048 -0.9936946 -0.001927256 0.112161 -0.9935843 -0.01449757 0 0 1 0 0 1 -0.9931616 -0.1167475 0 -0.9931532 -0.11682 0 -0.9931524 -0.1168264 0 -0.9931526 -0.1168252 0 -0.09617328 0.9953647 0 0.9930631 0.1175829 0 0.9930631 0.1175833 0 0.1168201 -0.9931531 0 -0.1216985 0.9925671 0 -0.1216423 0.9925741 0 -0.1216495 0.9925732 0 -0.1216731 0.9925702 -1.13586e-4 -0.9986188 -0.05254191 0 -0.9986194 -0.05252981 0 0.9986298 0.05233138 0 0.9986257 0.05241066 0 0.9986189 0.05254012 0 0.9986185 0.05253046 0.001271903 0.1216636 -0.9925714 0 0.1216745 -0.9925701 0 0 0 1 0 0 1 0 0 1 0.9986173 0.05257052 0 0.998618 0.05255842 0 -0.9986185 -0.05254769 0 0.1216824 -0.9925691 0 0 0 1 0.9986189 0.05254018 0 -0.9986194 -0.05252951 0 -0.9986206 -0.05250537 0 0.1216779 -0.9925697 0 0 0 1 0.998618 0.05255818 0 0.9986186 0.05254602 0 -0.9986178 -0.05255967 0 -0.9986172 -0.05257177 0 0.1216691 -0.9925708 0 0 0 1 0.9986182 0.05255192 0 -0.9986195 -0.05252909 0 0.1216769 -0.9925698 0 0 0 1 0 0 1 0.9986179 0.05255776 0 0.9986174 0.05256992 0 -0.9986191 -0.05253511 0 -0.9986198 -0.05252301 0 0 0 1 0.9986196 0.05252736 0 0.9986189 0.05253952 0 -0.9986169 -0.05257737 0 0.1216853 -0.9925687 0 0.1216799 -0.9925695 0 0 0 1 0.9986193 0.05253326 0 0.9986186 0.05254536 0 -0.9986191 -0.05253487 0 -0.9986179 -0.05255907 0 0 0 1 0.9986183 0.0525512 0 0.998619 0.05253905 0 -0.9986183 -0.05255275 0 0 0 1 0 0 1 0.998618 0.05255728 0 0.9986186 0.05254513 0 -0.9986197 -0.0525223 0 -0.9986192 -0.0525344 0 0 0 1 0 0 1 0.9986195 0.05252683 0 0.9986202 0.05251473 0 -0.9986169 -0.05257672 0 -0.9986175 -0.05256462 0 0.1216986 -0.9925671 0 0 0 1 0.998618 0.05255681 0 0.9986173 0.05256897 0 -0.9986186 -0.05254644 0 -0.9986191 -0.05253434 0 0 0 1 0.9986189 0.05253863 0 -0.9986189 -0.05253994 0 0.1216878 -0.9925685 0 0 0 1 0.9986193 0.05253225 0 0.9986187 0.05254441 0 -0.998618 -0.05255812 0 0 0 1 0.998619 0.05253833 0 0.9986183 0.05255049 0 -0.9986177 -0.05256402 0 -0.9986183 -0.05255192 0 0 0 1 0.998618 0.05255651 0 -0.9986192 -0.05253368 0 0.1216725 -0.9925704 0 0 0 1 0.9986177 0.05256217 0 0.9986171 0.05257433 0 -0.9986189 -0.05253946 0 0 0 1 0.9986193 0.05253177 0 -0.9986186 -0.05254536 0 -0.9986192 -0.05253326 0 0.1216834 -0.992569 0 0 0 1 0 0 1 0.998619 0.05253767 0 0.9986183 0.05254983 0 -0.9986183 -0.05255138 0 0 0 1 0.9986187 0.05254369 0 0.998618 0.05255585 0 -0.9986199 -0.05252087 0 -0.9986192 -0.05253297 0 0 0 1 0.9986183 0.0525496 0 -0.9986177 -0.05256307 0 0 0 1 0.9986199 0.05251902 0 0.9986193 0.05253118 0 -0.9986187 -0.05254471 0 -0.9986192 -0.05253261 0 0 0 1 0.9986171 0.05257362 0 0.9986177 0.05256146 0 -0.9986183 -0.05255073 0 -0.9986196 -0.05252647 0 0 0 1 0 0 1 0.9986193 0.05253088 0 0.9986187 0.05254304 0 -0.998618 -0.05255675 0 0 0 1 0.9986191 0.0525369 0 0.9986184 0.05254906 0 -0.9986183 -0.05255049 0 0.1216647 -0.9925714 0 0 0 1 0 0 1 0.9986175 0.05256712 0 0.9986187 0.0525428 0 -0.9986199 -0.05251997 0 -0.9986187 -0.05254417 0 0 0 1 0.9986178 0.0525608 0 -0.998619 -0.05253809 0 0 0 1 0 0 1 0.9986193 0.05253034 0 0.99862 0.05251818 0 -0.9986181 -0.05255603 0 -0.9986193 -0.05253183 0 0 0 1 0 0 1 0.9986185 0.05254834 0 0.998619 0.05253618 0 -0.9986184 -0.05254995 0 -0.998619 -0.05253779 0 0 0 1 0 0 1 0.9986187 0.05254209 0 -0.9986187 -0.05254358 0 -0.9986181 -0.05255568 0 0.1216888 -0.9925683 0 0.1216942 -0.9925677 0 0 0 1 0.9986185 0.05254817 0 0.998619 0.05253601 0 -0.998619 -0.05253744 0 -0.9986196 -0.05252528 0 0 0 1 0.9986201 0.05251747 0 0.9986194 0.05252963 0 -0.9986194 -0.0525313 0 0 0 1 0.9986178 0.05256003 0 0.9986172 0.05257219 0 -0.998619 -0.05253714 0 0 0 1 0.9986188 0.05254137 0 0.9986194 0.05252921 0 -0.9986187 -0.05254304 0 0.1216755 -0.99257 0 0.1216809 -0.9925693 0 0 0 1 0.9986184 0.05254745 0 0.9986191 0.05253529 0 -0.9986184 -0.05254888 0 0 0 1 0.9986201 0.05251693 0 0.9986208 0.05250477 0 -0.9986181 -0.0525549 0 -0.9986174 -0.05256706 0 0 0 1 0 0 1 0.9986178 0.05255943 0 0.9986185 0.05254727 0 -0.998619 -0.05253672 0 0 0 1 0.9986181 0.05255317 0 0.9986176 0.05256533 0 -0.9986175 -0.05256676 0 0 0 1 0.9986186 0.05254679 0 0.9986191 0.05253463 0 -0.9986184 -0.0525484 0 -0.998619 -0.05253624 0 0 0 1 0.9986175 0.05256503 0 -0.9986181 -0.05255448 0 -0.9986184 -0.0525484 0 0.1216718 -0.9925704 0 0 0 1 0.9986189 0.05254065 0 0.9986185 0.05254673 0 -0.9986197 -0.05252385 0 -0.99862 -0.05251777 0 0.1216797 -0.9925695 0 0 0 1 0 0 1 0.9986186 0.05254638 0 0.9986179 0.05255854 0 -0.9986178 -0.05256021 0 0.1216664 -0.9925711 0 0 0 1 0.9986182 0.0525524 0 0.9986175 0.05256456 0 -0.9986194 -0.05252945 0 -0.9986191 -0.05253553 0 0 0 1 0.9986179 0.05255848 0 -0.9986191 -0.05253553 0 -0.9986184 -0.05254769 0 0.121685 -0.9925688 0 0 0 1 0.9986191 0.05253386 0 0.9986189 0.05253994 0 -0.9986188 -0.05254155 0 -0.9986185 -0.05254763 0 0 0 1 0 0 1 0.9986192 0.05253362 0 0.9986186 0.05254584 0 -0.9986182 -0.05255347 0 -0.9986178 -0.05255955 0 0 0 1 0.9986183 0.05255174 0 0.9986186 0.05254566 0 -0.9986198 -0.05252295 0 0 0 1 0.9986179 0.05255776 0 0.9986183 0.05255168 0 -0.9986195 -0.05252879 0 -0.9986188 -0.05254095 0 0.1216752 -0.99257 0 0 0 1 0.9986192 0.05253332 0 -0.9986192 -0.05253475 0 -0.9986186 -0.05254691 0 0 0 1 0.9986195 0.05252683 0 0.998619 0.05253905 0 -0.9986182 -0.05255264 0 -0.9986189 -0.05254048 0 0.1216806 -0.9925694 0 0 0 1 0 0 1 0.9986193 0.05253291 0 0.9986186 0.05254513 0 -0.9986183 -0.05255264 0 -0.9986185 -0.05254656 0 0.1216915 -0.992568 0 0 0 1 0 0 1 0.9986183 0.05255097 0 0.9986186 0.05254489 0 -0.9986179 -0.05255866 0 -0.9986183 -0.05255258 0 0.121662 -0.9925716 0 0 0 1 0.9986202 0.05251437 0 0.9986196 0.05252659 0 -0.9986178 -0.0525586 0 0.1216827 -0.9925692 0 0 0 1 0.998618 0.05255675 0 0.9986183 0.05255067 0 -0.9986189 -0.05254006 0 -0.9986191 -0.05253398 0 0 0 1 0.9986173 0.05256885 0 0.998618 0.05255669 0 -0.9986172 -0.0525704 0 -0.9986166 -0.05258256 0 0 0 1 0 0 1 0.9986193 0.05253213 0 0.998619 0.05253827 0 -0.9986183 -0.05255186 0 -0.9986186 -0.05254578 0 0 0 1 0.9986189 0.05253821 0 0.9986183 0.05255043 0 -0.9986182 -0.05255186 0 0 0 1 0.998618 0.05255633 0 0.9986186 0.05254417 0 -0.9986193 -0.05253326 0 -0.9986196 -0.05252718 0 0 0 1 0.9986177 0.05256229 0 0.9986184 0.05255007 0 -0.9986183 -0.05255144 0 -0.9986174 -0.05256968 0 0 0 1 0.9986196 0.05252546 0 0.9986193 0.05253154 0 -0.9986186 -0.05254536 0 -0.9986196 -0.05252712 0 0 0 1 0 0 1 0.9986177 0.05256199 0 0.9986171 0.05257421 0 -0.9986186 -0.05254507 0 -0.9986183 -0.0525512 0 0 0 1 0.9986183 0.0525496 0 0.998619 0.05253738 0 -0.9986183 -0.0525512 0 0 0 1 0 0 1 0.9986183 0.05254954 0 0.9986187 0.05254346 0 -0.998618 -0.05255681 0 -0.9986177 -0.05256289 0 0 0 1 0.9986181 0.05255544 0 0.9986184 0.05254936 0 -0.998619 -0.05253857 0 -0.9986196 -0.05252641 0 0 0 1 0.9986178 0.05256128 0 0.9986175 0.05256742 0 -0.9986193 -0.05253243 0 -0.9986187 -0.05254459 0 0 0 1 0.9986191 0.0525369 0 0.9986196 0.05252468 0 -0.9986186 -0.0525465 0 -0.9986183 -0.05255258 0 0 0 1 0.998619 0.05253803 0 0.9986186 0.05254417 0 -0.9986182 -0.05255275 0 0 0 1 0 0 1 0.998618 0.05255669 0 0.9986187 0.05254447 0 -0.9986195 -0.05252903 0 0 0 1 0 0 1 0.9986183 0.05255091 0 0.998618 0.05255699 0 -0.9986191 -0.05253535 0 0 0 1 0 0 1 0.9986192 0.05253291 0 -0.9986201 -0.05251747 0 -0.9986204 -0.05251139 0 0.1216674 -0.9925709 0 0 0 1 0.9986189 0.05253934 0 -0.9986178 -0.05256015 0 -0.9986181 -0.05255407 0 0 0 1 0.9986202 0.05251538 0 -0.9986178 -0.05256056 0 0.1216861 -0.9925686 0 0 0 1 0.9986183 0.05255216 0 -0.998619 -0.05253672 0 0 0 1 0.9986189 0.05254024 0 0.9986194 0.05252802 0 -0.9986184 -0.05254894 0 -0.9986187 -0.05254292 0 0 0 1 0.9986191 0.05253452 0 0.9986189 0.0525406 0 -0.9986181 -0.05255538 0 0 0 1 0 0 1 0.9986205 0.05251055 0 0.99862 0.05251663 0 -0.9986174 -0.05256778 0 -0.9986177 -0.05256175 0 0.1216959 -0.9925674 0 0.1217013 -0.9925668 0 0 0 1 0.9986182 0.05255341 0 0.9986178 0.05255949 0 -0.998619 -0.05253785 0 -0.9986193 -0.05253177 0 0 0 1 0.9986175 0.05256575 0 -0.9986183 -0.05255007 0 -0.9986186 -0.05254399 0 0 0 1 0.9986191 0.05253583 0 0.9986187 0.05254191 0 -0.9986184 -0.05255061 0 -0.998618 -0.05255663 0 0 0 1 0.9986181 0.05255424 0 0.9986185 0.05254822 0 -0.9986177 -0.05256289 0 0 0 1 0.9986181 0.0525546 0 0.9986178 0.05256062 0 -0.9986192 -0.05253314 0 -0.998619 -0.05253922 0 0 0 1 0.9986174 0.05256682 0 0.9986178 0.0525608 0 -0.9986189 -0.05253934 0 -0.9986186 -0.05254536 0 0 0 1 0.9986187 0.0525431 0 0.998619 0.05253702 0 -0.9986196 -0.0525276 0 -0.9986198 -0.05252158 0 0 0 1 0.9986184 0.05254948 0 -0.998618 -0.05255812 0 -0.9986177 -0.05256414 0 0 0 1 0.9986178 0.05256193 0 -0.9986192 -0.05253428 0 -0.9986189 -0.0525403 0 0 0 1 0.998618 0.05255621 0 0.9986177 0.05256223 0 -0.9986185 -0.05254656 0 -0.9986189 -0.05254054 0 0 0 1 0.9986193 0.05253231 0 0.9986187 0.05254441 0 -0.9986198 -0.05252283 0 -0.9986201 -0.05251681 0 0 0 1 0 0 1 0.9986183 0.05255067 0 0.9986186 0.05254459 0 -0.9986178 -0.05255943 0 -0.9986175 -0.05256545 0 0 0 1 0.9986199 0.05252075 0 -0.9986191 -0.05253553 0 0 0 1 0.9986176 0.05256342 0 0.9986173 0.0525695 0 -0.9986188 -0.05254191 0 0 0 1 0 0 1 0.9986189 0.05253958 0 0.9986186 0.05254566 0 -0.99862 -0.05251795 0 -0.9986197 -0.05252397 0 0 0 1 0 0 1 0.9986185 0.0525459 0 0.9986183 0.05255192 0 -0.9986181 -0.05255454 0 -0.9986178 -0.05256056 0 0 0 1 0.9986198 0.05252194 0 -0.9986174 -0.05256688 0 0 0 1 0.998618 0.05255854 0 -0.9986187 -0.05254304 0 0 0 1 0.9986188 0.05254077 0 0.9986191 0.05253475 0 -0.9986184 -0.05254936 0 -0.9986181 -0.05255538 0 0 0 1 0 0 1 0.9986186 0.05254715 0 -0.998619 -0.05253791 0 -0.9986196 -0.05252587 0 0 0 1 0.99862 0.05251735 0 0.9986194 0.05252939 0 -0.9986174 -0.05256801 0 0 0 1 0.9986191 0.05253553 0 0.9986194 0.05252951 0 -0.998619 -0.05253833 0 -0.9986186 -0.05254435 0 0 0 1 0.998619 0.05253607 0 -0.9986183 -0.05255067 0 -0.9986187 -0.05254465 0 0.1216932 -0.9925678 0 0 0 1 0.9986185 0.05254822 0 0.9986188 0.0525422 0 -0.9986196 -0.05252701 0 0 0 1 0.9986181 0.0525546 0 -0.9986173 -0.05256927 0 -0.9986177 -0.05256325 0 0 0 1 0.9986196 0.05252492 0 0.9986194 0.05253088 0 -0.9986189 -0.05253952 0 -0.9986186 -0.05254548 0 0 0 1 0.9986175 0.0525673 0 0.9986172 0.05257326 0 -0.9986183 -0.0525518 0 -0.9986186 -0.05254584 0 0 0 1 0.998619 0.05253756 0 0.9986183 0.0525496 0 -0.9986194 -0.05252826 0 0 0 1 0.998618 0.05255591 0 0.9986183 0.05254989 0 -0.9986176 -0.05256444 0 -0.9986172 -0.05257046 0 0 0 1 0.9986193 0.05253225 0 -0.9986188 -0.05254065 0 -0.9986186 -0.05254667 0 0 0 1 0.9986174 0.05256849 0 -0.9986182 -0.05255293 0 0 0 1 0.9986186 0.05254471 0 0.9986183 0.05255073 0 -0.9986197 -0.05252361 0 -0.9986194 -0.05252957 0 0 0 1 0.9986183 0.05255103 0 0.998618 0.05255705 0 -0.9986185 -0.05254763 0 0 0 1 0.9986189 0.0525394 0 0.9986183 0.05255138 0 -0.9986189 -0.0525394 0 -0.1214744 0.9925947 0 -0.1215108 0.9925901 0 0 0 1 0.9986186 0.05254578 0 -0.9986183 -0.05255132 0 -0.1217099 0.9925658 0 -0.1216955 0.9925675 0 0 0 1 0 0 1 0.9986186 0.05254608 0 -0.1216712 0.9925705 0 0 0 1 0.9986185 0.0525462 0 0.9986189 0.05254024 0 -0.9986183 -0.0525515 0 -0.1216855 0.9925687 0 0 0 1 0.9986183 0.05255252 0 0.9986186 0.05254656 0 -0.1216854 0.9925687 0 -0.1216905 0.9925681 0 0 0 1 0.9986185 0.05254685 0 -0.1216921 0.9925679 0 -0.1216963 0.9925675 0 0 0 1 0.9986186 0.05254715 0 0.9986189 0.05254119 0 -0.1216794 0.9925696 0 -0.121683 0.992569 0 0 0 1 0.9986191 0.05253565 0 0.9986184 0.05254757 0 -0.121668 0.9925709 0 -0.1216711 0.9925705 0 0 0 1 0.9986185 0.05254769 0 -0.1216851 0.9925688 0 -0.1216906 0.9925681 0 0 0 1 0.9934847 0.1139657 0 0.9934188 0.1145394 0 0.9934187 0.1145399 0 0.9934187 0.1145395 2.26598e-4 0.1091585 -0.9940244 0 0.109015 -0.9940402 0 0.1093588 -0.9940023 4.6104e-4 0.1090807 -0.9940329 -5.61461e-5 0.1089766 -0.9940443 0 0.108977 -0.9940443 0 0.1090807 -0.9940329 -1.79667e-4 0.1091482 -0.9939165 0.01472467 0.109679 -0.9939671 0 0.1093769 -0.9940004 0 0.1095594 -0.9939804 0 0.1096601 -0.9939692 0 0.1090587 -0.9940353 0 0.1095781 -0.9939782 0 0.1094774 -0.9939893 0 0.1086128 -0.9940842 0 0.1097609 -0.9939581 0 0.1092123 -0.9940185 0 0.1091119 -0.9940295 0 0.108877 -0.9940553 0 0.1090117 -0.9940406 0 0.1093129 -0.9940075 0 0.1091763 -0.9940225 0 0.1093586 -0.9940025 0 0.1084309 -0.9941041 0 0.1094136 -0.9939963 0 0.1087775 -0.9940662 0 0.1088119 -0.9940624 0 0.1090645 -0.9940348 0 0.1090831 -0.9940326 -1.79672e-4 0.1090734 -0.9940338 -1.79655e-4 0.109355 -0.9939771 -0.007145881 0.1091764 -0.9940222 5.76312e-4 0.1090753 -0.9940335 -3.53197e-4 0.109031 -0.9938163 0.02101409 0.09560328 -0.8689172 -0.4856367 0.1090703 -0.9940041 0.00772494 0.106504 -0.9697474 -0.2196522 0.1090781 -0.9940301 0.002515256 0.1060733 -0.9658693 0.2363154 0.1090681 -0.9940291 0.003233611 0.08533006 -0.7740749 -0.6273172 0.1090698 -0.9939997 0.008263826 0.1060693 -0.967624 -0.2290267 0.109068 -0.9940307 -0.002694904 0.1061788 -0.9681126 0.2269014 0.1090827 -0.9940274 0.003234028 0.1087973 -0.9911502 -0.07605701 0.1090664 -0.9940134 0.006467163 0.1002 -0.9090031 -0.4045656 0.109066 -0.9940098 -0.007006049 0.106412 -0.9702385 0.2175176 0.1090816 -0.9940308 0.00197637 0.1058969 -0.971019 0.2142613 0.1090665 -0.9940147 0.006287515 0.1023219 -0.9247664 -0.3665207 0.1090677 -0.9940258 0.004131853 0.1065731 -0.9722205 0.2083972 0.1090744 -0.9939962 -0.00862348 0.1056185 -0.9616842 -0.2529986 0.1090671 -0.9940198 0.005389332 0.1083056 -0.985763 0.1286126 0.1090685 -0.9940323 -0.001976072 0.1069692 -0.9740271 0.1995716 0.1090782 -0.9940313 -0.001976251 0.1083758 -0.9886655 0.1039014 0.1090822 -0.9940227 -0.004491686 0.1085315 -0.9933377 -0.03874474 0.1090822 -0.9940326 7.18589e-4 0.1071902 -0.9756108 0.1915567 0.1090686 -0.9940338 0.00107783 0.1088532 -0.9930207 -0.04539847 0.1090745 -0.9939978 -0.008443832 0.1073154 -0.9771347 0.183552 0.1090831 -0.994031 -0.001796662 0.1086642 -0.9927099 -0.05214488 0.1090772 -0.9940331 7.18589e-4 0.1001324 -0.9181612 0.383345 0.1087792 -0.9923455 -0.05846107 0.1090821 -0.9939889 -0.009342491 0.1087963 -0.9925016 0.05571329 0.1090669 -0.9940179 0.005748569 0.1090846 -0.9928526 -0.04841774 0.1090785 -0.9940316 -0.001796424 0.1071285 -0.9804957 0.1647777 0.1090803 -0.9940184 -0.005390048 0.1075403 -0.9809963 0.1614972 0.1090683 -0.9940316 0.002335369 0.1033807 -0.9376109 -0.3319614 0.1090679 -0.9940279 0.003592908 0.1090046 -0.9909384 -0.07847988 0.1090777 -0.9940267 0.003593206 0.1082515 -0.9907745 -0.08153247 0.1090832 -0.9940326 -3.59343e-4 0.1077486 -0.982944 0.1490343 0.107801 -0.9834223 0.145806 0.1090804 -0.9940069 -0.007186651 0.1087152 -0.9898809 -0.09119731 0.1090768 -0.9940187 -0.005389809 0.1018157 -0.9301448 0.352795 0.1090682 -0.9940297 -0.003053963 0.1083577 -0.9830092 -0.1481607 0.1090599 -0.9939994 0.008442699 0.1073096 -0.9773399 -0.1824594 0.1090822 -0.9940234 -0.004312038 0.1080732 -0.9856451 0.1297081 0.1090818 -0.9940257 -0.003773033 0.1091652 -0.9939779 0.009548604 0.109051 -0.9939988 0.008622765 0.1071687 -0.9719654 -0.2092803 0.1090679 -0.9940338 0.00107783 0.1091696 -0.994018 0.003221333 0.1080236 -0.9872774 0.1166803 0.1090735 -0.994033 0.001257538 0.1031231 -0.9354855 -0.3379833 0.1090507 -0.9939957 0.008982002 0.1093679 -0.9939789 -0.006684899 0.1089887 -0.9939938 -0.009893894 0.1090681 -0.9940323 0.001976072 0.1092644 -0.9913275 -0.07301366 0.1090686 -0.9940335 0.001257479 0.1089646 -0.9939057 -0.01668012 0.1090828 -0.9940285 -0.002874732 0.1063427 -0.9716303 0.2112485 0.1090731 -0.9940292 -0.003054082 0.1091505 -0.993758 -0.02304631 0.1090683 -0.9940311 0.002515017 0.1088867 -0.9860641 -0.1257828 0.1090679 -0.9940302 0.002874314 0.1085439 -0.9901514 -0.08842271 0.1090835 -0.9940323 -7.18718e-4 0.1075521 -0.9861963 0.125895 0.1090951 -0.9940186 -0.005030691 0.1082555 -0.9908115 0.0810768 0.1090682 -0.9940332 0.001437127 0.1089596 -0.9938606 0.01921004 0.1090881 -0.9940316 -0.001078069 0.1089427 -0.9939199 0.01596057 0.109083 -0.9940304 -0.002156019 0.1079557 -0.9915908 0.07136791 0.1090866 -0.9940321 -5.38965e-4 0.1090924 -0.9929237 0.04691886 0.1090686 -0.9940341 -5.38942e-4 0.1089724 -0.9940424 0.00218594 0.1090832 -0.9940322 -8.98357e-4 0.1091556 -0.9940212 0.002646088 0.1090783 -0.9940332 1.79663e-4 0.1086087 -0.9940441 0.008973956 0.1090685 -0.9940343 1.79647e-4 0.1089699 -0.993954 0.01345974 0.1070359 -0.9942553 0 0.1070358 -0.9942553 0 0.1070213 -0.9942567 0 0.1070267 -0.9942562 0 0.107037 -0.9942551 0 0.1070339 -0.9942554 0 0.107041 -0.9942547 0 0.1070374 -0.9942551 0 0.1070547 -0.9942532 0 0.107046 -0.9942541 0 0.1070143 -0.9942576 0 0.1070197 -0.9942569 0 0.1070428 -0.9942545 0 0.1070282 -0.994256 0 0.107057 -0.994253 0 0.1070683 -0.9942517 0 0.107042 -0.9942545 0 0.1069936 -0.9942598 0 0.1073536 -0.994221 0 0.1071571 -0.9942421 0 0.1067931 -0.9942814 0 0.1077488 -0.9941782 0 0.1075508 -0.9941996 0 0.106611 -0.9943009 0 0.1070591 -0.9942527 0 0.1073828 -0.9942178 0 0.1072841 -0.9942285 0 0.1072552 -0.9942316 0 0.1071012 -0.9942482 0 0.1071998 -0.9942376 0 0.1070028 -0.9942588 0 0.1066954 -0.9942919 0 0.1076497 -0.9941889 0 0.1069889 -0.9942603 0 0.1078481 -0.9941675 0 0.107339 -0.9942225 0 0.1070224 -0.9942566 0 0.1070145 -0.9942575 1.79667e-4 0.1073366 -0.9942061 -0.005753457 0.1076359 -0.9940568 -0.01629787 0.1070355 -0.9942552 -2.32988e-5 0.08831667 -0.8205407 -0.5647239 0.1070042 -0.9940753 0.01909279 0.1066524 -0.9902813 -0.08926576 0.1070382 -0.9942539 0.001374542 0.1070132 -0.9940799 0.0188021 0.107029 -0.9941446 -0.01488095 0.1069872 -0.993934 0.02547574 0.107047 -0.994234 -0.006303608 0.1070119 -0.9940637 -0.01964837 0.1069915 -0.9939919 0.02308648 0.1070353 -0.9942016 -0.01032733 0.1070244 -0.9941655 0.01344853 0.1070317 -0.9942491 -0.003608763 0.1070249 -0.993834 0.02897936 0.1070213 -0.9942505 -0.003543376 0.1066989 -0.9912129 0.07818204 0.107036 -0.9942508 -0.002911865 0.1066402 -0.9871864 -0.118705 0.1070315 -0.9942547 0.001437366 0.1051151 -0.9786559 0.1765885 0.1070355 -0.9941639 -0.01347529 0.1040211 -0.9652464 0.2397475 0.1070299 -0.9942533 -0.002246081 0.1068695 -0.9911448 0.07880973 0.1070191 -0.9942424 0.005390048 0.1063625 -0.9824031 -0.153529 0.1070327 -0.9942505 -0.003144145 0.09719318 -0.9066592 0.4105151 0.1070403 -0.9942218 -0.008085608 0.1070112 -0.9933783 -0.04181194 0.1070326 -0.9942555 -1.79691e-4 0.106365 -0.9869964 -0.1205186 0.1070287 -0.9942137 0.009162604 0.1032519 -0.9559681 -0.2747073 0.1070247 -0.9942522 0.002874553 0.1036116 -0.9646578 0.2422809 0.10704 -0.9941963 -0.01078081 0.09329795 -0.8700879 0.4839864 0.1070385 -0.9941984 -0.01060092 0.1071418 -0.9942043 0.008860349 0.1070314 -0.9942448 0.004671275 0.1020659 -0.9474503 -0.3031841 0.1070319 -0.9942334 0.006647646 0.1064879 -0.9930963 0.04919505 0.1070441 -0.9942507 -0.002695262 0.1063955 -0.9872791 -0.1181535 0.1070316 -0.99424 0.005570292 0.1033636 -0.960033 -0.2601014 0.1070439 -0.9942491 -0.003234326 0.1058431 -0.9854345 0.1331021 0.1070315 -0.9942456 0.004491627 0.1066316 -0.9889121 -0.1033569 0.1070294 -0.9942551 0.001257598 0.1050582 -0.9746081 -0.1977416 0.1070318 -0.994242 0.005210936 0.1063548 -0.986901 -0.1213065 0.1070296 -0.9942432 0.005031168 0.1028684 -0.9545501 -0.2797362 0.1070335 -0.9942418 0.00521034 0.1063049 -0.9877175 -0.1145146 0.107034 -0.9942534 0.00197637 0.1070477 -0.9930645 -0.04861873 0.107035 -0.9942533 0.001976549 0.1047437 -0.9716904 -0.21177 0.1070319 -0.9942429 0.005031287 0.1059036 -0.9827147 -0.151843 0.1070437 -0.9942466 -0.003953039 0.1053397 -0.9826535 0.1526297 0.1070297 -0.9942517 0.002874553 0.1062327 -0.9857678 -0.1302947 0.1070311 -0.9942541 0.001796841 0.1069439 -0.9922348 -0.06350761 0.1070457 -0.9942463 -0.003953158 0.1036798 -0.9669076 0.2331098 0.1070433 -0.9942466 -0.003953039 0.1068868 -0.9917047 0.07139354 0.1070213 -0.9942565 7.18685e-4 0.1070407 -0.9928929 -0.05202072 0.1070345 -0.994254 0.001617014 0.1071166 -0.9938372 -0.02852678 0.1070398 -0.9942537 -0.001437485 0.1063448 -0.9901047 0.09156173 0.1051646 -0.9808874 0.1637083 0.1070325 -0.9942547 -0.001257658 0.107491 -0.9926931 -0.05482894 0.1070163 -0.9942545 0.002335608 0.1073473 -0.9941992 0.006686389 0.107044 -0.9942528 -0.001796841 0.1061313 -0.9916031 0.07388907 0.1070464 -0.9942528 -0.001617193 0.1068683 -0.9940571 0.0207287 0.1070255 -0.9942561 7.18653e-4 0.1074473 -0.9923564 -0.06069529 0.1070258 -0.994256 7.18685e-4 0.1071521 -0.9941665 0.01231199 0.1070309 -0.9942556 -5.39062e-4 0.1071327 -0.9940194 0.02116888 0.1070442 -0.9942537 -0.001078069 0.1065661 -0.9938592 0.02979272 0.1070466 -0.9942538 -7.18765e-4 0.9990288 0.04406434 0 0.9990286 0.04406756 0 0.9990279 0.04408311 0 0.9990265 0.04411429 0 0.9990268 0.04410648 0 0.9990279 0.04408448 0 0.9990275 0.04409229 0 0.9990288 0.04406368 1.40097e-5 0.9990288 0.0440638 0 0.9990278 0.04408407 -2.61384e-4 0.9990268 0.04410642 -2.42e-4 0.9990287 0.04406434 6.1667e-6 0.9990289 0.04406219 6.14223e-5 0.9990282 0.04407495 -2.02967e-4 0.9990288 0.04406374 4.76323e-5 0.999024 0.04411375 -0.002224802 0.9990288 0.0440635 3.08213e-5 -0.9928237 -0.1195873 0 -0.992824 -0.1195845 0 -0.9927794 -0.1199546 0 -0.9928241 -0.1195842 2.37182e-5 0.1496107 -0.988745 0 0.9927611 0.1201066 0 0.992761 0.1201076 0 -0.1283788 0.9917253 0 -0.9925213 -0.1220719 0 -0.1104198 0.9938851 0 -0.1112784 0.9937893 0 -0.1112784 0.9937894 0 -0.1119527 0.9937136 0 -0.1119529 0.9937136 0 0.9938085 0.1111077 0 0.9938082 0.1111095 0 0.1082761 -0.9941209 0 0.1082761 -0.9941209 0 -0.9989393 -0.04604768 0 0.04831087 -0.9988324 0 0.9989305 0.04623663 0 0.9989302 0.0462442 0 0.9989299 0.04625195 0 0.9989299 0.04625165 1.24878e-4 0.9989306 0.04623752 0 0.9989302 0.04624384 4.99512e-4 0.9989305 0.0462377 1.12077e-5 0.9989313 0.04622113 0 0.9989309 0.04622888 0 0.9989333 0.04617905 0 0.9989329 0.0461868 0 0.9989303 0.04624128 0 0.9989314 0.04621797 0 0.9989311 0.04622572 0 0.9989297 0.0462566 0 0.9989301 0.04624736 0 0.9989302 0.0462445 0 0.9989316 0.04621332 0 0.9989318 0.04620987 0 0.998929 0.04627215 0 0.9989303 0.04624104 0 0.9989325 0.04619425 0 0.9989312 0.04622256 0 0.9989331 0.04618221 0 0.9989315 0.04621618 0 0.9989328 0.04618853 0 0.9989314 0.0462197 0 0.9989311 0.04622542 0 0.9989333 0.04617869 0 0.9989275 0.04630333 0 0.9989297 0.04625368 0 0.9989326 0.04619491 0 0.9989308 0.0462318 0 0.9989294 0.04626291 0 0.9989311 0.04622602 0 0.9989322 0.04620063 0 0.998929 0.0462687 0 0.9989277 0.04629987 0 0.9989337 0.04616945 0 0.9989339 0.04616379 0 0.9989303 0.04624265 0 0.9989304 0.04623955 0 0.9989305 0.04623782 -1.12078e-5 0.9989305 0.04623848 1.12078e-5 0.9989331 0.04616332 0.001294434 0.9989305 0.04623776 1.14715e-5 0.9985771 0.04623723 -0.02657002 0.9989304 0.04623752 5.37972e-4 0.9987787 0.04627722 -0.01730906 0.9989305 0.04623854 -1.34496e-4 0.9989006 0.04619044 -0.008004963 0.9989305 0.04623806 3.1382e-4 0.9982307 0.04612654 0.03752064 0.9989305 0.0462386 -3.41842e-4 0.9980295 0.04618704 0.04247319 0.9989303 0.0462377 -6.22032e-4 0.998733 0.04624271 0.01985561 0.9989297 0.04623818 -0.001272022 0.9985081 0.04618722 0.02912634 0.9989302 0.04623842 -8.3498e-4 0.9989097 0.04623526 0.006466209 0.9989305 0.04623824 -5.04349e-5 0.9987989 0.04624116 -0.01621091 0.9989305 0.04623752 3.7546e-4 0.998618 0.04621601 0.02502584 0.9989305 0.04623782 -2.46572e-4 0.9989284 0.04622226 0.002371966 0.9989305 0.0462377 1.68117e-4 0.9989298 0.04620498 0.002107322 0.9989304 0.04623752 4.03479e-4 0.9987743 0.04626023 -0.01760512 0.9989305 0.04623812 3.02608e-4 0.998929 0.04623621 -0.001732647 0.9989306 0.04623752 -1.68116e-4 0.9988232 0.0462625 -0.01456236 0.9989305 0.04623693 7.84532e-5 0.9988139 0.04628521 -0.01511609 0.9989306 0.04623699 2.01737e-4 0.9988011 0.04623025 -0.01609939 0.9989305 0.04623812 1.00869e-4 0.9989246 0.04623597 0.003465354 0.9989306 0.04623752 -5.60387e-6 0.9985322 0.04618662 0.02828931 0.9989305 0.0462374 2.4657e-4 0.99888 0.04626512 -0.009911715 0.9989306 0.04623699 -1.00869e-4 0.9989131 0.0462898 -0.00548166 0.9989303 0.04623687 6.22021e-4 0.9979686 0.04619175 -0.04387593 0.9989305 0.04623842 2.97007e-4 0.9989107 0.04622608 0.006367385 0.9989305 0.04623842 -1.68117e-4 0.9988915 0.0462206 -0.008917987 0.9989305 0.04623782 0 0.9988127 0.04621696 -0.0154004 0.9989304 0.0462377 5.15559e-4 0.9986407 0.0461778 0.02417314 0.9989305 0.04623854 -1.17682e-4 0.9989168 0.04623097 -0.005291104 0.9989305 0.04623824 -2.29759e-4 0.9982951 0.04616993 0.03571075 0.9989304 0.04623782 -3.36235e-4 0.9988862 0.04625153 -0.009331405 0.9989305 0.0462377 6.72468e-5 0.9987996 0.04624754 0.01614916 0.9989301 0.04623854 -8.85418e-4 0.9988214 0.04615843 0.01500928 0.9989305 0.04623907 8.96636e-5 0.9988996 0.04623484 -0.007874906 0.9989305 0.04623824 -3.36232e-5 0.9989299 0.04623621 0.001201927 0.9989304 0.04623758 -4.93134e-4 0.9986799 0.04621654 0.02242124 0.9989305 0.04623699 5.60381e-4 0.9987982 0.0462417 -0.01624387 0.9989306 0.04623717 2.24153e-5 0.9989228 0.04626709 -0.003551185 0.9989306 0.04623752 -8.9662e-5 0.9988422 0.04626339 -0.01319688 0.9989303 0.04623717 5.82798e-4 0.9989238 0.04623591 -0.003683865 0.9989305 0.04623752 -2.91401e-4 0.9988948 0.04626584 -0.00829631 0.9989305 0.04623717 3.25022e-4 0.99891 0.04621565 0.006549775 0.9989305 0.04623728 2.24154e-4 0.9985599 0.04628151 -0.02713537 0.9989304 0.04623717 4.93137e-4 0.9988675 0.04621368 -0.01131922 0.9989305 0.0462377 1.12078e-5 0.998921 0.04625779 -0.004112303 0.9989305 0.04623889 -1.00871e-4 0.9988473 0.0461862 0.01307463 0.9989305 0.04623842 -2.24156e-5 0.9988897 0.04622972 -0.00907582 0.9989305 0.0462377 2.24156e-5 0.9988954 0.04623115 0.008422672 0.9989305 0.0462377 -6.72468e-5 0.9989275 0.04626268 0.001958787 0.9989305 0.0462377 -1.12078e-5 0.9988684 0.04619753 0.01131528 0.9989305 0.04623842 -2.68987e-4 0.998929 0.04620033 0.002505064 0.9989305 0.04623776 1.68114e-4 0.9988825 0.04629653 -0.009504497 0.9989306 0.04623693 1.68114e-4 0.998899 0.04623019 -0.007975518 0.9989305 0.04623854 -4.48313e-5 0.9989283 0.0462315 -0.002247571 0.9989306 0.04623693 2.12944e-4 0.9989287 0.04626274 -0.001154959 0.9989305 0.0462377 -5.6039e-5 0.9989249 0.04623138 -0.003433763 0.9989305 0.04623776 8.96611e-5 0.99888 0.04626512 -0.009918391 0.9989306 0.04623693 1.79322e-4 0.9988999 0.04619902 0.0080536 0.9989305 0.0462377 -1.0087e-4 0.9989244 0.04626256 0.003168404 0.9989306 0.04623699 6.72457e-5 0.9989132 0.04630082 -0.00535798 0.9989306 0.04623693 6.72456e-5 0.9989234 0.04623132 -0.003839552 0.9989305 0.04623848 3.36234e-5 0.9989296 0.04623156 -0.001576423 0.9989306 0.04623764 6.72456e-5 0.9989306 0.04623162 -4.83856e-4 0.9989305 0.04623782 -3.36234e-5 0.9989292 0.0462628 7.02371e-4 0.9989306 0.04623699 3.36228e-5 0.9989262 0.0462985 -0.001765072 -0.03579056 0.9993593 0 -0.03579056 0.9993594 0 -0.9989301 -0.04624688 0 -0.1086712 0.9940779 0 -0.1086712 0.9940778 0 -0.1074498 0.9942106 0 -0.1074499 0.9942106 0 -0.1092236 0.9940172 0 -0.1092236 0.9940173 0 1 0 0 0.1084733 -0.9940994 0 0.9990699 0.04311913 0 0.9990699 0.04311907 0 0.04311913 -0.99907 0 -0.9989994 -0.04472535 0 -0.03372335 0.9994313 0 0.9989517 0.04577684 0 0.9989517 0.0457769 0 -0.1096308 0.9939724 0 -0.1096308 0.9939724 0 -0.9945735 -0.1040365 0 0.1106398 -0.9938606 0 0.1106398 -0.9938606 0 0.993265 0.1158655 0 0.1201115 -0.9927604 0 0.1201124 -0.9927604 0 -0.9926245 -0.12123 0 -0.9926246 -0.1212295 0 -0.1448544 0.989453 0 -0.1448553 0.989453 0 0.9918305 0.1275633 0 -0.11085 0.9938372 0 -0.1108501 0.9938372 0 0 0 1 0 0 1 0 0 1 0 0 1 -1.38442e-7 0 1 0 0 1 0 0 1 -3.1445e-7 0 1 2.20968e-7 0 1 -1.72775e-7 0 1 0 0 1 0 0 1 3.21191e-7 0 1 0 0 1 0 0 1 0 0 1 0 0 1 0 0 1 0 0 1 0 0 1 0 0 1 0 0 1 2.21173e-7 0 1 0 0 1 0 0 1 0 0 1 0 0 1 0.04613977 -0.998935 0 0.04613983 -0.9989351 0 -0.04613882 0.9989351 0 0.998935 0.04614067 0 0 0 1 0.04614078 -0.9989349 0 -0.04614382 0.9989349 0 0.9989351 0.04613983 0 0.9989351 0.04613989 0 0 0 1 0.04613786 -0.9989352 0 0.04613786 -0.9989352 0 -0.04613685 0.9989352 0 -0.04613685 0.9989352 0 0.9989351 0.04613977 0 0 0 1 0.04613888 -0.9989351 0 0.04613888 -0.9989351 0 -0.04613786 0.9989352 0 -0.04613786 0.9989352 0 0.998935 0.04614073 0 0 0 1 0 0 1 0.04613989 -0.9989351 0 0.04613989 -0.998935 0 -0.04613888 0.9989351 0 -0.04613888 0.9989351 0 0.9989351 0.04613995 0 0.9989351 0.04613983 0 0 0 1 0.04613691 -0.9989352 0 0.04613697 -0.9989352 0 -0.04613995 0.998935 0 -0.04613995 0.998935 0 0 0 1 0 0 1 0.04614198 -0.998935 0 -0.04614096 0.998935 0 -0.04614096 0.998935 0 0 0 1 0.046139 -0.9989351 0 0.046139 -0.9989351 0 -0.04613798 0.9989352 0 -0.04613798 0.9989352 0 0.9989351 0.04613971 0 0 0 1 0 0 1 0.04614001 -0.998935 0 0.04614001 -0.998935 0 -0.046139 0.9989351 0 0.998935 0.04614061 0 0.998935 0.04614078 0 0 0 1 0.04614102 -0.9989349 0 0.04614102 -0.998935 0 -0.04614001 0.9989351 0 -0.04614001 0.9989351 0 0 0 1 0.0461381 -0.9989351 0 -0.04613709 0.9989351 0 0 0 1 0.04613912 -0.9989351 0 -0.0461421 0.9989349 0 -0.0461421 0.9989349 0 0 0 1 0.04614412 -0.9989348 0 -0.04613912 0.9989351 0 -0.04613912 0.9989351 0 0.998935 0.0461409 0 0 0 1 0.04614114 -0.998935 0 0.04614114 -0.998935 0 -0.04614412 0.9989348 0 0 0 1 0.04614216 -0.9989349 0 0.04614222 -0.9989349 0 -0.0461412 0.998935 0 0 0 1 0.04614323 -0.9989349 0 -0.04613822 0.9989351 0 -0.04613822 0.9989352 0 0.998935 0.04614055 0 0 0 1 0.04614025 -0.998935 0 -0.04614323 0.9989349 0 0.04613727 -0.9989351 0 -0.04614025 0.9989351 0 -0.04614025 0.9989351 0 0 0 1 0.04613828 -0.9989352 0 -0.04614126 0.9989349 0 0 0 1 0.04613935 -0.9989351 0 -0.04614233 0.9989349 0 0 0 1 0.04614037 -0.9989351 0 -0.04613935 0.9989351 0 -0.04613935 0.9989351 0 0 0 1 0.04614037 -0.9989351 0 0.04614037 -0.9989351 0 -0.04614436 0.9989349 0 -0.04614436 0.9989349 0 0.9989351 0.04614007 0 0.9989351 0.04613989 0 0.0461384 -0.9989351 0 -0.04613941 0.9989351 0 -0.04613941 0.9989351 0 0.9989351 0.04614013 0 0 0 1 0.04613941 -0.9989351 0 0.04613941 -0.9989351 0 -0.0461384 0.9989351 0 0.9989351 0.04614043 0 0 0 1 0.04614049 -0.998935 0 -0.04613947 0.998935 0 -0.04613947 0.9989351 0 0 0 1 0.04614251 -0.9989349 0 -0.04614049 0.9989351 0 -0.04614049 0.9989351 0 0.9989351 0.04614049 0 0 0 1 0.04613953 -0.998935 0 -0.04613953 0.9989351 0 0 0 1 0.04614156 -0.9989349 0 -0.04613953 0.9989351 0 0.9989351 0.04613924 0 0.04613959 -0.9989351 0 -0.04613858 0.9989351 0 0.9989351 0.04613995 0 0 0 1 0.04614061 -0.998935 0 -0.04613959 0.9989351 0 -0.04613959 0.9989351 0 0 0 1 0.04614162 -0.9989349 0 -0.04614067 0.9989351 0 0 0 1 0.04614067 -0.9989351 0 0.04614067 -0.998935 0 -0.04613864 0.9989351 0 0.9989351 0.04614067 0 0.04614067 -0.998935 0 0.04614073 -0.9989351 0 -0.04614067 0.9989349 0 0.9989351 0.04613977 0 0 0 1 0.0461387 -0.9989351 0 -0.04614073 0.998935 0 0 0 1 0.04613775 -0.9989352 0 0.04613775 -0.9989352 0 -0.04613977 0.998935 0 -0.04613971 0.998935 0 0 0 1 0.04613876 -0.9989351 0 0.04613876 -0.9989351 0 -0.04614078 0.998935 0 0 0 1 0 0 1 0.04613983 -0.998935 0 -0.0461418 0.9989349 0 0 0 1 0.04614084 -0.998935 0 0.04614084 -0.9989351 0 -0.04613983 0.998935 0 -0.04613983 0.9989351 0 0 0 1 0 0 1 0.04613888 -0.9989351 0 0.04613888 -0.9989351 0 -0.04614186 0.998935 0 0 0 1 0.04613786 -0.9989352 0 -0.04613888 0.9989351 0 -0.04613888 0.9989351 0 0 0 1 0.04613894 -0.9989351 0 0.04613894 -0.9989351 0 -0.0461409 0.9989351 0 0 0 1 0.04613995 -0.998935 0 -0.04614192 0.9989349 0 -0.04614192 0.998935 0 0 0 1 0 0 1 0.04614096 -0.998935 0 -0.04614198 0.9989349 0 -0.04614198 0.9989349 0 0 0 1 0.04614001 -0.998935 0 0.04614001 -0.9989351 0 -0.04613798 0.9989351 0 -0.04613798 0.9989351 0 0 0 1 0.04614001 -0.9989351 0 -0.04613906 0.9989351 0 -0.046139 0.9989351 0 0 0 1 0.04614204 -0.9989349 0 -0.04614007 0.998935 0 -0.04614007 0.9989351 0 0 0 1 0.04613906 -0.9989351 0 0.04613906 -0.9989351 0 -0.04613906 0.9989351 0 0 0 1 0 0 1 0.04614108 -0.9989349 0 0.04614108 -0.9989349 0 -0.04613912 0.9989351 0 -0.04613912 0.9989351 0 0 0 1 0.04613912 -0.9989351 0 -0.0461381 0.9989351 0 0 0 1 0.04614019 -0.9989351 0 -0.04613918 0.9989351 0 -0.04613918 0.9989351 0 0 0 1 0.0461412 -0.998935 0 -0.04614019 0.9989351 0 0 0 1 0.04614222 -0.9989349 0 -0.0461412 0.9989349 0 -0.0461412 0.9989349 0 0 0 1 0.04614025 -0.998935 0 -0.04614025 0.9989351 0 0 0 1 0 0 1 0.04613929 -0.9989351 0 -0.04614025 0.998935 0 0 0 1 0.04613727 -0.9989351 0 -0.04613929 0.9989351 0 -0.04613929 0.9989351 0 0 0 1 0.04614031 -0.9989351 0 -0.04614031 0.998935 0 0.04614239 -0.9989349 0 -0.04614138 0.9989349 0 0 0 1 0.0461384 -0.9989351 0 -0.04613941 0.9989351 0 0 0 1 0.04613894 -0.9989351 0 -0.04614144 0.998935 0 -0.04614144 0.9989349 0 0 0 1 0 0 1 0.04614096 -0.9989349 0 0.04614096 -0.998935 0 -0.04614198 0.9989349 0 0 0 1 0.04613846 -0.9989351 0 -0.04613995 0.998935 0 0 0 1 -0.04614102 0.998935 0 0 0 1 0.04614001 -0.998935 0 -0.04614204 0.9989349 0 -0.04614204 0.9989349 0 0 0 1 0.04614108 -0.998935 0 -0.04614055 0.9989351 0 -0.04614055 0.9989351 0 0 0 1 0.04613959 -0.9989351 0 -0.04613906 0.9989351 0 -0.04613906 0.9989351 0 0 0 1 0.04614061 -0.9989351 0 0.04614061 -0.998935 0 -0.04614013 0.9989351 0 -0.04614013 0.998935 0 0.9989351 0.0461409 0 0 0 1 -0.04613864 0.9989351 0 0 0 1 0 0 1 0.04614007 -0.9989351 0 0.04614007 -0.9989351 0 0.04613918 -0.9989351 0 0.04613918 -0.9989351 0 -0.04613959 0.9989351 0 -0.04613959 0.9989351 0 0 0 1 0 0 1 0.04614084 -0.9989351 0 0.04614084 -0.998935 0 -0.0461412 0.9989349 0 0.04613995 -0.9989351 0 0.04613995 -0.9989351 0 -0.04613786 0.9989352 0 -0.998935 -0.04614055 0 0.04613882 -0.9989351 0 -0.04613947 0.9989351 0 0 0 1 -0.9986186 -0.0525459 0 -0.1216821 0.9925692 0 -0.121682 0.9925692 0 0.9986186 0.0525456 0 0.9986186 0.05254536 0 0.1216711 -0.9925705 0 0.121671 -0.9925706 0 0 0 1 0 0 1 -0.9986186 -0.05254596 0 -0.9986186 -0.0525456 0 0.121671 -0.9925705 0 0 0 1 0 0 1 -0.9986186 -0.05254536 0 -0.9986186 -0.05254578 0 -0.121684 0.9925689 0 -0.1216842 0.992569 0 0.9986186 0.05254501 0 0.9986186 0.05254536 0 0.121682 -0.9925692 0 0.1216822 -0.9925692 0 0.9986186 0.05254572 0 0.1216688 -0.9925708 0 0 0 1 -0.121671 0.9925706 0 0.9986186 0.05254518 0 0.9986185 0.05254632 0 0 0 1 -0.9986186 -0.05254518 0 -0.1216817 0.9925693 0 0.9986187 0.05254465 0 0.9986186 0.05254429 0 0.1216708 -0.9925705 0 -0.9986187 -0.05254465 0 -0.9986187 -0.05254423 0 -0.1216714 0.9925705 0 -0.1216713 0.9925705 0 0.9986186 0.05254554 0 0.9986186 0.0525459 0 0.1216818 -0.9925693 0 0 0 1 -0.9986187 -0.05254465 0 -0.9986186 -0.05254501 0 -0.1216711 0.9925705 0 0.9986186 0.05254554 0 0.1216817 -0.9925693 0 0 0 1 0 0 1 -0.9986186 -0.05254483 0 -0.1216812 0.9925693 0 0.1216698 -0.9925706 0 0.1216701 -0.9925706 0 0 0 1 -0.1216692 0.9925707 0 0.9986186 0.05254483 0 0.1216828 -0.992569 0 0 0 1 -0.1216822 0.9925692 0 -0.1216828 0.992569 0 0.9986187 0.05254465 0 0.1216692 -0.9925707 0 0 0 1 -0.1216704 0.9925706 0 -0.1216701 0.9925706 0 0 0 1 -0.1216815 0.9925693 0 0.1216815 -0.9925693 0 0.1216812 -0.9925693 0 0 0 1 0 0 1 -0.1216825 0.9925691 0 0.1216696 -0.9925708 0 0 0 1 -0.1216718 0.9925704 0 0.1216825 -0.9925691 0 0 0 1 -0.9986184 -0.05254781 0 -0.9986184 -0.0525493 0 0.1216722 -0.9925704 0 0 0 1 -0.1216676 0.992571 0 -0.1216679 0.9925709 0 0.1216704 -0.9925706 0 0 0 1 -0.9986187 -0.05254387 0 0 0 1 0.9986186 0.05254387 0 0 0 1 -0.9986186 -0.05254387 0 0 0 1 0 0 1 -0.1216808 0.9925694 0 0.1216808 -0.9925694 0 0.9986187 0.05254387 0 0 0 1 0 0 1 -0.1216698 0.9925706 0 0.121683 -0.992569 0 -0.1216835 0.992569 0 0.9986184 0.0525484 0 0 0 1 0 0 1 -0.1216696 0.9925708 0 0 0 1 -0.1216725 0.9925704 0 0.1216835 -0.992569 0 -0.9986186 -0.05254405 0 -0.9986186 -0.05254554 0 0 0 1 -0.9986183 -0.05254983 0 -0.9986185 -0.05254685 0 0.9986186 0.05254405 0 0.9986186 0.05254703 0 -0.9986186 -0.05254703 0 -0.9986186 -0.05254405 0 -0.1216802 0.9925695 0 0 0 1 -0.9986186 -0.05254685 0 -0.1216689 0.9925708 0 0.9986184 0.05254852 0 0 0 1 0.9986185 0.05254685 0 0.1216844 -0.9925689 0 -0.9986189 -0.05254107 0 -0.9986188 -0.05254256 0 0.1216802 -0.9925695 0 0 0 1 0.9986184 0.05254834 0 0.9986184 0.05254983 0 0 0 1 0.1216725 -0.9925704 0 -0.9986187 -0.05254238 0 -0.9986188 -0.05254089 0 0 0 1 -0.121683 0.992569 0 -0.1216837 0.992569 0 0.9986187 0.05254238 0 0.9986186 0.05254685 0 0.1216837 -0.992569 0 0 0 1 -0.9986184 -0.0525484 0 -0.1216682 0.9925708 0 -0.9986184 -0.05254852 0 0.9986187 0.05254238 0 0 0 1 0 0 1 -0.121685 0.9925688 0 0 0 1 -0.9986189 -0.05253958 0 -0.9986187 -0.05254256 0 0.1216726 -0.9925704 0 0.1216713 -0.9925705 0 0 0 1 0.9986188 0.05254256 0 -0.1216842 0.9925689 0 0.9986187 0.05254256 0 0.9986184 0.05254852 0 0 0 1 -0.9986187 -0.05254238 0 -0.1216806 0.9925694 0 0.9986186 0.05254542 0 -0.9986186 -0.05254542 0 -0.1216748 0.9925701 0 0 0 1 -0.9986184 -0.05254834 0 -0.1216793 0.9925696 0 0.1216682 -0.9925708 0 0 0 1 -0.1216674 0.9925709 0 0.9986184 0.05254858 0 0.9986187 0.05254262 0 0 0 1 -0.1216779 0.9925697 0 -0.9986187 -0.05254244 0 -0.9986184 -0.0525484 0 -0.1216732 0.9925703 0 0 0 1 0.9986188 0.05254232 0 0.9986186 0.0525453 0 0.1216732 -0.9925703 0 0 0 1 0 0 1 0 0 1 -0.9986186 -0.0525456 0 -0.9986189 -0.05253958 0 -0.1216691 0.9925708 0 0 0 1 -0.9986189 -0.05253946 0 0.9986183 0.0525515 0 0.1216771 -0.9925698 0 0.1216744 -0.9925701 0 0 0 1 -0.1216864 0.9925687 0 0.1216842 -0.9925689 0 0 0 1 -0.121666 0.9925712 0 0.9986186 0.0525456 0 0 0 1 0 0 1 -0.9986183 -0.0525515 0 -0.9986183 -0.05255138 0 -0.1216824 0.9925691 0 -0.9986184 -0.05254852 0 -0.9986189 -0.0525394 0 -0.1216745 0.9925701 0 0 0 1 0 0 1 -0.9986184 -0.05254834 0 -0.9986188 -0.05254232 0 -0.9986183 -0.05255132 0 0.9986183 0.0525515 0 0 0 1 0 0 1 0.9986186 0.05254548 0 0.9986183 0.05255138 0 -0.1216834 0.992569 0 0.1216701 -0.9925706 0 0 0 1 0 0 1 -0.1216664 0.9925711 0 0 0 1 0 0 1 0.1201076 -0.9927609 0 -0.9927592 -0.1201221 0 -0.9927605 -0.1201111 0 0 0 1 0.9927607 0.1201099 0 -0.99276 -0.1201154 0 -0.9927614 -0.1201043 0 -0.1201069 0.992761 0 0 0 1 0 0 1 0.9927609 0.1201077 0 0 0 1</float_array>
          <technique_common>
            <accessor source="#Compound_001-mesh-normals-array" count="2952" stride="3">
              <param name="X" type="float"/>
              <param name="Y" type="float"/>
              <param name="Z" type="float"/>
            </accessor>
          </technique_common>
        </source>
        <vertices id="Compound_001-mesh-vertices">
          <input semantic="POSITION" source="#Compound_001-mesh-positions"/>
        </vertices>
        <triangles material="Compound_001-material" count="7564">
          <input semantic="VERTEX" source="#Compound_001-mesh-vertices" offset="0"/>
          <input semantic="NORMAL" source="#Compound_001-mesh-normals" offset="1"/>
          <p>0 0 1 0 2 0 3 1 1 1 0 1 1 2 4 2 2 2 1 3 5 3 4 3 4 4 6 4 7 4 5 5 6 5 4 5 6 6 0 6 7 6 6 7 3 7 0 7 3 8 6 8 5 8 3 9 5 9 1 9 7 10 0 10 4 10 4 10 0 10 2 10 8 11 9 11 10 11 11 12 9 12 8 12 9 13 12 13 10 13 9 14 13 14 12 14 12 15 14 15 15 15 13 16 14 16 12 16 15 17 11 17 8 17 14 18 11 18 15 18 9 8 11 8 14 8 9 19 14 19 13 19 15 10 10 10 12 10 8 10 10 10 15 10 16 20 17 20 18 20 16 20 19 20 17 20 19 21 20 21 17 21 19 22 21 22 20 22 20 23 22 23 23 23 21 24 22 24 20 24 22 25 18 25 23 25 22 26 16 26 18 26 19 8 16 8 22 8 19 27 22 27 21 27 23 10 17 10 20 10 18 10 17 10 23 10 24 28 25 28 26 28 27 29 25 29 24 29 26 30 28 30 29 30 25 31 28 31 26 31 29 32 30 32 31 32 28 33 30 33 29 33 31 34 27 34 24 34 30 35 27 35 31 35 27 36 30 36 28 36 25 8 27 8 28 8 31 10 24 10 29 10 24 10 26 10 29 10 32 37 33 37 34 37 35 38 33 38 32 38 33 39 36 39 34 39 33 40 37 40 36 40 36 15 38 15 39 15 37 16 38 16 36 16 39 17 35 17 32 17 38 41 35 41 39 41 35 42 38 42 37 42 33 8 35 8 37 8 39 10 32 10 36 10 32 10 34 10 36 10 40 20 41 20 42 20 43 43 41 43 40 43 41 44 44 44 42 44 41 44 45 44 44 44 45 33 46 33 44 33 45 32 47 32 46 32 47 45 40 45 46 45 47 45 43 45 40 45 43 36 47 36 45 36 41 8 43 8 45 8 46 10 40 10 44 10 40 10 42 10 44 10 48 43 49 43 50 43 51 20 49 20 48 20 50 13 52 13 53 13 49 14 52 14 50 14 53 16 54 16 55 16 52 15 54 15 53 15 55 46 51 46 48 46 54 47 51 47 55 47 51 48 54 48 52 48 49 8 51 8 52 8 55 10 48 10 53 10 48 10 50 10 53 10 56 49 57 49 58 49 59 50 57 50 56 50 57 44 60 44 58 44 57 51 61 51 60 51 60 52 62 52 63 52 61 24 62 24 60 24 63 53 59 53 56 53 62 54 59 54 63 54 59 55 62 55 61 55 57 56 59 56 61 56 63 10 56 10 60 10 56 10 58 10 60 10 64 20 65 20 66 20 67 43 65 43 64 43 65 13 68 13 66 13 65 14 69 14 68 14 69 16 70 16 68 16 69 15 71 15 70 15 71 46 64 46 70 46 71 47 67 47 64 47 67 42 71 42 69 42 65 8 67 8 69 8 70 10 64 10 68 10 64 10 66 10 68 10 72 38 73 38 74 38 75 38 73 38 72 38 74 57 76 57 77 57 73 58 76 58 74 58 76 15 78 15 77 15 76 16 79 16 78 16 78 59 75 59 72 59 79 59 75 59 78 59 73 8 75 8 79 8 73 60 79 60 76 60 78 10 72 10 77 10 72 10 74 10 77 10 80 28 81 28 82 28 83 29 81 29 80 29 81 61 84 61 82 61 81 61 85 61 84 61 84 32 86 32 87 32 85 33 86 33 84 33 87 35 83 35 80 35 86 34 83 34 87 34 83 36 86 36 85 36 81 8 83 8 85 8 87 10 80 10 84 10 80 10 82 10 84 10 88 62 89 62 90 62 91 63 89 63 88 63 89 40 92 40 90 40 89 64 93 64 92 64 92 15 94 15 95 15 93 16 94 16 92 16 94 65 88 65 95 65 94 65 91 65 88 65 91 19 94 19 93 19 89 8 91 8 93 8 95 10 88 10 92 10 88 10 90 10 92 10 96 20 97 20 98 20 99 43 97 43 96 43 98 66 100 66 101 66 97 66 100 66 98 66 100 52 102 52 101 52 100 52 103 52 102 52 102 67 99 67 96 67 103 68 99 68 102 68 97 8 99 8 103 8 97 69 103 69 100 69 102 10 96 10 101 10 96 10 98 10 101 10 104 28 105 28 106 28 107 29 105 29 104 29 105 70 108 70 106 70 105 71 109 71 108 71 108 16 110 16 111 16 109 15 110 15 108 15 111 46 107 46 104 46 110 47 107 47 111 47 107 42 110 42 109 42 105 8 107 8 109 8 111 10 104 10 108 10 104 10 106 10 108 10 112 72 113 72 114 72 115 72 113 72 112 72 113 73 116 73 114 73 113 51 117 51 116 51 116 23 118 23 119 23 117 23 118 23 116 23 118 26 112 26 119 26 118 25 115 25 112 25 115 27 118 27 117 27 113 56 115 56 117 56 119 10 112 10 116 10 112 10 114 10 116 10 120 20 121 20 122 20 123 20 121 20 120 20 122 74 124 74 125 74 121 13 124 13 122 13 125 32 126 32 127 32 124 32 126 32 125 32 127 18 123 18 120 18 126 18 123 18 127 18 123 75 126 75 124 75 121 8 123 8 124 8 127 10 120 10 125 10 120 10 122 10 125 10 128 63 129 63 130 63 131 76 129 76 128 76 130 40 132 40 133 40 129 39 132 39 130 39 132 33 134 33 133 33 132 32 135 32 134 32 134 77 131 77 128 77 135 59 131 59 134 59 129 8 131 8 135 8 129 78 135 78 132 78 134 10 128 10 133 10 128 10 130 10 133 10 136 43 137 43 138 43 139 43 137 43 136 43 137 13 140 13 138 13 137 74 141 74 140 74 140 15 142 15 143 15 141 16 142 16 140 16 142 46 136 46 143 46 142 47 139 47 136 47 139 42 142 42 141 42 137 8 139 8 141 8 143 10 136 10 140 10 136 10 138 10 140 10 144 20 145 20 146 20 147 43 145 43 144 43 146 79 148 79 149 79 145 80 148 80 146 80 149 16 150 16 151 16 148 16 150 16 149 16 151 81 147 81 144 81 150 81 147 81 151 81 147 19 150 19 148 19 145 8 147 8 148 8 151 10 144 10 149 10 144 10 146 10 149 10 152 20 153 20 154 20 152 82 155 82 153 82 153 30 156 30 157 30 155 30 156 30 153 30 157 24 158 24 159 24 156 52 158 52 157 52 159 83 152 83 154 83 158 84 152 84 159 84 155 8 152 8 158 8 155 85 158 85 156 85 159 10 153 10 157 10 154 10 153 10 159 10 160 29 161 29 162 29 160 28 163 28 161 28 163 70 164 70 161 70 163 71 165 71 164 71 164 33 166 33 167 33 165 32 166 32 164 32 166 17 162 17 167 17 166 18 160 18 162 18 163 8 160 8 166 8 163 86 166 86 165 86 167 10 161 10 164 10 162 10 161 10 167 10 168 87 169 87 170 87 168 88 171 88 169 88 171 89 172 89 169 89 171 90 173 90 172 90 173 32 174 32 172 32 173 33 175 33 174 33 174 91 168 91 170 91 175 92 168 92 174 92 171 8 168 8 175 8 171 75 175 75 173 75 174 10 169 10 172 10 170 10 169 10 174 10 176 82 177 82 178 82 176 43 179 43 177 43 177 13 180 13 181 13 179 74 180 74 177 74 180 15 182 15 181 15 180 16 183 16 182 16 182 93 176 93 178 93 183 46 176 46 182 46 179 8 176 8 183 8 179 42 183 42 180 42 182 10 177 10 181 10 178 10 177 10 182 10 184 94 185 94 186 94 184 20 187 20 185 20 187 22 188 22 185 22 187 95 189 95 188 95 188 16 190 16 191 16 189 15 190 15 188 15 190 77 186 77 191 77 190 59 184 59 186 59 187 8 184 8 190 8 187 96 190 96 189 96 191 10 185 10 188 10 186 10 185 10 191 10 192 43 193 43 194 43 192 20 195 20 193 20 195 30 196 30 193 30 195 61 197 61 196 61 197 23 198 23 196 23 197 52 199 52 198 52 198 84 192 84 194 84 199 83 192 83 198 83 195 8 192 8 199 8 195 27 199 27 197 27 198 10 193 10 196 10 194 10 193 10 198 10 200 82 201 82 202 82 200 20 203 20 201 20 201 80 204 80 205 80 203 80 204 80 201 80 204 33 206 33 205 33 204 32 207 32 206 32 206 97 200 97 202 97 207 97 200 97 206 97 203 8 200 8 207 8 203 78 207 78 204 78 206 10 201 10 205 10 202 10 201 10 206 10 208 98 209 98 210 98 211 99 209 99 208 99 209 100 212 100 210 100 209 101 213 101 212 101 212 102 214 102 215 102 213 103 214 103 212 103 214 104 208 104 215 104 214 104 211 104 208 104 209 105 211 105 214 105 213 8 209 8 214 8 208 10 210 10 215 10 210 10 212 10 215 10 216 106 217 106 218 106 219 106 217 106 216 106 217 107 220 107 218 107 217 108 221 108 220 108 221 109 222 109 220 109 221 110 223 110 222 110 223 111 216 111 222 111 223 112 219 112 216 112 219 8 221 8 217 8 223 8 221 8 219 8 220 10 216 10 218 10 220 10 222 10 216 10 224 113 225 113 226 113 224 114 227 114 225 114 227 107 228 107 225 107 227 115 229 115 228 115 229 116 230 116 228 116 229 117 231 117 230 117 231 112 226 112 230 112 231 111 224 111 226 111 224 8 229 8 227 8 231 8 229 8 224 8 228 10 226 10 225 10 228 10 230 10 226 10 232 118 233 118 234 118 235 119 233 119 232 119 233 120 236 120 234 120 233 121 237 121 236 121 236 122 238 122 239 122 237 123 238 123 236 123 238 124 232 124 239 124 238 125 235 125 232 125 235 8 237 8 233 8 238 8 237 8 235 8 236 10 232 10 234 10 236 10 239 10 232 10 240 126 241 126 242 126 243 113 241 113 240 113 241 127 244 127 242 127 241 127 245 127 244 127 245 116 246 116 244 116 245 117 247 117 246 117 247 128 240 128 246 128 247 129 243 129 240 129 243 8 245 8 241 8 247 8 245 8 243 8 244 10 240 10 242 10 244 10 246 10 240 10 248 118 249 118 250 118 251 119 249 119 248 119 249 130 252 130 250 130 249 130 253 130 252 130 253 131 254 131 252 131 253 132 255 132 254 132 255 124 248 124 254 124 255 124 251 124 248 124 251 8 253 8 249 8 255 8 253 8 251 8 252 10 248 10 250 10 252 10 254 10 248 10 256 126 257 126 258 126 259 114 257 114 256 114 257 133 260 133 258 133 257 134 261 134 260 134 260 135 262 135 263 135 261 117 262 117 260 117 262 136 256 136 263 136 262 128 259 128 256 128 259 8 261 8 257 8 262 8 261 8 259 8 260 10 256 10 258 10 260 10 263 10 256 10 264 119 265 119 266 119 267 137 265 137 264 137 265 138 268 138 266 138 265 133 269 133 268 133 269 131 270 131 268 131 269 139 271 139 270 139 270 129 267 129 264 129 271 136 267 136 270 136 267 8 269 8 265 8 271 8 269 8 267 8 268 10 264 10 266 10 268 10 270 10 264 10 272 113 273 113 274 113 275 113 273 113 272 113 273 138 276 138 274 138 273 138 277 138 276 138 276 117 278 117 279 117 277 117 278 117 276 117 278 129 272 129 279 129 278 128 275 128 272 128 275 8 277 8 273 8 278 8 277 8 275 8 276 10 272 10 274 10 276 10 279 10 272 10 280 114 281 114 282 114 280 126 283 126 281 126 283 140 284 140 281 140 283 140 285 140 284 140 285 135 286 135 284 135 285 135 287 135 286 135 286 136 280 136 282 136 287 128 280 128 286 128 280 8 285 8 283 8 287 8 285 8 280 8 284 10 282 10 281 10 284 10 286 10 282 10 288 141 289 141 290 141 291 142 289 142 288 142 289 143 292 143 290 143 289 144 293 144 292 144 293 135 294 135 292 135 293 135 295 135 294 135 295 145 288 145 294 145 295 145 291 145 288 145 291 8 293 8 289 8 295 8 293 8 291 8 292 10 288 10 290 10 292 10 294 10 288 10 296 137 297 137 298 137 296 137 299 137 297 137 299 146 300 146 297 146 299 147 301 147 300 147 300 148 302 148 303 148 301 148 302 148 300 148 302 149 298 149 303 149 302 149 296 149 298 149 296 8 301 8 299 8 302 150 301 150 296 150 300 10 298 10 297 10 300 10 303 10 298 10 304 113 305 113 306 113 307 113 305 113 304 113 305 151 308 151 306 151 305 151 309 151 308 151 308 152 310 152 311 152 309 152 310 152 308 152 310 153 304 153 311 153 310 153 307 153 304 153 307 154 309 154 305 154 310 8 309 8 307 8 308 10 304 10 306 10 308 10 311 10 304 10 312 155 313 155 314 155 315 155 313 155 312 155 313 156 316 156 314 156 313 157 317 157 316 157 316 158 318 158 319 158 317 158 318 158 316 158 318 159 312 159 319 159 318 160 315 160 312 160 315 8 317 8 313 8 318 8 317 8 315 8 316 10 312 10 314 10 316 10 319 10 312 10 320 161 321 161 322 161 320 161 323 161 321 161 323 162 324 162 321 162 323 162 325 162 324 162 324 163 326 163 327 163 325 163 326 163 324 163 327 164 320 164 322 164 326 164 320 164 327 164 320 8 325 8 323 8 326 8 325 8 320 8 324 10 322 10 321 10 324 10 327 10 322 10 328 155 329 155 330 155 331 155 329 155 328 155 329 165 332 165 330 165 329 162 333 162 332 162 333 166 334 166 332 166 333 158 335 158 334 158 335 167 328 167 334 167 335 167 331 167 328 167 331 8 333 8 329 8 335 8 333 8 331 8 332 10 328 10 330 10 332 10 334 10 328 10 336 161 337 161 338 161 339 161 337 161 336 161 337 162 340 162 338 162 337 165 341 165 340 165 340 168 342 168 343 168 341 169 342 169 340 169 343 167 339 167 336 167 342 167 339 167 343 167 339 8 341 8 337 8 342 8 341 8 339 8 340 10 336 10 338 10 340 10 343 10 336 10 344 161 345 161 346 161 347 161 345 161 344 161 345 165 348 165 346 165 345 162 349 162 348 162 348 170 350 170 351 170 349 171 350 171 348 171 350 172 344 172 351 172 350 173 347 173 344 173 347 8 349 8 345 8 350 8 349 8 347 8 348 10 344 10 346 10 348 10 351 10 344 10 352 174 353 174 354 174 355 155 353 155 352 155 353 162 356 162 354 162 353 165 357 165 356 165 357 175 358 175 356 175 357 176 359 176 358 176 359 177 352 177 358 177 359 178 355 178 352 178 355 8 357 8 353 8 359 8 357 8 355 8 356 10 352 10 354 10 356 10 358 10 352 10 360 179 361 179 362 179 363 180 361 180 360 180 361 181 364 181 362 181 361 182 365 182 364 182 365 183 366 183 364 183 365 184 367 184 366 184 367 149 360 149 366 149 367 149 363 149 360 149 363 8 365 8 361 8 367 185 365 185 363 185 364 10 360 10 362 10 364 10 366 10 360 10 368 186 369 186 370 186 371 187 369 187 368 187 369 162 372 162 370 162 369 188 373 188 372 188 373 184 374 184 372 184 373 184 375 184 374 184 375 149 368 149 374 149 375 149 371 149 368 149 371 8 373 8 369 8 375 150 373 150 371 150 372 10 368 10 370 10 372 10 374 10 368 10 376 179 377 179 378 179 376 180 379 180 377 180 379 162 380 162 377 162 379 144 381 144 380 144 380 176 382 176 383 176 381 176 382 176 380 176 382 167 378 167 383 167 382 167 376 167 378 167 376 8 381 8 379 8 382 8 381 8 376 8 380 10 378 10 377 10 380 10 383 10 378 10 384 186 385 186 386 186 384 187 387 187 385 187 387 144 388 144 385 144 387 144 389 144 388 144 389 189 390 189 388 189 389 190 391 190 390 190 391 167 386 167 390 167 391 167 384 167 386 167 384 8 389 8 387 8 391 8 389 8 384 8 388 10 386 10 385 10 388 10 390 10 386 10 392 187 393 187 394 187 392 186 395 186 393 186 395 162 396 162 393 162 395 144 397 144 396 144 397 191 398 191 396 191 397 191 399 191 398 191 398 167 392 167 394 167 399 167 392 167 398 167 392 8 397 8 395 8 399 8 397 8 392 8 396 10 394 10 393 10 396 10 398 10 394 10 400 192 401 192 402 192 403 180 401 180 400 180 401 162 404 162 402 162 401 162 405 162 404 162 405 176 406 176 404 176 405 176 407 176 406 176 407 167 400 167 406 167 407 173 403 173 400 173 403 8 405 8 401 8 407 8 405 8 403 8 404 10 400 10 402 10 404 10 406 10 400 10 408 193 409 193 410 193 408 194 410 194 411 194 412 195 408 195 413 195 412 196 409 196 408 196 412 197 413 197 414 197 415 198 414 198 416 198 417 199 412 199 414 199 417 200 414 200 415 200 410 201 418 201 419 201 409 5 418 5 410 5 418 202 415 202 419 202 418 203 417 203 415 203 417 8 418 8 409 8 417 9 409 9 412 9 420 204 421 204 422 204 423 205 420 205 424 205 425 206 420 206 423 206 425 207 421 207 420 207 422 208 426 208 427 208 421 209 426 209 422 209 428 210 429 210 430 210 428 211 430 211 431 211 426 212 428 212 427 212 426 196 429 196 428 196 429 213 423 213 430 213 429 214 425 214 423 214 421 215 425 215 429 215 421 9 429 9 426 9 432 216 433 216 434 216 435 217 432 217 436 217 437 218 432 218 435 218 437 219 433 219 432 219 434 220 438 220 439 220 433 221 438 221 434 221 440 222 441 222 442 222 440 223 442 223 443 223 438 224 440 224 439 224 438 225 441 225 440 225 442 201 437 201 435 201 441 4 437 4 442 4 433 8 437 8 441 8 433 226 441 226 438 226 444 227 445 227 446 227 444 228 446 228 447 228 448 229 444 229 449 229 448 230 445 230 444 230 445 3 450 3 446 3 445 231 451 231 450 231 450 213 452 213 453 213 451 214 452 214 450 214 454 232 448 232 449 232 453 233 454 233 455 233 452 234 454 234 453 234 452 235 448 235 454 235 445 8 452 8 451 8 448 8 452 8 445 8 414 236 456 236 457 236 414 237 457 237 416 237 458 10 459 10 460 10 459 10 461 10 460 10 460 10 462 10 463 10 460 10 463 10 464 10 460 10 464 10 465 10 460 10 465 10 466 10 460 10 466 10 467 10 460 10 467 10 468 10 460 10 468 10 469 10 460 10 469 10 470 10 460 10 470 10 471 10 460 10 471 10 472 10 460 10 472 10 473 10 460 10 473 10 474 10 460 10 474 10 475 10 460 10 475 10 476 10 460 10 476 10 477 10 460 10 477 10 478 10 460 10 478 10 479 10 460 10 479 10 480 10 460 10 480 10 481 10 460 10 481 10 482 10 460 10 482 10 483 10 460 10 483 10 484 10 460 10 484 10 485 10 460 10 485 10 486 10 487 10 488 10 489 10 460 10 486 10 490 10 460 10 490 10 491 10 460 10 491 10 492 10 460 10 492 10 493 10 460 10 493 10 494 10 460 10 494 10 495 10 460 10 495 10 496 10 460 10 496 10 497 10 460 10 497 10 498 10 460 10 498 10 499 10 460 10 499 10 500 10 460 10 500 10 501 10 460 10 501 10 502 10 460 10 502 10 503 10 460 10 503 10 504 10 460 10 504 10 505 10 460 10 505 10 506 10 460 10 506 10 507 10 460 10 507 10 508 10 460 10 508 10 509 10 460 10 509 10 510 10 460 10 510 10 511 10 460 10 511 10 512 10 460 10 512 10 513 10 460 10 513 10 514 10 460 10 514 10 515 10 460 10 515 10 516 10 460 10 516 10 517 10 460 10 517 10 518 10 460 10 518 10 519 10 460 10 519 10 520 10 460 10 520 10 521 10 522 10 523 10 487 10 487 10 523 10 488 10 524 10 525 10 526 10 460 10 521 10 527 10 460 10 527 10 528 10 460 10 528 10 529 10 460 10 529 10 530 10 460 10 530 10 531 10 460 10 531 10 532 10 460 10 532 10 533 10 460 10 533 10 534 10 460 10 534 10 535 10 460 10 535 10 536 10 460 10 536 10 537 10 460 10 537 10 538 10 460 10 538 10 539 10 460 10 539 10 540 10 460 10 540 10 541 10 460 10 541 10 542 10 460 10 542 10 543 10 460 10 543 10 544 10 460 10 544 10 545 10 460 10 545 10 546 10 460 10 546 10 547 10 460 10 547 10 548 10 460 10 548 10 549 10 460 10 549 10 550 10 460 10 550 10 551 10 460 10 551 10 552 10 460 10 552 10 553 10 460 10 553 10 554 10 460 10 554 10 555 10 460 10 555 10 556 10 460 10 556 10 557 10 460 10 557 10 558 10 524 10 559 10 525 10 560 10 561 10 562 10 460 10 558 10 563 10 460 10 563 10 564 10 460 10 564 10 565 10 460 10 565 10 566 10 460 10 566 10 567 10 460 10 567 10 568 10 460 10 568 10 569 10 460 10 569 10 570 10 460 10 570 10 571 10 460 10 571 10 572 10 460 10 572 10 573 10 460 10 573 10 574 10 460 10 574 10 575 10 460 10 575 10 576 10 460 10 576 10 577 10 460 10 577 10 578 10 460 10 578 10 579 10 460 10 579 10 580 10 460 10 580 10 581 10 460 10 581 10 582 10 460 10 582 10 583 10 460 10 583 10 584 10 460 10 584 10 585 10 460 10 585 10 586 10 460 10 586 10 587 10 460 10 587 10 588 10 460 10 588 10 589 10 460 10 589 10 590 10 460 10 590 10 591 10 460 10 591 10 592 10 460 10 592 10 593 10 460 10 593 10 594 10 460 10 594 10 595 10 460 10 595 10 596 10 460 10 596 10 597 10 460 10 597 10 560 10 460 10 560 10 562 10 460 10 562 10 524 10 460 10 524 10 526 10 460 10 526 10 522 10 460 10 522 10 487 10 571 10 570 10 598 10 573 10 572 10 599 10 575 10 574 10 600 10 577 10 576 10 601 10 598 10 570 10 602 10 599 10 572 10 603 10 600 10 574 10 604 10 601 10 576 10 605 10 606 10 607 10 608 10 560 10 609 10 561 10 596 10 610 10 597 10 608 10 607 10 611 10 608 10 612 10 606 10 613 10 611 10 607 10 459 10 613 10 461 10 461 10 613 10 607 10 487 10 458 10 460 10 614 10 615 10 616 10 616 10 615 10 617 10 618 10 619 10 462 10 620 10 618 10 621 10 621 10 618 10 622 10 623 10 620 10 621 10 624 10 625 10 626 10 626 10 625 10 627 10 628 10 629 10 630 10 631 10 630 10 632 10 596 10 633 10 610 10 594 10 634 10 595 10 635 10 636 10 637 10 638 10 637 10 639 10 640 10 641 10 642 10 643 10 642 10 644 10 645 10 646 10 647 10 648 10 647 10 649 10 650 10 651 10 652 10 650 10 652 10 653 10 654 10 653 10 652 10 655 10 656 10 657 10 655 10 657 10 658 10 659 10 660 10 661 10 659 10 661 10 662 10 663 10 664 10 665 10 663 10 665 10 666 10 667 10 668 10 669 10 670 10 671 10 672 10 673 10 674 10 675 10 676 10 677 10 678 10 679 10 680 10 681 10 682 10 683 10 684 10 685 10 686 10 687 10 688 10 689 10 690 10 691 10 692 10 693 10 694 10 695 10 696 10 697 10 698 10 699 10 700 10 701 10 702 10 703 10 704 10 705 10 706 10 707 10 708 10 709 10 710 10 711 10 712 10 713 10 714 10 715 10 716 10 717 10 594 10 718 10 634 10 719 10 720 10 721 10 722 10 723 10 724 10 725 10 726 10 727 10 728 10 729 10 730 10 731 10 732 10 733 10 734 10 735 10 736 10 737 10 738 10 739 10 740 10 741 10 742 10 743 10 744 10 745 10 746 10 747 10 748 10 749 10 750 10 751 10 752 10 753 10 754 10 755 10 756 10 757 10 758 10 759 10 760 10 761 10 762 10 763 10 764 10 765 10 766 10 767 10 768 10 769 10 770 10 771 10 772 10 773 10 774 10 775 10 776 10 777 10 778 10 779 10 780 10 781 10 782 10 783 10 784 10 785 10 786 10 787 10 788 10 789 10 790 10 791 10 792 10 793 10 794 10 795 10 796 10 797 10 798 10 799 10 800 10 801 10 802 10 803 10 804 10 805 10 806 10 807 10 808 10 809 10 810 10 811 10 812 10 813 10 814 10 593 10 815 10 816 10 592 10 815 10 593 10 817 10 818 10 819 10 820 10 821 10 822 10 823 10 824 10 825 10 826 10 827 10 828 10 829 10 830 10 831 10 832 10 833 10 834 10 835 10 836 10 837 10 838 10 839 10 840 10 841 10 842 10 843 10 844 10 845 10 846 10 847 10 848 10 849 10 850 10 851 10 852 10 853 10 854 10 855 10 856 10 857 10 858 10 859 10 860 10 861 10 862 10 863 10 864 10 865 10 866 10 867 10 868 10 869 10 870 10 871 10 872 10 873 10 874 10 875 10 876 10 877 10 878 10 879 10 880 10 881 10 882 10 883 10 884 10 885 10 886 10 887 10 888 10 889 10 890 10 891 10 892 10 893 10 894 10 895 10 896 10 897 10 898 10 899 10 900 10 901 10 902 10 903 10 904 10 905 10 906 10 907 10 908 10 909 10 910 10 911 10 912 10 913 10 914 10 915 10 916 10 917 10 918 10 919 10 920 10 921 10 922 10 923 10 924 10 925 10 926 10 927 10 928 10 929 10 930 10 931 10 932 10 933 10 934 10 935 10 936 10 937 10 938 10 939 10 940 10 941 10 942 10 943 10 944 10 945 10 946 10 947 10 948 10 949 10 950 10 951 10 952 10 953 10 954 10 955 10 956 10 957 10 958 10 959 10 960 10 961 10 962 10 963 10 964 10 965 10 966 10 967 10 968 10 969 10 970 10 971 10 972 10 973 10 974 10 975 10 976 10 977 10 978 10 979 10 980 10 981 10 982 10 983 10 984 10 985 10 986 10 987 10 988 10 989 10 990 10 991 10 992 10 993 10 994 10 995 10 996 10 997 10 994 10 996 10 998 10 996 10 999 10 1000 10 1001 10 1002 10 1000 10 1002 10 999 10 591 10 1003 10 1004 10 590 10 1003 10 591 10 1005 10 1006 10 1007 10 1008 10 1005 10 1009 10 1010 10 1008 10 1009 10 1011 10 1012 10 1013 10 1014 10 1015 10 1016 10 1014 10 1016 10 1017 10 457 10 1018 10 1019 10 589 10 1020 10 1021 10 588 10 1020 10 589 10 587 10 1022 10 1023 10 586 10 1022 10 587 10 585 10 1024 10 1025 10 584 10 1024 10 585 10 583 10 1026 10 1027 10 582 10 1026 10 583 10 581 10 1028 10 1029 10 580 10 1028 10 581 10 579 10 1030 10 1031 10 578 10 1030 10 579 10 568 10 1032 10 569 10 569 10 1032 10 1033 10 566 10 1034 10 567 10 567 10 1034 10 1035 10 564 10 1036 10 565 10 565 10 1036 10 1037 10 558 10 1038 10 563 10 563 10 1038 10 1039 10 556 10 1040 10 557 10 557 10 1040 10 1041 10 554 10 1042 10 555 10 555 10 1042 10 1043 10 552 10 1044 10 553 10 553 10 1044 10 1045 10 551 10 1046 10 1047 10 550 10 1046 10 551 10 549 10 1048 10 1049 10 548 10 1048 10 549 10 547 10 1050 10 1051 10 546 10 1050 10 547 10 545 10 1052 10 1053 10 544 10 1052 10 545 10 543 10 1054 10 1055 10 542 10 1054 10 543 10 541 10 1056 10 1057 10 540 10 1056 10 541 10 539 10 1058 10 1059 10 538 10 1058 10 539 10 537 10 1060 10 1061 10 536 10 1060 10 537 10 535 10 1062 10 1063 10 534 10 1062 10 535 10 533 10 1064 10 1065 10 532 10 1064 10 533 10 531 10 1066 10 1067 10 530 10 1066 10 531 10 529 10 1068 10 1069 10 528 10 1068 10 529 10 527 10 1070 10 1071 10 521 10 1070 10 527 10 520 10 1072 10 1073 10 519 10 1072 10 520 10 517 10 1074 10 518 10 518 10 1074 10 1075 10 515 10 1076 10 516 10 516 10 1076 10 1077 10 513 10 1078 10 514 10 514 10 1078 10 1079 10 511 10 1080 10 512 10 512 10 1080 10 1081 10 509 10 1082 10 510 10 510 10 1082 10 1083 10 507 10 1084 10 508 10 508 10 1084 10 1085 10 505 10 1086 10 506 10 506 10 1086 10 1087 10 503 10 1088 10 504 10 504 10 1088 10 1089 10 501 10 1090 10 502 10 502 10 1090 10 1091 10 499 10 1092 10 500 10 500 10 1092 10 1093 10 497 10 1094 10 498 10 498 10 1094 10 1095 10 495 10 1096 10 496 10 496 10 1096 10 1097 10 493 10 1098 10 494 10 494 10 1098 10 1099 10 491 10 1100 10 492 10 492 10 1100 10 1101 10 490 10 1102 10 1103 10 486 10 1102 10 490 10 485 10 1104 10 1105 10 484 10 1104 10 485 10 483 10 1106 10 1107 10 482 10 1106 10 483 10 481 10 1108 10 1109 10 480 10 1108 10 481 10 479 10 1110 10 1111 10 478 10 1110 10 479 10 477 10 1112 10 1113 10 476 10 1112 10 477 10 475 10 1114 10 1115 10 474 10 1114 10 475 10 473 10 1116 10 1117 10 472 10 1116 10 473 10 471 10 1118 10 1119 10 470 10 1118 10 471 10 469 10 1120 10 1121 10 468 10 1120 10 469 10 467 10 1122 10 1123 10 466 10 1122 10 467 10 464 10 1124 10 465 10 465 10 1124 10 1125 10 1126 10 1127 10 463 10 463 10 1127 10 1128 10 1129 10 1130 10 1131 10 1131 10 1130 10 1132 10 463 10 462 10 1126 10 1131 10 462 10 1129 10 1133 10 462 10 1134 10 616 10 462 10 614 10 1135 10 462 10 1136 10 1137 10 462 10 1138 10 1126 10 462 10 1131 10 1139 10 462 10 1140 10 1129 10 462 10 1133 10 1134 10 462 10 616 10 614 10 462 10 1135 10 1136 10 462 10 1137 10 1138 10 462 10 1139 10 1140 10 462 10 619 10 1134 10 1141 10 1133 10 1133 10 1141 10 1142 10 1136 10 1143 10 1135 10 1135 10 1143 10 1144 10 1138 10 1145 10 1137 10 1137 10 1145 10 1146 10 1140 10 1147 10 1139 10 1139 10 1147 10 1148 10 462 10 622 10 618 10 1015 10 1149 10 1016 10 1015 10 1011 10 1149 10 453 10 455 10 450 10 450 10 455 10 446 10 446 10 455 10 447 10 435 10 443 10 442 10 443 10 1150 10 455 10 455 10 1150 10 447 10 443 10 436 10 1150 10 435 10 436 10 443 10 423 10 431 10 430 10 423 10 424 10 431 10 419 10 411 10 410 10 411 10 416 10 424 10 424 10 416 10 431 10 416 10 457 10 431 10 457 10 1151 10 431 10 1152 10 1151 10 457 10 1153 10 627 10 625 10 419 10 415 10 411 10 411 10 415 10 416 10 1154 10 1155 10 1156 10 1156 10 1155 10 1157 10 629 10 632 10 630 10 1158 10 1159 10 1160 10 1160 10 1159 10 1161 10 636 10 639 10 637 10 1017 10 1018 10 1014 10 1017 10 1019 10 1018 10 1162 10 1163 10 1164 10 1164 10 1163 10 1165 10 641 10 644 10 642 10 1166 10 1167 10 1168 10 1168 10 1167 10 1169 10 646 10 649 10 647 10 1170 10 1171 10 1172 10 1172 10 1171 10 1173 10 1174 10 1175 10 1176 10 1176 10 1175 10 1177 10 657 10 1178 10 658 10 1179 10 1180 10 1181 10 1181 10 1180 10 1182 10 661 10 1183 10 662 10 1184 10 1185 10 1186 10 1186 10 1185 10 1187 10 665 10 1188 10 666 10 1189 10 1190 10 1191 10 1191 10 1190 10 1192 10 668 10 1193 10 669 10 1194 10 1195 10 1196 10 1196 10 1195 10 1197 10 671 10 1198 10 672 10 1199 10 1200 10 1201 10 1201 10 1200 10 1202 10 674 10 1203 10 675 10 1204 10 1205 10 1206 10 1206 10 1205 10 1207 10 677 10 1208 10 678 10 1209 10 1210 10 1211 10 1211 10 1210 10 1212 10 680 10 1213 10 681 10 1214 10 1215 10 1216 10 1216 10 1215 10 1217 10 683 10 1218 10 684 10 1219 10 1220 10 1221 10 1221 10 1220 10 1222 10 686 10 1223 10 687 10 1224 10 1225 10 1226 10 1226 10 1225 10 1227 10 689 10 1228 10 690 10 1229 10 1230 10 1231 10 1231 10 1230 10 1232 10 692 10 1233 10 693 10 1234 10 1235 10 1236 10 1236 10 1235 10 1237 10 695 10 1238 10 696 10 1239 10 1240 10 1241 10 1241 10 1240 10 1242 10 698 10 1243 10 699 10 1244 10 1245 10 1246 10 1246 10 1245 10 1247 10 701 10 1248 10 702 10 1249 10 1250 10 1251 10 1251 10 1250 10 1252 10 704 10 1253 10 705 10 1254 10 1255 10 1256 10 1256 10 1255 10 1257 10 707 10 1258 10 708 10 1259 10 1260 10 1261 10 1261 10 1260 10 1262 10 710 10 1263 10 711 10 1264 10 1265 10 1266 10 1266 10 1265 10 1267 10 713 10 1268 10 714 10 1269 10 1270 10 1271 10 1271 10 1270 10 1272 10 716 10 1273 10 717 10 1274 10 1275 10 1276 10 1276 10 1275 10 1277 10 720 10 1278 10 721 10 1279 10 1280 10 1281 10 1281 10 1280 10 1282 10 723 10 1283 10 724 10 1284 10 1285 10 1286 10 1286 10 1285 10 1287 10 726 10 1288 10 727 10 1289 10 1290 10 1291 10 1291 10 1290 10 1292 10 729 10 1293 10 730 10 1294 10 1295 10 1296 10 1296 10 1295 10 1297 10 732 10 1298 10 733 10 1299 10 1300 10 1301 10 1301 10 1300 10 1302 10 735 10 1303 10 736 10 1304 10 1305 10 1306 10 1306 10 1305 10 1307 10 738 10 1308 10 739 10 1309 10 1310 10 1311 10 1311 10 1310 10 1312 10 741 10 1313 10 742 10 1314 10 1315 10 1316 10 1316 10 1315 10 1317 10 744 10 1318 10 745 10 1319 10 1320 10 1321 10 1321 10 1320 10 1322 10 747 10 1323 10 748 10 1324 10 1325 10 1326 10 1326 10 1325 10 1327 10 750 10 1328 10 751 10 1329 10 1330 10 1331 10 1331 10 1330 10 1332 10 753 10 1333 10 754 10 1334 10 1335 10 1336 10 1336 10 1335 10 1337 10 756 10 1338 10 757 10 1339 10 1340 10 1341 10 1341 10 1340 10 1342 10 759 10 1343 10 760 10 1344 10 1345 10 1346 10 1346 10 1345 10 1347 10 762 10 1348 10 763 10 1349 10 1350 10 1351 10 1351 10 1350 10 1352 10 765 10 1353 10 766 10 1354 10 1355 10 1356 10 1356 10 1355 10 1357 10 768 10 1358 10 769 10 1359 10 1360 10 1361 10 1361 10 1360 10 1362 10 771 10 1363 10 772 10 1364 10 1365 10 1366 10 1366 10 1365 10 1367 10 774 10 1368 10 775 10 1369 10 1370 10 1371 10 1371 10 1370 10 1372 10 777 10 1373 10 778 10 1374 10 1375 10 1376 10 1376 10 1375 10 1377 10 780 10 1378 10 781 10 1379 10 1380 10 1381 10 1382 10 1380 10 1379 10 783 10 1383 10 784 10 1384 10 1385 10 1386 10 1386 10 1385 10 1387 10 786 10 1388 10 787 10 1389 10 1390 10 1391 10 1391 10 1390 10 1392 10 789 10 1393 10 790 10 1394 10 1395 10 1396 10 1396 10 1395 10 1397 10 792 10 1398 10 793 10 1399 10 1400 10 1401 10 1401 10 1400 10 1402 10 795 10 1403 10 796 10 1404 10 1405 10 1406 10 1406 10 1405 10 1407 10 798 10 1408 10 799 10 1409 10 1410 10 1411 10 1411 10 1410 10 1412 10 801 10 1413 10 802 10 1414 10 1415 10 1416 10 1416 10 1415 10 1417 10 804 10 1418 10 805 10 1419 10 1420 10 1421 10 1421 10 1420 10 1422 10 807 10 1423 10 808 10 1424 10 1425 10 1426 10 1426 10 1425 10 1427 10 810 10 1428 10 811 10 1429 10 1430 10 1431 10 1431 10 1430 10 1432 10 813 10 1433 10 814 10 1434 10 1435 10 1436 10 1436 10 1435 10 1437 10 818 10 1438 10 819 10 1439 10 1440 10 1441 10 1441 10 1440 10 1442 10 821 10 1443 10 822 10 1444 10 1445 10 1446 10 1446 10 1445 10 1447 10 824 10 1448 10 825 10 1449 10 1450 10 1451 10 1451 10 1450 10 1452 10 827 10 1453 10 828 10 1454 10 1455 10 1456 10 1456 10 1455 10 1457 10 830 10 1458 10 831 10 1459 10 1460 10 1461 10 1461 10 1460 10 1462 10 833 10 1463 10 834 10 1464 10 1465 10 1466 10 1466 10 1465 10 1467 10 836 10 1468 10 837 10 1469 10 1470 10 1471 10 1471 10 1470 10 1472 10 839 10 1473 10 840 10 1474 10 1475 10 1476 10 1476 10 1475 10 1477 10 842 10 1478 10 843 10 1479 10 1480 10 1481 10 1481 10 1480 10 1482 10 845 10 1483 10 846 10 1484 10 1485 10 1486 10 1486 10 1485 10 1487 10 848 10 1488 10 849 10 1489 10 1490 10 1491 10 1491 10 1490 10 1492 10 851 10 1493 10 852 10 1494 10 1495 10 1496 10 1496 10 1495 10 1497 10 854 10 1498 10 855 10 1499 10 1500 10 1501 10 1501 10 1500 10 1502 10 857 10 1503 10 858 10 1504 10 1505 10 1506 10 1506 10 1505 10 1507 10 860 10 1508 10 861 10 1509 10 1510 10 1511 10 1511 10 1510 10 1512 10 863 10 1513 10 864 10 1514 10 1515 10 1516 10 1516 10 1515 10 1517 10 866 10 1518 10 867 10 1519 10 1520 10 1521 10 1521 10 1520 10 1522 10 869 10 1523 10 870 10 1524 10 1525 10 1526 10 1526 10 1525 10 1527 10 872 10 1528 10 873 10 1529 10 1530 10 1531 10 1531 10 1530 10 1532 10 875 10 1533 10 876 10 1534 10 1535 10 1536 10 1536 10 1535 10 1537 10 878 10 1538 10 879 10 1539 10 1540 10 1541 10 1541 10 1540 10 1542 10 881 10 1543 10 882 10 1544 10 1545 10 1546 10 1546 10 1545 10 1547 10 884 10 1548 10 885 10 1549 10 1550 10 1551 10 1551 10 1550 10 1552 10 887 10 1553 10 888 10 1554 10 1555 10 1556 10 1556 10 1555 10 1557 10 890 10 1558 10 891 10 1559 10 1560 10 1561 10 1561 10 1560 10 1562 10 893 10 1563 10 894 10 1564 10 1565 10 1566 10 1566 10 1565 10 1567 10 896 10 1568 10 897 10 1569 10 1570 10 1571 10 1571 10 1570 10 1572 10 899 10 1573 10 900 10 1574 10 1575 10 1576 10 1576 10 1575 10 1577 10 902 10 1578 10 903 10 1579 10 1580 10 1581 10 1581 10 1580 10 1582 10 905 10 1583 10 906 10 1584 10 1585 10 1586 10 1586 10 1585 10 1587 10 908 10 1588 10 909 10 1589 10 1590 10 1591 10 1591 10 1590 10 1592 10 911 10 1593 10 912 10 1594 10 1595 10 1596 10 1596 10 1595 10 1597 10 914 10 1598 10 915 10 1599 10 1600 10 1601 10 1601 10 1600 10 1602 10 917 10 1603 10 918 10 1604 10 1605 10 1606 10 1606 10 1605 10 1607 10 920 10 1608 10 921 10 1609 10 1610 10 1611 10 1611 10 1610 10 1612 10 923 10 1613 10 924 10 1614 10 1615 10 1616 10 1616 10 1615 10 1617 10 926 10 1618 10 927 10 1619 10 1620 10 1621 10 1621 10 1620 10 1622 10 929 10 1623 10 930 10 1624 10 1625 10 1626 10 1626 10 1625 10 1627 10 932 10 1628 10 933 10 1629 10 1630 10 1631 10 1631 10 1630 10 1632 10 935 10 1633 10 936 10 1634 10 1635 10 1636 10 1636 10 1635 10 1637 10 938 10 1638 10 939 10 1639 10 1640 10 1641 10 1641 10 1640 10 1642 10 941 10 1643 10 942 10 1644 10 1645 10 1646 10 1646 10 1645 10 1647 10 944 10 1648 10 945 10 1649 10 1650 10 1651 10 1651 10 1650 10 1652 10 947 10 1653 10 948 10 1654 10 1655 10 1656 10 1656 10 1655 10 1657 10 950 10 1658 10 951 10 1659 10 1660 10 1661 10 1661 10 1660 10 1662 10 953 10 1663 10 954 10 1664 10 1665 10 1666 10 1666 10 1665 10 1667 10 956 10 1668 10 957 10 1669 10 1670 10 1671 10 1671 10 1670 10 1672 10 959 10 1673 10 960 10 1674 10 1675 10 1676 10 1676 10 1675 10 1677 10 962 10 1678 10 963 10 1679 10 1680 10 1681 10 1681 10 1680 10 1682 10 965 10 1683 10 966 10 1684 10 1685 10 1686 10 1686 10 1685 10 1687 10 968 10 1688 10 969 10 1689 10 1690 10 1691 10 1691 10 1690 10 1692 10 971 10 1693 10 972 10 1694 10 1695 10 1696 10 1696 10 1695 10 1697 10 974 10 1698 10 975 10 1699 10 1700 10 1701 10 1701 10 1700 10 1702 10 977 10 1703 10 978 10 1704 10 1705 10 1706 10 1706 10 1705 10 1707 10 980 10 1708 10 981 10 1709 10 1710 10 1711 10 1711 10 1710 10 1712 10 983 10 1713 10 984 10 1714 10 1715 10 1716 10 1716 10 1715 10 1717 10 986 10 1718 10 987 10 1719 10 1720 10 1721 10 1721 10 1720 10 1722 10 989 10 1723 10 990 10 1724 10 1725 10 1726 10 1726 10 1725 10 1727 10 992 10 1728 10 993 10 1729 10 1730 10 1731 10 1731 10 1730 10 1732 10 983 10 1007 10 1713 10 1708 10 1007 10 983 10 1713 10 1007 10 986 10 989 10 1007 10 1723 10 1718 10 1007 10 989 10 986 10 1007 10 1718 10 1723 10 1007 10 992 10 992 10 1007 10 1728 10 1728 10 1007 10 995 10 1007 10 1006 10 995 10 995 10 1006 10 996 10 996 10 1000 10 999 10 1006 10 1000 10 996 10 1733 10 1734 10 1735 10 1735 10 1734 10 1736 10 1737 10 1738 10 1739 10 1739 10 1738 10 1740 10 1741 10 1742 10 1743 10 1743 10 1742 10 1744 10 1745 10 1746 10 1747 10 1747 10 1746 10 1748 10 1749 10 1750 10 1751 10 1751 10 1750 10 1752 10 1753 10 1754 10 1755 10 1755 10 1754 10 1756 10 1757 10 1758 10 1759 10 1759 10 1758 10 1760 10 1761 10 1762 10 1763 10 1763 10 1762 10 1764 10 1765 10 1766 10 1767 10 1767 10 1766 10 1768 10 1769 10 1770 10 1771 10 1771 10 1770 10 1772 10 1773 10 1774 10 1775 10 1775 10 1774 10 1776 10 1777 10 1778 10 1779 10 1779 10 1778 10 1780 10 1781 10 1782 10 1783 10 1783 10 1782 10 1784 10 1785 10 1786 10 1787 10 1787 10 1786 10 1788 10 1789 10 1790 10 1791 10 1791 10 1790 10 1792 10 1793 10 1794 10 1795 10 1795 10 1794 10 1796 10 1797 10 1798 10 1799 10 1799 10 1798 10 1800 10 1801 10 1802 10 1803 10 1803 10 1802 10 1804 10 1805 10 1806 10 1807 10 1807 10 1806 10 1808 10 1809 10 1810 10 1811 10 1811 10 1810 10 1812 10 1813 10 1814 10 1815 10 1815 10 1814 10 1816 10 1817 10 1818 10 1819 10 1819 10 1818 10 1820 10 1821 10 1822 10 1823 10 1823 10 1822 10 1824 10 1825 10 1826 10 1827 10 1826 10 1828 10 1827 10 1829 10 1830 10 1831 10 1831 10 1830 10 1832 10 1830 10 1833 10 1832 10 1833 10 1834 10 1835 10 1151 10 1150 10 431 10 431 10 1150 10 436 10 1825 10 1836 10 1826 10 1152 10 1834 10 1151 10 1151 10 1834 10 1154 10 1154 10 1834 10 1155 10 1155 10 1834 10 1158 10 1158 10 1834 10 1159 10 1159 10 1834 10 1162 10 1162 10 1834 10 1163 10 1163 10 1834 10 1166 10 1166 10 1834 10 1167 10 1167 10 1834 10 1170 10 1170 10 1834 10 1171 10 1171 10 1834 10 1174 10 1174 10 1834 10 1175 10 1175 10 1834 10 1179 10 1179 10 1834 10 1180 10 1180 10 1834 10 1184 10 1184 10 1834 10 1185 10 1185 10 1834 10 1189 10 1189 10 1834 10 1190 10 1190 10 1834 10 1194 10 1194 10 1834 10 1195 10 1195 10 1834 10 1199 10 1199 10 1834 10 1200 10 1200 10 1834 10 1204 10 1204 10 1834 10 1205 10 1205 10 1834 10 1209 10 1209 10 1834 10 1210 10 1210 10 1834 10 1214 10 1214 10 1834 10 1215 10 1215 10 1834 10 1219 10 1219 10 1834 10 1220 10 1220 10 1834 10 1224 10 1224 10 1834 10 1225 10 1225 10 1834 10 1229 10 1229 10 1834 10 1230 10 1230 10 1834 10 1234 10 1234 10 1834 10 1235 10 1235 10 1834 10 1239 10 1239 10 1834 10 1240 10 1240 10 1834 10 1244 10 1244 10 1834 10 1245 10 1245 10 1834 10 1249 10 1249 10 1834 10 1250 10 1250 10 1834 10 1254 10 1254 10 1834 10 1255 10 1255 10 1834 10 1259 10 1259 10 1834 10 1260 10 1260 10 1834 10 1264 10 1264 10 1834 10 1265 10 1265 10 1834 10 1269 10 1269 10 1834 10 1270 10 1270 10 1834 10 1274 10 1274 10 1834 10 1275 10 1275 10 1834 10 1279 10 1279 10 1834 10 1280 10 1280 10 1834 10 1284 10 1284 10 1834 10 1285 10 1285 10 1834 10 1289 10 1289 10 1834 10 1290 10 1290 10 1834 10 1294 10 1294 10 1834 10 1295 10 1295 10 1834 10 1299 10 1299 10 1834 10 1300 10 1300 10 1834 10 1304 10 1304 10 1834 10 1305 10 1305 10 1834 10 1309 10 1309 10 1834 10 1310 10 1310 10 1834 10 1314 10 1314 10 1834 10 1315 10 1315 10 1834 10 1319 10 1319 10 1834 10 1320 10 1320 10 1834 10 1324 10 1324 10 1834 10 1325 10 1325 10 1834 10 1329 10 1329 10 1834 10 1330 10 1330 10 1834 10 1334 10 1334 10 1834 10 1335 10 1335 10 1834 10 1339 10 1339 10 1834 10 1340 10 1340 10 1834 10 1344 10 1344 10 1834 10 1345 10 1345 10 1834 10 1349 10 1349 10 1834 10 1350 10 1350 10 1834 10 1354 10 1354 10 1834 10 1355 10 1355 10 1834 10 1359 10 1359 10 1834 10 1360 10 1360 10 1834 10 1364 10 1364 10 1834 10 1365 10 1365 10 1834 10 1369 10 1369 10 1834 10 1370 10 1370 10 1834 10 1374 10 1374 10 1834 10 1375 10 1375 10 1834 10 1382 10 1382 10 1834 10 1380 10 1380 10 1834 10 1384 10 1384 10 1834 10 1385 10 1385 10 1834 10 1389 10 1389 10 1834 10 1390 10 1390 10 1834 10 1394 10 1394 10 1834 10 1395 10 1395 10 1834 10 1399 10 1399 10 1834 10 1400 10 1400 10 1834 10 1404 10 1404 10 1834 10 1405 10 1405 10 1834 10 1409 10 1409 10 1834 10 1410 10 1410 10 1834 10 1414 10 1414 10 1834 10 1415 10 1415 8 1834 8 1419 8 1419 10 1834 10 1420 10 1420 10 1834 10 1424 10 1424 10 1834 10 1425 10 1425 10 1834 10 1429 10 1429 10 1834 10 1430 10 1430 10 1834 10 1434 10 1434 10 1834 10 1435 10 1435 10 1834 10 1439 10 1439 10 1834 10 1440 10 1440 8 1834 8 1444 8 1444 10 1834 10 1445 10 1445 10 1834 10 1449 10 1449 10 1834 10 1450 10 1450 10 1834 10 1454 10 1454 10 1834 10 1455 10 1455 8 1834 8 1459 8 1459 10 1834 10 1460 10 1460 10 1834 10 1464 10 1464 10 1834 10 1465 10 1465 10 1834 10 1469 10 1469 10 1834 10 1470 10 1470 8 1834 8 1474 8 1474 10 1834 10 1475 10 1475 8 1834 8 1479 8 1479 10 1834 10 1480 10 1480 10 1834 10 1484 10 1484 10 1834 10 1485 10 1485 8 1834 8 1489 8 1489 10 1834 10 1490 10 1490 8 1834 8 1494 8 1494 10 1834 10 1495 10 1495 8 1834 8 1499 8 1499 10 1834 10 1500 10 1500 10 1834 10 1504 10 1504 10 1834 10 1505 10 1505 8 1834 8 1509 8 1509 10 1834 10 1510 10 1510 10 1834 10 1514 10 1514 10 1834 10 1515 10 1515 8 1834 8 1519 8 1519 10 1834 10 1520 10 1520 10 1834 10 1524 10 1524 10 1834 10 1525 10 1525 10 1834 10 1529 10 1529 10 1834 10 1530 10 1530 10 1834 10 1534 10 1534 10 1834 10 1535 10 1535 10 1834 10 1539 10 1539 10 1834 10 1540 10 1540 10 1834 10 1544 10 1544 10 1834 10 1545 10 1545 10 1834 10 1549 10 1549 10 1834 10 1550 10 1550 10 1834 10 1554 10 1554 10 1834 10 1555 10 1555 10 1834 10 1559 10 1559 10 1834 10 1560 10 1560 10 1834 10 1564 10 1564 10 1834 10 1565 10 1565 10 1834 10 1569 10 1569 10 1834 10 1570 10 1570 8 1834 8 1574 8 1574 10 1834 10 1575 10 1575 10 1834 10 1579 10 1579 10 1834 10 1580 10 1580 10 1834 10 1584 10 1584 10 1834 10 1585 10 1585 8 1834 8 1589 8 1589 10 1834 10 1590 10 1590 10 1834 10 1594 10 1594 10 1834 10 1595 10 1595 10 1834 10 1599 10 1599 10 1834 10 1600 10 1600 10 1834 10 1604 10 1604 10 1834 10 1605 10 1605 10 1834 10 1609 10 1609 10 1834 10 1610 10 1610 10 1834 10 1614 10 1614 10 1834 10 1615 10 1615 10 1834 10 1619 10 1619 10 1834 10 1620 10 1620 10 1834 10 1624 10 1624 10 1834 10 1625 10 1625 10 1834 10 1629 10 1629 10 1834 10 1630 10 1630 10 1834 10 1634 10 1634 10 1834 10 1635 10 1635 10 1834 10 1639 10 1639 10 1834 10 1640 10 1640 10 1834 10 1644 10 1644 10 1834 10 1645 10 1645 10 1834 10 1649 10 1649 10 1834 10 1650 10 1650 10 1834 10 1654 10 1654 10 1834 10 1655 10 1655 10 1834 10 1659 10 1659 10 1834 10 1660 10 1660 10 1834 10 1664 10 1664 10 1834 10 1665 10 1665 10 1834 10 1669 10 1669 10 1834 10 1670 10 1670 10 1834 10 1674 10 1674 10 1834 10 1675 10 1675 10 1834 10 1679 10 1679 10 1834 10 1680 10 1680 10 1834 10 1684 10 1684 10 1834 10 1685 10 1685 10 1834 10 1689 10 1689 10 1834 10 1690 10 1690 10 1834 10 1694 10 1694 10 1834 10 1695 10 1695 10 1834 10 1699 10 1699 10 1834 10 1700 10 1700 10 1834 10 1704 10 1704 10 1834 10 1705 10 1705 10 1834 10 1709 10 1709 10 1834 10 1710 10 1710 10 1834 10 1714 10 1714 10 1834 10 1715 10 1715 10 1834 10 1719 10 1719 10 1834 10 1720 10 1720 10 1834 10 1724 10 1724 10 1834 10 1725 10 1725 10 1834 10 1729 10 1729 10 1834 10 1730 10 1730 10 1834 10 1733 10 1733 10 1834 10 1734 10 1734 10 1834 10 1737 10 1737 10 1834 10 1738 10 1738 10 1834 10 1741 10 1741 10 1834 10 1742 10 1742 10 1834 10 1745 10 1745 10 1834 10 1746 10 1746 10 1834 10 1749 10 1749 10 1834 10 1750 10 1750 10 1834 10 1753 10 1753 10 1834 10 1754 10 1754 10 1834 10 1757 10 1757 10 1834 10 1758 10 1758 10 1834 10 1761 10 1761 10 1834 10 1762 10 1762 8 1834 8 1765 8 1765 10 1834 10 1766 10 1766 10 1834 10 1769 10 1769 10 1834 10 1770 10 1770 10 1834 10 1773 10 1773 10 1834 10 1774 10 1774 10 1834 10 1777 10 1777 10 1834 10 1778 10 1778 10 1834 10 1781 10 1781 10 1834 10 1782 10 1782 10 1834 10 1785 10 1785 10 1834 10 1786 10 1786 10 1834 10 1789 10 1789 10 1834 10 1790 10 1790 10 1834 10 1793 10 1793 10 1834 10 1794 10 1794 10 1834 10 1797 10 1797 10 1834 10 1798 10 1798 10 1834 10 1801 10 1801 10 1834 10 1802 10 1802 10 1834 10 1805 10 1805 10 1834 10 1806 10 1806 10 1834 10 1809 10 1809 10 1834 10 1810 10 1810 10 1834 10 1813 10 1813 10 1834 10 1814 10 1814 10 1834 10 1817 10 1817 10 1834 10 1818 10 1818 10 1834 10 1821 10 1821 10 1834 10 1822 10 1822 10 1834 10 1826 10 1826 10 1834 10 1828 10 1828 10 1834 10 1830 10 1830 10 1834 10 1833 10 1019 10 1152 10 457 10 1013 10 1149 10 1011 10 1009 10 1013 10 1837 10 1009 10 1837 10 1010 10 1837 10 1013 10 1012 10 1007 10 1009 10 1005 10 621 10 1007 10 623 10 623 10 1007 10 626 10 626 10 1007 10 624 10 624 10 1007 10 632 10 632 10 1007 10 631 10 631 10 1007 10 639 10 639 10 1007 10 638 10 638 10 1007 10 644 10 644 10 1007 10 643 10 643 10 1007 10 649 10 649 10 1007 10 648 10 648 10 1007 10 652 10 652 10 1007 10 654 10 654 10 1007 10 657 10 657 10 1007 10 1178 10 1178 10 1007 10 661 10 661 10 1007 10 1183 10 1183 10 1007 10 665 10 665 10 1007 10 1188 10 1188 10 1007 10 668 10 668 10 1007 10 1193 10 1193 10 1007 10 671 10 671 10 1007 10 1198 10 1198 10 1007 10 674 10 674 10 1007 10 1203 10 1203 10 1007 10 677 10 677 10 1007 10 1208 10 1208 10 1007 10 680 10 680 10 1007 10 1213 10 1213 10 1007 10 683 10 683 10 1007 10 1218 10 1218 10 1007 10 686 10 686 10 1007 10 1223 10 1223 10 1007 10 689 10 689 10 1007 10 1228 10 1228 10 1007 10 692 10 692 10 1007 10 1233 10 1233 10 1007 10 695 10 695 10 1007 10 1238 10 1238 10 1007 10 698 10 698 10 1007 10 1243 10 1243 10 1007 10 701 10 701 10 1007 10 1248 10 1248 10 1007 10 704 10 704 10 1007 10 1253 10 1253 10 1007 10 707 10 707 10 1007 10 1258 10 1258 10 1007 10 710 10 710 10 1007 10 1263 10 1263 10 1007 10 713 10 713 10 1007 10 1268 10 1268 10 1007 10 716 10 716 10 1007 10 1273 10 1273 10 1007 10 720 10 720 10 1007 10 1278 10 1278 10 1007 10 723 10 723 10 1007 10 1283 10 1283 10 1007 10 726 10 726 10 1007 10 1288 10 1288 10 1007 10 729 10 729 10 1007 10 1293 10 1293 10 1007 10 732 10 732 10 1007 10 1298 10 1298 10 1007 10 735 10 735 10 1007 10 1303 10 1303 10 1007 10 738 10 738 10 1007 10 1308 10 1308 10 1007 10 741 10 741 10 1007 10 1313 10 1313 10 1007 10 744 10 744 10 1007 10 1318 10 1318 10 1007 10 747 10 747 10 1007 10 1323 10 1323 10 1007 10 750 10 750 10 1007 10 1328 10 1328 10 1007 10 753 10 753 10 1007 10 1333 10 1333 10 1007 10 756 10 756 10 1007 10 1338 10 1338 10 1007 10 759 10 759 10 1007 10 1343 10 1343 10 1007 10 762 10 762 10 1007 10 1348 10 1348 10 1007 10 765 10 765 10 1007 10 1353 10 1353 10 1007 10 768 10 768 10 1007 10 1358 10 1358 10 1007 10 771 10 771 10 1007 10 1363 10 1363 10 1007 10 774 10 774 10 1007 10 1368 10 1368 10 1007 10 777 10 777 10 1007 10 1373 10 1373 10 1007 10 780 10 780 10 1007 10 1378 10 1378 10 1007 10 783 10 783 10 1007 10 1383 10 1383 10 1007 10 786 10 786 10 1007 10 1388 10 1388 10 1007 10 789 10 789 10 1007 10 1393 10 1393 10 1007 10 792 10 792 10 1007 10 1398 10 1398 10 1007 10 795 10 795 10 1007 10 1403 10 1403 10 1007 10 798 10 798 10 1007 10 1408 10 1408 10 1007 10 801 10 801 10 1007 10 1413 10 1413 10 1007 10 804 10 804 10 1007 10 1418 10 1418 10 1007 10 807 10 807 10 1007 10 1423 10 1423 10 1007 10 810 10 810 10 1007 10 1428 10 1428 10 1007 10 813 10 813 10 1007 10 1433 10 1433 10 1007 10 818 10 818 10 1007 10 1438 10 1438 10 1007 10 821 10 821 10 1007 10 1443 10 1443 10 1007 10 824 10 824 10 1007 10 1448 10 1448 10 1007 10 827 10 827 10 1007 10 1453 10 1453 10 1007 10 830 10 830 10 1007 10 1458 10 1458 10 1007 10 833 10 833 10 1007 10 1463 10 1463 10 1007 10 836 10 836 10 1007 10 1468 10 1468 10 1007 10 839 10 839 10 1007 10 1473 10 1473 10 1007 10 842 10 842 10 1007 10 1478 10 1478 10 1007 10 845 10 845 10 1007 10 1483 10 1483 10 1007 10 848 10 848 10 1007 10 1488 10 1488 10 1007 10 851 10 851 10 1007 10 1493 10 1493 10 1007 10 854 10 854 10 1007 10 1498 10 1498 10 1007 10 857 10 857 10 1007 10 1503 10 1503 10 1007 10 860 10 860 10 1007 10 1508 10 1508 10 1007 10 863 10 863 10 1007 10 1513 10 1513 10 1007 10 866 10 866 10 1007 10 1518 10 1518 10 1007 10 869 10 869 10 1007 10 1523 10 1523 10 1007 10 872 10 872 10 1007 10 1528 10 1528 10 1007 10 875 10 875 10 1007 10 1533 10 1533 10 1007 10 878 10 878 10 1007 10 1538 10 1538 10 1007 10 881 10 881 10 1007 10 1543 10 1543 10 1007 10 884 10 884 10 1007 10 1548 10 1548 10 1007 10 887 10 887 10 1007 10 1553 10 1553 10 1007 10 890 10 890 10 1007 10 1558 10 1558 10 1007 10 893 10 893 10 1007 10 1563 10 1563 10 1007 10 896 10 896 10 1007 10 1568 10 1568 10 1007 10 899 10 899 10 1007 10 1573 10 1573 10 1007 10 902 10 902 10 1007 10 1578 10 1578 10 1007 10 905 10 905 10 1007 10 1583 10 1583 10 1007 10 908 10 908 10 1007 10 1588 10 1588 10 1007 10 911 10 911 10 1007 10 1593 10 1593 10 1007 10 914 10 914 10 1007 10 1598 10 1598 10 1007 10 917 10 917 10 1007 10 1603 10 1603 10 1007 10 920 10 920 10 1007 10 1608 10 1608 10 1007 10 923 10 923 10 1007 10 1613 10 1613 10 1007 10 926 10 926 10 1007 10 1618 10 1618 10 1007 10 929 10 929 10 1007 10 1623 10 1623 10 1007 10 932 10 932 10 1007 10 1628 10 1628 10 1007 10 935 10 935 10 1007 10 1633 10 1633 10 1007 10 938 10 938 10 1007 10 1638 10 1638 10 1007 10 941 10 941 10 1007 10 1643 10 1643 10 1007 10 944 10 944 10 1007 10 1648 10 1648 10 1007 10 947 10 947 10 1007 10 1653 10 1653 10 1007 10 950 10 950 10 1007 10 1658 10 1658 10 1007 10 953 10 953 10 1007 10 1663 10 1663 10 1007 10 956 10 956 10 1007 10 1668 10 1668 10 1007 10 959 10 959 10 1007 10 1673 10 1673 10 1007 10 962 10 962 10 1007 10 1678 10 1678 10 1007 10 965 10 965 10 1007 10 1683 10 1683 10 1007 10 968 10 968 10 1007 10 1688 10 1688 10 1007 10 971 10 971 10 1007 10 1693 10 1693 10 1007 10 974 10 974 10 1007 10 1698 10 1698 10 1007 10 977 10 977 10 1007 10 1703 10 1703 10 1007 10 980 10 980 10 1007 10 1708 10 455 238 440 238 443 238 454 238 440 238 455 238 432 239 428 239 431 239 432 238 431 238 436 238 449 8 440 8 454 8 449 8 444 8 1838 8 439 8 440 8 449 8 439 8 449 8 1838 8 434 240 428 240 432 240 434 241 439 241 1838 241 427 242 428 242 434 242 422 243 408 243 420 243 413 244 408 244 422 244 1839 8 422 8 427 8 1839 245 413 245 422 245 456 8 414 8 413 8 456 8 413 8 1839 8 1840 246 434 246 1838 246 1840 247 427 247 434 247 1840 8 1839 8 427 8 1840 248 1838 248 1150 248 1840 248 1150 248 1151 248 1150 249 444 249 447 249 1838 249 444 249 1150 249 424 250 408 250 411 250 420 250 408 250 424 250 1156 251 1841 251 1154 251 1842 251 1841 251 1156 251 1843 252 1844 252 1157 252 1843 253 1157 253 1155 253 1157 254 1842 254 1156 254 1844 16 1842 16 1157 16 1843 8 1841 8 1842 8 1843 255 1842 255 1844 255 1160 256 1845 256 1158 256 1846 257 1845 257 1160 257 1847 258 1848 258 1161 258 1847 259 1161 259 1159 259 1161 16 1846 16 1160 16 1848 260 1846 260 1161 260 1847 8 1845 8 1846 8 1847 261 1846 261 1848 261 1164 262 1849 262 1162 262 1850 263 1849 263 1164 263 1851 264 1852 264 1165 264 1851 265 1165 265 1163 265 1165 16 1850 16 1164 16 1852 254 1850 254 1165 254 1851 8 1849 8 1850 8 1851 266 1850 266 1852 266 1168 267 1853 267 1166 267 1854 267 1853 267 1168 267 1855 268 1856 268 1169 268 1855 269 1169 269 1167 269 1169 254 1854 254 1168 254 1856 16 1854 16 1169 16 1855 8 1853 8 1854 8 1855 270 1854 270 1856 270 1172 271 1857 271 1170 271 1858 272 1857 272 1172 272 1859 273 1860 273 1173 273 1859 274 1173 274 1171 274 1173 260 1858 260 1172 260 1860 254 1858 254 1173 254 1859 8 1857 8 1858 8 1859 275 1858 275 1860 275 1176 276 1861 276 1174 276 1862 277 1861 277 1176 277 1863 278 1864 278 1177 278 1863 279 1177 279 1175 279 1177 280 1862 280 1176 280 1864 280 1862 280 1177 280 1863 281 1861 281 1862 281 1863 282 1862 282 1864 282 1181 283 1865 283 1179 283 1866 283 1865 283 1181 283 1867 284 1868 284 1182 284 1867 284 1182 284 1180 284 1182 254 1866 254 1181 254 1868 254 1866 254 1182 254 1867 8 1865 8 1866 8 1867 285 1866 285 1868 285 1186 286 1869 286 1184 286 1870 287 1869 287 1186 287 1871 288 1872 288 1187 288 1871 289 1187 289 1185 289 1187 290 1870 290 1186 290 1872 260 1870 260 1187 260 1871 8 1869 8 1870 8 1871 291 1870 291 1872 291 1191 292 1873 292 1189 292 1874 293 1873 293 1191 293 1190 294 1875 294 1192 294 1876 295 1875 295 1190 295 1875 296 1191 296 1192 296 1875 297 1874 297 1191 297 1876 8 1873 8 1874 8 1876 298 1874 298 1875 298 1196 299 1877 299 1194 299 1878 300 1877 300 1196 300 1879 301 1880 301 1197 301 1879 301 1197 301 1195 301 1197 254 1878 254 1196 254 1880 254 1878 254 1197 254 1879 8 1877 8 1878 8 1879 302 1878 302 1880 302 1201 303 1881 303 1199 303 1882 304 1881 304 1201 304 1883 305 1884 305 1202 305 1883 306 1202 306 1200 306 1884 307 1201 307 1202 307 1884 32 1882 32 1201 32 1883 308 1881 308 1882 308 1883 309 1882 309 1884 309 1206 310 1885 310 1204 310 1886 311 1885 311 1206 311 1205 312 1887 312 1207 312 1888 312 1887 312 1205 312 1207 16 1886 16 1206 16 1887 254 1886 254 1207 254 1888 8 1885 8 1886 8 1888 313 1886 313 1887 313 1211 314 1889 314 1209 314 1890 315 1889 315 1211 315 1891 316 1892 316 1212 316 1891 317 1212 317 1210 317 1212 254 1890 254 1211 254 1892 290 1890 290 1212 290 1891 8 1889 8 1890 8 1891 318 1890 318 1892 318 1893 319 1894 319 1214 319 1893 320 1214 320 1216 320 1895 321 1896 321 1217 321 1895 321 1217 321 1215 321 1217 290 1893 290 1216 290 1896 254 1893 254 1217 254 1895 322 1894 322 1893 322 1895 323 1893 323 1896 323 1221 324 1897 324 1219 324 1898 325 1897 325 1221 325 1220 326 1899 326 1222 326 1900 327 1899 327 1220 327 1222 290 1898 290 1221 290 1899 290 1898 290 1222 290 1900 328 1897 328 1898 328 1900 329 1898 329 1899 329 1226 330 1901 330 1224 330 1902 330 1901 330 1226 330 1903 331 1904 331 1227 331 1903 332 1227 332 1225 332 1904 333 1226 333 1227 333 1904 307 1902 307 1226 307 1903 8 1901 8 1902 8 1903 334 1902 334 1904 334 1231 335 1905 335 1229 335 1906 335 1905 335 1231 335 1230 336 1907 336 1232 336 1908 337 1907 337 1230 337 1232 16 1906 16 1231 16 1907 254 1906 254 1232 254 1908 8 1905 8 1906 8 1908 338 1906 338 1907 338 1236 339 1909 339 1234 339 1910 339 1909 339 1236 339 1235 340 1911 340 1237 340 1912 341 1911 341 1235 341 1911 307 1236 307 1237 307 1911 32 1910 32 1236 32 1912 342 1909 342 1910 342 1912 343 1910 343 1911 343 1241 344 1913 344 1239 344 1914 344 1913 344 1241 344 1915 345 1916 345 1242 345 1915 345 1242 345 1240 345 1916 254 1241 254 1242 254 1916 254 1914 254 1241 254 1915 8 1913 8 1914 8 1915 346 1914 346 1916 346 1246 347 1917 347 1244 347 1918 347 1917 347 1246 347 1919 348 1920 348 1247 348 1919 348 1247 348 1245 348 1247 254 1918 254 1246 254 1920 254 1918 254 1247 254 1919 8 1917 8 1918 8 1919 349 1918 349 1920 349 1251 350 1921 350 1249 350 1922 351 1921 351 1251 351 1250 352 1923 352 1252 352 1924 352 1923 352 1250 352 1252 333 1922 333 1251 333 1923 307 1922 307 1252 307 1924 353 1921 353 1922 353 1924 354 1922 354 1923 354 1256 355 1925 355 1254 355 1926 356 1925 356 1256 356 1927 357 1928 357 1257 357 1927 357 1257 357 1255 357 1928 290 1256 290 1257 290 1928 254 1926 254 1256 254 1927 358 1925 358 1926 358 1927 359 1926 359 1928 359 1261 360 1929 360 1259 360 1930 361 1929 361 1261 361 1931 362 1932 362 1262 362 1931 363 1262 363 1260 363 1262 290 1930 290 1261 290 1932 290 1930 290 1262 290 1931 8 1929 8 1930 8 1931 364 1930 364 1932 364 1266 365 1933 365 1264 365 1934 365 1933 365 1266 365 1935 366 1936 366 1267 366 1935 367 1267 367 1265 367 1267 290 1934 290 1266 290 1936 254 1934 254 1267 254 1935 8 1933 8 1934 8 1935 368 1934 368 1936 368 1271 369 1937 369 1269 369 1938 369 1937 369 1271 369 1939 370 1940 370 1272 370 1939 371 1272 371 1270 371 1940 16 1271 16 1272 16 1940 254 1938 254 1271 254 1939 372 1937 372 1938 372 1939 373 1938 373 1940 373 1276 374 1941 374 1274 374 1942 375 1941 375 1276 375 1275 376 1943 376 1277 376 1944 377 1943 377 1275 377 1943 16 1276 16 1277 16 1943 254 1942 254 1276 254 1944 8 1941 8 1942 8 1944 378 1942 378 1943 378 1281 379 1945 379 1279 379 1946 379 1945 379 1281 379 1280 380 1947 380 1282 380 1948 381 1947 381 1280 381 1282 254 1946 254 1281 254 1947 254 1946 254 1282 254 1948 8 1945 8 1946 8 1948 382 1946 382 1947 382 1286 383 1949 383 1284 383 1950 384 1949 384 1286 384 1285 385 1951 385 1287 385 1952 279 1951 279 1285 279 1287 333 1950 333 1286 333 1951 32 1950 32 1287 32 1952 8 1949 8 1950 8 1952 386 1950 386 1951 386 1291 387 1953 387 1289 387 1954 388 1953 388 1291 388 1955 389 1956 389 1292 389 1955 390 1292 390 1290 390 1956 16 1291 16 1292 16 1956 290 1954 290 1291 290 1955 391 1953 391 1954 391 1955 392 1954 392 1956 392 1296 393 1957 393 1294 393 1958 293 1957 293 1296 293 1959 394 1960 394 1297 394 1959 394 1297 394 1295 394 1960 16 1296 16 1297 16 1960 254 1958 254 1296 254 1959 8 1957 8 1958 8 1959 395 1958 395 1960 395 1961 396 1962 396 1299 396 1961 397 1299 397 1301 397 1963 398 1964 398 1302 398 1963 398 1302 398 1300 398 1302 290 1961 290 1301 290 1964 254 1961 254 1302 254 1963 8 1962 8 1961 8 1963 399 1961 399 1964 399 1306 400 1965 400 1304 400 1966 401 1965 401 1306 401 1967 402 1968 402 1307 402 1967 402 1307 402 1305 402 1307 290 1966 290 1306 290 1968 254 1966 254 1307 254 1967 403 1965 403 1966 403 1967 404 1966 404 1968 404 1311 405 1969 405 1309 405 1970 406 1969 406 1311 406 1310 407 1971 407 1312 407 1972 408 1971 408 1310 408 1971 307 1311 307 1312 307 1971 307 1970 307 1311 307 1972 409 1969 409 1970 409 1972 410 1970 410 1971 410 1316 411 1973 411 1314 411 1974 412 1973 412 1316 412 1975 413 1976 413 1317 413 1975 413 1317 413 1315 413 1317 290 1974 290 1316 290 1976 290 1974 290 1317 290 1975 8 1973 8 1974 8 1975 414 1974 414 1976 414 1321 415 1977 415 1319 415 1978 415 1977 415 1321 415 1979 416 1980 416 1322 416 1979 417 1322 417 1320 417 1322 16 1978 16 1321 16 1980 16 1978 16 1322 16 1979 8 1977 8 1978 8 1979 418 1978 418 1980 418 1981 419 1982 419 1324 419 1981 419 1324 419 1326 419 1983 420 1984 420 1327 420 1983 420 1327 420 1325 420 1327 254 1981 254 1326 254 1984 290 1981 290 1327 290 1983 421 1982 421 1981 421 1983 422 1981 422 1984 422 1331 423 1985 423 1329 423 1986 424 1985 424 1331 424 1330 425 1987 425 1332 425 1988 425 1987 425 1330 425 1987 16 1331 16 1332 16 1987 16 1986 16 1331 16 1988 8 1985 8 1986 8 1988 426 1986 426 1987 426 1336 427 1989 427 1334 427 1990 428 1989 428 1336 428 1991 429 1992 429 1337 429 1991 430 1337 430 1335 430 1337 16 1990 16 1336 16 1992 290 1990 290 1337 290 1991 431 1989 431 1990 431 1991 432 1990 432 1992 432 1993 433 1994 433 1339 433 1993 434 1339 434 1341 434 1995 435 1996 435 1342 435 1995 436 1342 436 1340 436 1342 32 1993 32 1341 32 1996 333 1993 333 1342 333 1995 437 1994 437 1993 437 1995 438 1993 438 1996 438 1346 439 1997 439 1344 439 1998 439 1997 439 1346 439 1999 440 2000 440 1347 440 1999 441 1347 441 1345 441 2000 254 1346 254 1347 254 2000 254 1998 254 1346 254 1999 442 1997 442 1998 442 1999 443 1998 443 2000 443 1351 444 2001 444 1349 444 2002 445 2001 445 1351 445 2003 446 2004 446 1352 446 2003 447 1352 447 1350 447 1352 16 2002 16 1351 16 2004 254 2002 254 1352 254 2003 448 2001 448 2002 448 2003 449 2002 449 2004 449 1356 450 2005 450 1354 450 2006 451 2005 451 1356 451 2007 452 2008 452 1357 452 2007 453 1357 453 1355 453 1357 290 2006 290 1356 290 2008 254 2006 254 1357 254 2007 8 2005 8 2006 8 2007 454 2006 454 2008 454 1361 455 2009 455 1359 455 2010 456 2009 456 1361 456 1360 457 2011 457 1362 457 2012 457 2011 457 1360 457 1362 307 2010 307 1361 307 2011 307 2010 307 1362 307 2012 458 2009 458 2010 458 2012 459 2010 459 2011 459 2013 460 2014 460 1364 460 2013 461 1364 461 1366 461 2015 462 2016 462 1367 462 2015 463 1367 463 1365 463 2016 307 1366 307 1367 307 2016 32 2013 32 1366 32 2015 464 2014 464 2013 464 2015 465 2013 465 2016 465 1371 466 2017 466 1369 466 2018 467 2017 467 1371 467 2019 468 2020 468 1372 468 2019 469 1372 469 1370 469 1372 290 2018 290 1371 290 2020 254 2018 254 1372 254 2019 8 2017 8 2018 8 2019 470 2018 470 2020 470 1376 471 2021 471 1374 471 2022 471 2021 471 1376 471 2023 472 2024 472 1377 472 2023 473 1377 473 1375 473 1377 16 2022 16 1376 16 2024 254 2022 254 1377 254 2023 8 2021 8 2022 8 2023 474 2022 474 2024 474 1379 475 2025 475 1382 475 2026 475 2025 475 1379 475 2027 476 2028 476 1381 476 2027 477 1381 477 1380 477 2028 290 1379 290 1381 290 2028 254 2026 254 1379 254 2027 478 2025 478 2026 478 2027 479 2026 479 2028 479 1386 480 2029 480 1384 480 2030 480 2029 480 1386 480 2031 481 2032 481 1387 481 2031 482 1387 482 1385 482 1387 290 2030 290 1386 290 2032 16 2030 16 1387 16 2031 8 2029 8 2030 8 2031 483 2030 483 2032 483 1391 484 2033 484 1389 484 2034 484 2033 484 1391 484 2035 485 2036 485 1392 485 2035 485 1392 485 1390 485 1392 333 2034 333 1391 333 2036 307 2034 307 1392 307 2035 8 2033 8 2034 8 2035 486 2034 486 2036 486 2037 487 2038 487 1394 487 2037 488 1394 488 1396 488 1395 489 2039 489 1397 489 2040 489 2039 489 1395 489 1397 307 2037 307 1396 307 2039 32 2037 32 1397 32 2040 490 2038 490 2037 490 2040 491 2037 491 2039 491 1401 492 2041 492 1399 492 2042 493 2041 493 1401 493 2043 494 2044 494 1402 494 2043 495 1402 495 1400 495 1402 290 2042 290 1401 290 2044 290 2042 290 1402 290 2045 8 2041 8 2042 8 2045 496 2042 496 2044 496 2043 497 2045 497 2044 497 1406 498 2046 498 1404 498 2047 498 2046 498 1406 498 2048 499 2049 499 1407 499 2048 500 1407 500 1405 500 1407 290 2047 290 1406 290 2049 254 2047 254 1407 254 2048 8 2046 8 2047 8 2048 501 2047 501 2049 501 2050 502 2051 502 1409 502 2050 502 1409 502 1411 502 2052 503 2053 503 1412 503 2052 503 1412 503 1410 503 1412 16 2050 16 1411 16 2053 16 2050 16 1412 16 2052 8 2051 8 2050 8 2052 504 2050 504 2053 504 1416 505 2054 505 1414 505 2055 506 2054 506 1416 506 2056 507 2057 507 1417 507 2056 508 1417 508 1415 508 2057 333 1416 333 1417 333 2057 333 2055 333 1416 333 2056 8 2054 8 2055 8 2056 509 2055 509 2057 509 1421 510 2058 510 1419 510 2059 511 2058 511 1421 511 2060 512 2061 512 1422 512 2060 513 1422 513 1420 513 1422 290 2059 290 1421 290 2061 16 2059 16 1422 16 2060 8 2058 8 2059 8 2060 514 2059 514 2061 514 1426 515 2062 515 1424 515 2063 515 2062 515 1426 515 2064 516 2065 516 1427 516 2064 516 1427 516 1425 516 1427 16 2063 16 1426 16 2065 16 2063 16 1427 16 2064 517 2062 517 2063 517 2064 518 2063 518 2065 518 1431 519 2066 519 1429 519 2067 519 2066 519 1431 519 2068 520 2069 520 1432 520 2068 520 1432 520 1430 520 1432 254 2067 254 1431 254 2069 16 2067 16 1432 16 2068 521 2066 521 2067 521 2068 522 2067 522 2069 522 1436 523 2070 523 1434 523 2071 524 2070 524 1436 524 2072 525 2073 525 1437 525 2072 526 1437 526 1435 526 1437 290 2071 290 1436 290 2073 290 2071 290 1437 290 2072 8 2070 8 2071 8 2072 527 2071 527 2073 527 1441 528 2074 528 1439 528 2075 528 2074 528 1441 528 2076 529 2077 529 1442 529 2076 530 1442 530 1440 530 1442 307 2075 307 1441 307 2077 307 2075 307 1442 307 2076 8 2074 8 2075 8 2076 531 2075 531 2077 531 1446 532 2078 532 1444 532 2079 533 2078 533 1446 533 1445 534 2080 534 1447 534 2081 535 2080 535 1445 535 1447 307 2079 307 1446 307 2080 333 2079 333 1447 333 2081 8 2078 8 2079 8 2081 536 2079 536 2080 536 1451 537 2082 537 1449 537 2083 538 2082 538 1451 538 2084 539 2085 539 1452 539 2084 540 1452 540 1450 540 2085 290 1451 290 1452 290 2085 290 2083 290 1451 290 2084 8 2082 8 2083 8 2084 541 2083 541 2085 541 1456 542 2086 542 1454 542 2087 387 2086 387 1456 387 1455 543 2088 543 1457 543 2089 544 2088 544 1455 544 1457 16 2087 16 1456 16 2088 254 2087 254 1457 254 2089 8 2086 8 2087 8 2089 545 2087 545 2088 545 1461 546 2090 546 1459 546 2091 547 2090 547 1461 547 2092 548 2093 548 1462 548 2092 549 1462 549 1460 549 1462 16 2091 16 1461 16 2093 290 2091 290 1462 290 2092 550 2090 550 2091 550 2092 551 2091 551 2093 551 1466 552 2094 552 1464 552 2095 553 2094 553 1466 553 2096 554 2097 554 1467 554 2096 555 1467 555 1465 555 1467 16 2095 16 1466 16 2097 290 2095 290 1467 290 2096 556 2094 556 2095 556 2096 557 2095 557 2097 557 1471 558 2098 558 1469 558 2099 559 2098 559 1471 559 2100 560 2101 560 1472 560 2100 560 1472 560 1470 560 1472 32 2099 32 1471 32 2101 333 2099 333 1472 333 2100 8 2098 8 2099 8 2100 561 2099 561 2101 561 2102 562 2103 562 1474 562 2102 562 1474 562 1476 562 2104 563 2105 563 1477 563 2104 564 1477 564 1475 564 1477 16 2102 16 1476 16 2105 254 2102 254 1477 254 2104 8 2103 8 2102 8 2104 565 2102 565 2105 565 2106 566 2107 566 1479 566 2106 567 1479 567 1481 567 2108 568 2109 568 1482 568 2108 569 1482 569 1480 569 2109 570 1481 570 1482 570 2109 571 2106 571 1481 571 2108 8 2107 8 2106 8 2108 449 2106 449 2109 449 1486 572 2110 572 1484 572 2111 573 2110 573 1486 573 2112 574 2113 574 1487 574 2112 575 1487 575 1485 575 2113 16 1486 16 1487 16 2113 15 2111 15 1486 15 2112 8 2110 8 2111 8 2112 576 2111 576 2113 576 1491 577 2114 577 1489 577 2115 577 2114 577 1491 577 1490 578 2116 578 1492 578 2117 579 2116 579 1490 579 2116 580 1491 580 1492 580 2116 580 2115 580 1491 580 2117 581 2114 581 2115 581 2117 582 2115 582 2116 582 2118 583 2119 583 1494 583 2118 583 1494 583 1496 583 1495 584 2120 584 1497 584 2121 585 2120 585 1495 585 2120 16 1496 16 1497 16 2120 16 2118 16 1496 16 2121 586 2119 586 2118 586 2121 587 2118 587 2120 587 2122 588 2123 588 1499 588 2122 588 1499 588 1501 588 2124 589 2125 589 1502 589 2124 590 1502 590 1500 590 2125 15 1501 15 1502 15 2125 16 2122 16 1501 16 2124 591 2123 591 2122 591 2124 592 2122 592 2125 592 1506 593 2126 593 1504 593 2127 593 2126 593 1506 593 2128 594 2129 594 1507 594 2128 595 1507 595 1505 595 2129 33 1506 33 1507 33 2129 32 2127 32 1506 32 2128 8 2126 8 2127 8 2128 596 2127 596 2129 596 2130 597 2131 597 1509 597 2130 598 1509 598 1511 598 2132 599 2133 599 1512 599 2132 600 1512 600 1510 600 2133 15 1511 15 1512 15 2133 16 2130 16 1511 16 2132 8 2131 8 2130 8 2132 601 2130 601 2133 601 2134 602 2135 602 1514 602 2134 603 1514 603 1516 603 2136 604 2137 604 1517 604 2136 605 1517 605 1515 605 2137 23 1516 23 1517 23 2137 52 2134 52 1516 52 2136 8 2135 8 2134 8 2136 606 2134 606 2137 606 1521 607 2138 607 1519 607 2139 608 2138 608 1521 608 2140 609 2141 609 1522 609 2140 610 1522 610 1520 610 2141 32 1521 32 1522 32 2141 33 2139 33 1521 33 2140 8 2138 8 2139 8 2140 611 2139 611 2141 611 1526 612 2142 612 1524 612 2143 613 2142 613 1526 613 1525 614 2144 614 1527 614 2145 614 2144 614 1525 614 2144 16 1526 16 1527 16 2144 15 2143 15 1526 15 2145 8 2142 8 2143 8 2145 615 2143 615 2144 615 1531 616 2146 616 1529 616 2147 616 2146 616 1531 616 2148 617 2149 617 1532 617 2148 617 1532 617 1530 617 2149 32 1531 32 1532 32 2149 33 2147 33 1531 33 2148 618 2146 618 2147 618 2148 619 2147 619 2149 619 1536 620 2150 620 1534 620 2151 620 2150 620 1536 620 2152 621 2153 621 1537 621 2152 622 1537 622 1535 622 2153 16 1536 16 1537 16 2153 15 2151 15 1536 15 2152 623 2150 623 2151 623 2152 624 2151 624 2153 624 1541 625 2154 625 1539 625 2155 625 2154 625 1541 625 2156 626 2157 626 1542 626 2156 626 1542 626 1540 626 2157 52 1541 52 1542 52 2157 23 2155 23 1541 23 2156 8 2154 8 2155 8 2156 627 2155 627 2157 627 1546 628 2158 628 1544 628 2159 628 2158 628 1546 628 1545 629 2160 629 1547 629 2161 630 2160 630 1545 630 2160 16 1546 16 1547 16 2160 15 2159 15 1546 15 2161 8 2158 8 2159 8 2161 631 2159 631 2160 631 1551 632 2162 632 1549 632 2163 632 2162 632 1551 632 2164 633 2165 633 1552 633 2164 634 1552 634 1550 634 2165 16 1551 16 1552 16 2165 15 2163 15 1551 15 2164 8 2162 8 2163 8 2164 635 2163 635 2165 635 2166 636 2167 636 1554 636 2166 637 1554 637 1556 637 2168 638 2169 638 1557 638 2168 639 1557 639 1555 639 2169 32 1556 32 1557 32 2169 33 2166 33 1556 33 2168 8 2167 8 2166 8 2168 640 2166 640 2169 640 1561 641 2170 641 1559 641 2171 641 2170 641 1561 641 2172 642 2173 642 1562 642 2172 642 1562 642 1560 642 2173 32 1561 32 1562 32 2173 32 2171 32 1561 32 2172 643 2170 643 2171 643 2172 644 2171 644 2173 644 1566 645 2174 645 1564 645 2175 646 2174 646 1566 646 2176 647 2177 647 1567 647 2176 647 1567 647 1565 647 2177 16 1566 16 1567 16 2177 15 2175 15 1566 15 2176 648 2174 648 2175 648 2176 649 2175 649 2177 649 1571 650 2178 650 1569 650 2179 650 2178 650 1571 650 2180 651 2181 651 1572 651 2180 652 1572 652 1570 652 2181 15 1571 15 1572 15 2181 16 2179 16 1571 16 2180 653 2178 653 2179 653 2180 654 2179 654 2181 654 1576 655 2182 655 1574 655 2183 656 2182 656 1576 656 2184 657 2185 657 1577 657 2184 658 1577 658 1575 658 2185 580 1576 580 1577 580 2185 659 2183 659 1576 659 2184 8 2182 8 2183 8 2184 660 2183 660 2185 660 1581 661 2186 661 1579 661 2187 662 2186 662 1581 662 1580 663 2188 663 1582 663 2189 664 2188 664 1580 664 2188 33 1581 33 1582 33 2188 32 2187 32 1581 32 2189 8 2186 8 2187 8 2189 665 2187 665 2188 665 1586 666 2190 666 1584 666 2191 667 2190 667 1586 667 2192 668 2193 668 1587 668 2192 669 1587 669 1585 669 2193 670 1586 670 1587 670 2193 671 2191 671 1586 671 2192 8 2190 8 2191 8 2192 672 2191 672 2193 672 1591 673 2194 673 1589 673 2195 673 2194 673 1591 673 1590 674 2196 674 1592 674 2197 675 2196 675 1590 675 2196 676 1591 676 1592 676 2196 15 2195 15 1591 15 2197 8 2194 8 2195 8 2197 677 2195 677 2196 677 1596 678 2198 678 1594 678 2199 679 2198 679 1596 679 1595 680 2200 680 1597 680 2201 681 2200 681 1595 681 2200 16 1596 16 1597 16 2200 16 2199 16 1596 16 2201 682 2198 682 2199 682 2201 683 2199 683 2200 683 1601 684 2202 684 1599 684 2203 684 2202 684 1601 684 2204 685 2205 685 1602 685 2204 686 1602 686 1600 686 2205 23 1601 23 1602 23 2205 23 2203 23 1601 23 2204 687 2202 687 2203 687 2204 688 2203 688 2205 688 1606 689 2206 689 1604 689 2207 689 2206 689 1606 689 2208 690 2209 690 1607 690 2208 690 1607 690 1605 690 2209 15 1606 15 1607 15 2209 16 2207 16 1606 16 2208 8 2206 8 2207 8 2208 691 2207 691 2209 691 2210 692 2211 692 1609 692 2210 692 1609 692 1611 692 2212 693 2213 693 1612 693 2212 693 1612 693 1610 693 2213 580 1611 580 1612 580 2213 659 2210 659 1611 659 2212 8 2211 8 2210 8 2212 694 2210 694 2213 694 1616 695 2214 695 1614 695 2215 696 2214 696 1616 696 2216 697 2217 697 1617 697 2216 698 1617 698 1615 698 2217 16 1616 16 1617 16 2217 16 2215 16 1616 16 2216 8 2214 8 2215 8 2216 699 2215 699 2217 699 2218 700 2219 700 1619 700 2218 701 1619 701 1621 701 1620 702 2220 702 1622 702 2221 703 2220 703 1620 703 2220 15 1621 15 1622 15 2220 15 2218 15 1621 15 2221 8 2219 8 2218 8 2221 704 2218 704 2220 704 2222 705 2223 705 1624 705 2222 706 1624 706 1626 706 2224 707 2225 707 1627 707 2224 708 1627 708 1625 708 2225 659 1626 659 1627 659 2225 580 2222 580 1626 580 2224 8 2223 8 2222 8 2224 709 2222 709 2225 709 1631 710 2226 710 1629 710 2227 710 2226 710 1631 710 2228 711 2229 711 1632 711 2228 712 1632 712 1630 712 2229 16 1631 16 1632 16 2229 16 2227 16 1631 16 2228 713 2226 713 2227 713 2228 714 2227 714 2229 714 2230 715 2231 715 1634 715 2230 715 1634 715 1636 715 2232 716 2233 716 1637 716 2232 716 1637 716 1635 716 2233 580 1636 580 1637 580 2233 580 2230 580 1636 580 2232 717 2231 717 2230 717 2232 718 2230 718 2233 718 1641 719 2234 719 1639 719 2235 719 2234 719 1641 719 2236 720 2237 720 1642 720 2236 720 1642 720 1640 720 2237 16 1641 16 1642 16 2237 16 2235 16 1641 16 2236 8 2234 8 2235 8 2236 721 2235 721 2237 721 1646 722 2238 722 1644 722 2239 723 2238 723 1646 723 1645 724 2240 724 1647 724 2241 725 2240 725 1645 725 2240 16 1646 16 1647 16 2240 16 2239 16 1646 16 2241 8 2238 8 2239 8 2241 726 2239 726 2240 726 1651 727 2242 727 1649 727 2243 727 2242 727 1651 727 2244 728 2245 728 1652 728 2244 729 1652 729 1650 729 2245 16 1651 16 1652 16 2245 15 2243 15 1651 15 2244 8 2242 8 2243 8 2244 730 2243 730 2245 730 2246 731 2247 731 1654 731 2246 731 1654 731 1656 731 2248 732 2249 732 1657 732 2248 733 1657 733 1655 733 2249 15 1656 15 1657 15 2249 16 2246 16 1656 16 2248 8 2247 8 2246 8 2248 734 2246 734 2249 734 1661 735 2250 735 1659 735 2251 736 2250 736 1661 736 2252 737 2253 737 1662 737 2252 738 1662 738 1660 738 1662 659 2251 659 1661 659 2253 739 2251 739 1662 739 2252 740 2250 740 2251 740 2252 741 2251 741 2253 741 1666 742 2254 742 1664 742 2255 743 2254 743 1666 743 2256 744 2257 744 1667 744 2256 745 1667 745 1665 745 2257 32 1666 32 1667 32 2257 33 2255 33 1666 33 2256 746 2254 746 2255 746 2256 747 2255 747 2257 747 2258 748 2259 748 1669 748 2258 748 1669 748 1671 748 2260 749 2261 749 1672 749 2260 750 1672 750 1670 750 2261 15 1671 15 1672 15 2261 16 2258 16 1671 16 2260 751 2259 751 2258 751 2260 752 2258 752 2261 752 2262 753 2263 753 1674 753 2262 753 1674 753 1676 753 2264 754 2265 754 1677 754 2264 755 1677 755 1675 755 1677 16 2262 16 1676 16 2265 15 2262 15 1677 15 2264 8 2263 8 2262 8 2264 756 2262 756 2265 756 1681 757 2266 757 1679 757 2267 758 2266 758 1681 758 2268 759 2269 759 1682 759 2268 759 1682 759 1680 759 1682 15 2267 15 1681 15 2269 16 2267 16 1682 16 2268 8 2266 8 2267 8 2268 760 2267 760 2269 760 2270 761 2271 761 1684 761 2270 761 1684 761 1686 761 2272 762 2273 762 1687 762 2272 762 1687 762 1685 762 2273 580 1686 580 1687 580 2273 580 2270 580 1686 580 2272 8 2271 8 2270 8 2272 763 2270 763 2273 763 1691 764 2274 764 1689 764 2275 765 2274 765 1691 765 2276 766 2277 766 1692 766 2276 766 1692 766 1690 766 1692 16 2275 16 1691 16 2277 15 2275 15 1692 15 2276 8 2274 8 2275 8 2276 767 2275 767 2277 767 2278 768 2279 768 1694 768 2278 769 1694 769 1696 769 2280 770 2281 770 1697 770 2280 771 1697 771 1695 771 1697 52 2278 52 1696 52 2281 23 2278 23 1697 23 2280 772 2279 772 2278 772 2280 773 2278 773 2281 773 2282 774 2283 774 1699 774 2282 774 1699 774 1701 774 2284 775 2285 775 1702 775 2284 776 1702 776 1700 776 1702 16 2282 16 1701 16 2285 16 2282 16 1702 16 2284 777 2283 777 2282 777 2284 778 2282 778 2285 778 1706 779 2286 779 1704 779 2287 780 2286 780 1706 780 2288 781 2289 781 1707 781 2288 781 1707 781 1705 781 2289 15 1706 15 1707 15 2289 16 2287 16 1706 16 2288 782 2286 782 2287 782 2288 783 2287 783 2289 783 1711 784 2290 784 1709 784 2291 785 2290 785 1711 785 2292 786 2293 786 1712 786 2292 786 1712 786 1710 786 1712 33 2291 33 1711 33 2293 32 2291 32 1712 32 2292 8 2290 8 2291 8 2292 787 2291 787 2293 787 1716 788 2294 788 1714 788 2295 789 2294 789 1716 789 1715 790 2296 790 1717 790 2297 791 2296 791 1715 791 2296 32 1716 32 1717 32 2296 33 2295 33 1716 33 2297 8 2294 8 2295 8 2297 792 2295 792 2296 792 1721 793 2298 793 1719 793 2299 794 2298 794 1721 794 1720 795 2300 795 1722 795 2301 796 2300 796 1720 796 1722 23 2299 23 1721 23 2300 52 2299 52 1722 52 2301 8 2298 8 2299 8 2301 797 2299 797 2300 797 2302 798 2303 798 1724 798 2302 798 1724 798 1726 798 2304 799 2305 799 1727 799 2304 800 1727 800 1725 800 1727 33 2302 33 1726 33 2305 32 2302 32 1727 32 2304 8 2303 8 2302 8 2304 801 2302 801 2305 801 2306 802 2307 802 1729 802 2306 802 1729 802 1731 802 1730 803 2308 803 1732 803 2309 803 2308 803 1730 803 2308 15 1731 15 1732 15 2308 15 2306 15 1731 15 2309 804 2307 804 2306 804 2309 805 2306 805 2308 805 1735 806 2310 806 1733 806 2311 806 2310 806 1735 806 2312 807 2313 807 1736 807 2312 808 1736 808 1734 808 2313 15 1735 15 1736 15 2313 16 2311 16 1735 16 2312 809 2310 809 2311 809 2312 810 2311 810 2313 810 2314 811 2315 811 1737 811 2314 812 1737 812 1739 812 2316 813 2317 813 1740 813 2316 814 1740 814 1738 814 1740 32 2314 32 1739 32 2317 33 2314 33 1740 33 2316 8 2315 8 2314 8 2316 815 2314 815 2317 815 2318 816 2319 816 1741 816 2318 817 1741 817 1743 817 2320 818 2321 818 1744 818 2320 818 1744 818 1742 818 2321 24 1743 24 1744 24 2321 52 2318 52 1743 52 2320 8 2319 8 2318 8 2320 819 2318 819 2321 819 2322 820 2323 820 1745 820 2322 821 1745 821 1747 821 2324 822 2325 822 1748 822 2324 822 1748 822 1746 822 1748 15 2322 15 1747 15 2325 16 2322 16 1748 16 2326 8 2323 8 2322 8 2326 823 2322 823 2325 823 2324 8 2326 8 2325 8 2327 824 2328 824 1749 824 2327 824 1749 824 1751 824 1750 825 2329 825 1752 825 2330 826 2329 826 1750 826 2329 15 1751 15 1752 15 2329 16 2327 16 1751 16 2330 8 2328 8 2327 8 2330 827 2327 827 2329 827 1755 828 2331 828 1753 828 2332 829 2331 829 1755 829 1754 830 2333 830 1756 830 2334 830 2333 830 1754 830 2333 16 1755 16 1756 16 2333 15 2332 15 1755 15 2334 8 2331 8 2332 8 2334 831 2332 831 2333 831 2335 832 2336 832 1757 832 2335 833 1757 833 1759 833 2337 834 2338 834 1760 834 2337 835 1760 835 1758 835 1760 32 2335 32 1759 32 2338 32 2335 32 1760 32 2337 8 2336 8 2335 8 2337 836 2335 836 2338 836 1763 837 2339 837 1761 837 2340 838 2339 838 1763 838 2341 839 2342 839 1764 839 2341 839 1764 839 1762 839 2342 23 1763 23 1764 23 2342 23 2340 23 1763 23 2341 840 2339 840 2340 840 2341 841 2340 841 2342 841 1767 842 2343 842 1765 842 2344 843 2343 843 1767 843 1766 844 2345 844 1768 844 2346 845 2345 845 1766 845 2345 15 1767 15 1768 15 2345 16 2344 16 1767 16 2346 8 2343 8 2344 8 2346 846 2344 846 2345 846 1771 847 2347 847 1769 847 2348 848 2347 848 1771 848 1770 849 2349 849 1772 849 2350 850 2349 850 1770 850 1772 52 2348 52 1771 52 2349 23 2348 23 1772 23 2350 8 2347 8 2348 8 2350 851 2348 851 2349 851 2351 852 2352 852 1773 852 2351 853 1773 853 1775 853 2353 854 2354 854 1776 854 2353 855 1776 855 1774 855 1776 16 2351 16 1775 16 2354 676 2351 676 1776 676 2353 8 2352 8 2351 8 2353 856 2351 856 2354 856 1779 857 2355 857 1777 857 2356 857 2355 857 1779 857 2357 858 2358 858 1780 858 2357 858 1780 858 1778 858 2358 32 1779 32 1780 32 2358 859 2356 859 1779 859 2357 860 2355 860 2356 860 2357 861 2356 861 2358 861 2359 862 2360 862 1781 862 2359 863 1781 863 1783 863 2361 864 2362 864 1784 864 2361 865 1784 865 1782 865 1784 866 2359 866 1783 866 2362 659 2359 659 1784 659 2361 8 2360 8 2359 8 2361 867 2359 867 2362 867 2363 868 2364 868 1785 868 2363 868 1785 868 1787 868 1786 869 2365 869 1788 869 2366 869 2365 869 1786 869 1788 32 2363 32 1787 32 2365 33 2363 33 1788 33 2366 8 2364 8 2363 8 2366 870 2363 870 2365 870 2367 871 2368 871 1789 871 2367 872 1789 872 1791 872 2369 873 2370 873 1792 873 2369 873 1792 873 1790 873 1792 24 2367 24 1791 24 2370 52 2367 52 1792 52 2369 8 2368 8 2367 8 2369 874 2367 874 2370 874 2371 480 2372 480 1793 480 2371 875 1793 875 1795 875 2373 876 2374 876 1796 876 2373 877 1796 877 1794 877 2374 15 1795 15 1796 15 2374 15 2371 15 1795 15 2373 878 2372 878 2371 878 2373 879 2371 879 2374 879 1799 880 2375 880 1797 880 2376 880 2375 880 1799 880 2377 881 2378 881 1800 881 2377 882 1800 882 1798 882 1800 33 2376 33 1799 33 2378 32 2376 32 1800 32 2377 8 2375 8 2376 8 2377 883 2376 883 2378 883 1803 884 2379 884 1801 884 2380 885 2379 885 1803 885 2381 886 2382 886 1804 886 2381 887 1804 887 1802 887 1804 16 2380 16 1803 16 2382 15 2380 15 1804 15 2381 8 2379 8 2380 8 2381 888 2380 888 2382 888 2383 889 2384 889 1805 889 2383 890 1805 890 1807 890 1806 30 2385 30 1808 30 2386 891 2385 891 1806 891 2385 16 1807 16 1808 16 2385 15 2383 15 1807 15 2386 8 2384 8 2383 8 2386 892 2383 892 2385 892 1811 893 2387 893 1809 893 2388 893 2387 893 1811 893 2389 894 2390 894 1812 894 2389 894 1812 894 1810 894 2390 23 1811 23 1812 23 2390 23 2388 23 1811 23 2389 8 2387 8 2388 8 2389 895 2388 895 2390 895 2391 896 2392 896 1813 896 2391 896 1813 896 1815 896 2393 897 2394 897 1816 897 2393 898 1816 898 1814 898 2394 15 1815 15 1816 15 2394 290 2391 290 1815 290 2393 8 2392 8 2391 8 2393 899 2391 899 2394 899 2395 900 2396 900 1817 900 2395 901 1817 901 1819 901 2397 902 2398 902 1820 902 2397 902 1820 902 1818 902 2398 16 1819 16 1820 16 2398 676 2395 676 1819 676 2397 8 2396 8 2395 8 2397 903 2395 903 2398 903 1823 904 2399 904 1821 904 2400 905 2399 905 1823 905 2401 906 2402 906 1824 906 2401 907 1824 907 1822 907 1824 33 2400 33 1823 33 2402 32 2400 32 1824 32 2401 908 2399 908 2400 908 2401 909 2400 909 2402 909 2403 8 2404 8 2405 8 2403 75 2405 75 2406 75 2407 910 2403 910 2406 910 1836 911 2403 911 1826 911 2404 912 2403 912 1836 912 2407 913 2406 913 1827 913 2407 914 1827 914 1828 914 2406 32 1825 32 1827 32 2406 333 2405 333 1825 333 2405 81 1836 81 1825 81 2405 65 2404 65 1836 65 2408 8 2409 8 2410 8 2408 69 2410 69 2411 69 2412 915 2408 915 2411 915 2409 916 2408 916 1830 916 2409 917 1830 917 1829 917 1833 918 2411 918 1832 918 2412 918 2411 918 1833 918 2411 52 1831 52 1832 52 2411 23 2410 23 1831 23 1831 919 2409 919 1829 919 2410 920 2409 920 1831 920 1840 921 2413 921 1839 921 1154 922 1840 922 1151 922 1841 923 1840 923 1154 923 1841 924 2413 924 1840 924 1843 925 2413 925 1841 925 1158 926 1843 926 1155 926 1845 927 1843 927 1158 927 1845 928 2413 928 1843 928 1847 929 2413 929 1845 929 1849 926 1847 926 1159 926 1849 926 1159 926 1162 926 1849 930 2413 930 1847 930 1853 931 1851 931 1163 931 1853 931 1163 931 1166 931 1170 932 1855 932 1167 932 1857 927 1855 927 1170 927 1861 933 1859 933 1171 933 1861 933 1171 933 1174 933 1179 934 1863 934 1175 934 1865 935 1863 935 1179 935 1869 926 1867 926 1180 926 1869 926 1180 926 1184 926 1189 936 1871 936 1185 936 1873 936 1871 936 1189 936 1194 937 1876 937 1190 937 1877 937 1876 937 1194 937 1881 933 1879 933 1195 933 1881 933 1195 933 1199 933 1885 936 1883 936 1200 936 1885 938 1200 938 1204 938 1889 938 1888 938 1205 938 1889 938 1205 938 1209 938 1894 939 1891 939 1210 939 1894 933 1210 933 1214 933 1897 938 1895 938 1215 938 1897 936 1215 936 1219 936 1901 933 1900 933 1220 933 1901 933 1220 933 1224 933 1905 923 1903 923 1225 923 1905 936 1225 936 1229 936 1909 926 1908 926 1230 926 1909 926 1230 926 1234 926 1239 926 1912 926 1235 926 1913 926 1912 926 1239 926 1917 938 1915 938 1240 938 1917 938 1240 938 1244 938 1921 923 1919 923 1245 923 1921 923 1245 923 1249 923 1254 938 1924 938 1250 938 1925 938 1924 938 1254 938 1929 926 1927 926 1255 926 1929 926 1255 926 1259 926 1933 938 1931 938 1260 938 1933 938 1260 938 1264 938 1269 938 1935 938 1265 938 1937 938 1935 938 1269 938 1941 933 1939 933 1270 933 1941 933 1270 933 1274 933 1945 933 1944 933 1275 933 1945 926 1275 926 1279 926 1284 936 1948 936 1280 936 1949 938 1948 938 1284 938 1953 936 1952 936 1285 936 1953 923 1285 923 1289 923 1957 938 1955 938 1290 938 1957 938 1290 938 1294 938 1299 940 1959 940 1295 940 1962 926 1959 926 1299 926 1965 936 1963 936 1300 936 1965 923 1300 923 1304 923 1969 938 1967 938 1305 938 1969 936 1305 936 1309 936 1314 926 1972 926 1310 926 1973 933 1972 933 1314 933 1319 936 1975 936 1315 936 1977 941 1975 941 1319 941 1982 926 1979 926 1320 926 1982 933 1320 933 1324 933 1985 926 1983 926 1325 926 1985 933 1325 933 1329 933 1989 931 1988 931 1330 931 1989 942 1330 942 1334 942 1994 940 1991 940 1335 940 1994 926 1335 926 1339 926 1344 926 1995 926 1340 926 1997 933 1995 933 1344 933 2001 926 1999 926 1345 926 2001 933 1345 933 1349 933 2005 939 2003 939 1350 939 2005 926 1350 926 1354 926 2009 936 2007 936 1355 936 2009 938 1355 938 1359 938 2014 936 2012 936 1360 936 2014 938 1360 938 1364 938 2017 939 2015 939 1365 939 2017 926 1365 926 1369 926 2021 936 2019 936 1370 936 2021 936 1370 936 1374 936 2025 936 2023 936 1375 936 2025 938 1375 938 1382 938 2029 939 2027 939 1380 939 2029 933 1380 933 1384 933 2033 938 2031 938 1385 938 2033 938 1385 938 1389 938 2038 933 2035 933 1390 933 2038 926 1390 926 1394 926 2041 923 2040 923 1395 923 2041 936 1395 936 1399 936 2414 943 2041 943 2045 943 2414 944 2035 944 2038 944 2414 945 2040 945 2041 945 2414 946 2033 946 2035 946 2414 947 2038 947 2040 947 2414 948 2413 948 1849 948 2414 949 1849 949 1851 949 2414 950 1851 950 1853 950 2414 951 1853 951 1855 951 2414 952 1855 952 1857 952 2414 953 1857 953 1859 953 2414 954 1859 954 1861 954 2414 955 1861 955 1863 955 2414 956 1863 956 1865 956 2414 957 1865 957 1867 957 2414 958 1867 958 1869 958 2414 959 1869 959 1871 959 2414 960 1871 960 1873 960 2414 961 1873 961 1876 961 2414 962 1876 962 1877 962 2414 963 1877 963 1879 963 2414 964 1879 964 1881 964 2414 965 1881 965 1883 965 2414 966 1883 966 1885 966 2414 967 1885 967 1888 967 2414 968 1888 968 1889 968 2414 969 1889 969 1891 969 2414 970 1891 970 1894 970 2414 971 1894 971 1895 971 2414 972 1895 972 1897 972 2414 973 1897 973 1900 973 2414 974 1900 974 1901 974 2414 975 1901 975 1903 975 2414 976 1903 976 1905 976 2414 977 1905 977 1908 977 2414 978 1908 978 1909 978 2414 979 1909 979 1912 979 2414 980 1912 980 1913 980 2414 981 1913 981 1915 981 2414 982 1915 982 1917 982 2414 983 1917 983 1919 983 2414 984 1919 984 1921 984 2414 985 1921 985 1924 985 2414 986 1924 986 1925 986 2414 987 1925 987 1927 987 2414 988 1927 988 1929 988 2414 989 1929 989 1931 989 2414 990 1931 990 1933 990 2414 991 1933 991 1935 991 2414 992 1935 992 1937 992 2414 993 1937 993 1939 993 2414 994 1939 994 1941 994 2414 995 1941 995 1944 995 2414 996 1944 996 1945 996 2414 997 1945 997 1948 997 2414 998 1948 998 1949 998 2414 999 1949 999 1952 999 2414 1000 1952 1000 1953 1000 2414 1001 1953 1001 1955 1001 2414 1002 1955 1002 1957 1002 2414 1003 1957 1003 1959 1003 2414 1004 1959 1004 1962 1004 2414 1005 1962 1005 1963 1005 2414 1006 1963 1006 1965 1006 2414 1007 1965 1007 1967 1007 2414 1008 1967 1008 1969 1008 2414 1009 1969 1009 1972 1009 2414 1010 1972 1010 1973 1010 2414 1011 1973 1011 1975 1011 2414 1012 1975 1012 1977 1012 2414 1013 1977 1013 1979 1013 2414 1014 1979 1014 1982 1014 2414 1015 1982 1015 1983 1015 2414 1016 1983 1016 1985 1016 2414 1017 1985 1017 1988 1017 2414 1018 1988 1018 1989 1018 2414 1019 1989 1019 1991 1019 2414 1020 1991 1020 1994 1020 2414 1021 1994 1021 1995 1021 2414 1022 1995 1022 1997 1022 2414 1023 1997 1023 1999 1023 2414 1024 1999 1024 2001 1024 2414 1025 2001 1025 2003 1025 2414 1026 2003 1026 2005 1026 2414 1027 2005 1027 2007 1027 2414 1028 2007 1028 2009 1028 2414 1029 2009 1029 2012 1029 2414 1030 2012 1030 2014 1030 2414 1031 2014 1031 2015 1031 2414 1032 2015 1032 2017 1032 2414 1033 2017 1033 2019 1033 2414 1034 2019 1034 2021 1034 2414 1035 2021 1035 2023 1035 2414 1036 2023 1036 2025 1036 2414 946 2025 946 2027 946 2414 1037 2027 1037 2029 1037 2414 947 2029 947 2031 947 2414 1038 2031 1038 2033 1038 2043 1039 2414 1039 2045 1039 1404 1040 2043 1040 1400 1040 2046 1041 2043 1041 1404 1041 2046 1042 2414 1042 2043 1042 2048 1043 2414 1043 2046 1043 1409 1044 2048 1044 1405 1044 2051 1045 2414 1045 2048 1045 2051 1046 2048 1046 1409 1046 2052 1047 2414 1047 2051 1047 1414 1044 2052 1044 1410 1044 2054 1048 2414 1048 2052 1048 2054 1049 2052 1049 1414 1049 2056 1050 2414 1050 2054 1050 2058 1046 2056 1046 1415 1046 2058 1044 1415 1044 1419 1044 1424 1049 2060 1049 1420 1049 2062 1044 2060 1044 1424 1044 2066 1051 2064 1051 1425 1051 2066 1044 1425 1044 1429 1044 1434 1051 2068 1051 1430 1051 2070 1051 2068 1051 1434 1051 2074 1052 2072 1052 1435 1052 2074 1040 1435 1040 1439 1040 2078 1044 2076 1044 1440 1044 2078 1046 1440 1046 1444 1046 2082 1051 2081 1051 1445 1051 2082 1051 1445 1051 1449 1051 2086 1049 2084 1049 1450 1049 2086 1044 1450 1044 1454 1044 2090 1044 2089 1044 1455 1044 2090 1046 1455 1046 1459 1046 2094 1049 2092 1049 1460 1049 2094 1049 1460 1049 1464 1049 2098 1051 2096 1051 1465 1051 2098 1044 1465 1044 1469 1044 2103 1044 2100 1044 1470 1044 2103 1046 1470 1046 1474 1046 2107 1051 2104 1051 1475 1051 2107 1044 1475 1044 1479 1044 2110 1049 2108 1049 1480 1049 2110 1051 1480 1051 1484 1051 2114 1053 2112 1053 1485 1053 2114 1054 1485 1054 1489 1054 2119 1055 2117 1055 1490 1055 2119 1056 1490 1056 1494 1056 2123 1054 2121 1054 1495 1054 2123 1054 1495 1054 1499 1054 2126 1057 2124 1057 1500 1057 2126 1057 1500 1057 1504 1057 2131 1058 2128 1058 1505 1058 2131 1059 1505 1059 1509 1059 1514 1049 2132 1049 1510 1049 2135 1057 2132 1057 1514 1057 2138 1058 2136 1058 1515 1058 2138 1059 1515 1059 1519 1059 1524 1049 2140 1049 1520 1049 2142 1057 2140 1057 1524 1057 2146 1055 2145 1055 1525 1055 2146 1056 1525 1056 1529 1056 1534 1055 2148 1055 1530 1055 2150 1056 2148 1056 1534 1056 2154 1055 2152 1055 1535 1055 2154 1056 1535 1056 1539 1056 1544 1060 2156 1060 1540 1060 2158 1061 2156 1061 1544 1061 2162 1062 2161 1062 1545 1062 2162 1049 1545 1049 1549 1049 1554 1057 2164 1057 1550 1057 2167 1049 2164 1049 1554 1049 2170 1063 2168 1063 1555 1063 2170 1064 1555 1064 1559 1064 2174 1062 2172 1062 1560 1062 2174 1049 1560 1049 1564 1049 1569 1064 2176 1064 1565 1064 2178 1064 2176 1064 1569 1064 1574 1056 2180 1056 1570 1056 2182 1055 2180 1055 1574 1055 1579 1055 2184 1055 1575 1055 2186 1056 2184 1056 1579 1056 1584 1056 2189 1056 1580 1056 2190 1055 2189 1055 1584 1055 2194 1055 2192 1055 1585 1055 2194 1056 1585 1056 1589 1056 2198 1057 2197 1057 1590 1057 2198 1057 1590 1057 1594 1057 2202 1057 2201 1057 1595 1057 2202 1049 1595 1049 1599 1049 2206 1049 2204 1049 1600 1049 2206 1057 1600 1057 1604 1057 2211 1063 2208 1063 1605 1063 2211 1064 1605 1064 1609 1064 1614 1063 2212 1063 1610 1063 2214 1064 2212 1064 1614 1064 2219 1060 2216 1060 1615 1060 2219 1060 1615 1060 1619 1060 2223 1060 2221 1060 1620 1060 2223 1060 1620 1060 1624 1060 2226 1060 2224 1060 1625 1060 2226 1061 1625 1061 1629 1061 2231 1064 2228 1064 1630 1064 2231 1063 1630 1063 1634 1063 1639 1064 2232 1064 1635 1064 2234 1064 2232 1064 1639 1064 2238 1064 2236 1064 1640 1064 2238 1063 1640 1063 1644 1063 1649 1057 2241 1057 1645 1057 2242 1049 2241 1049 1649 1049 2247 1049 2244 1049 1650 1049 2247 1057 1650 1057 1654 1057 2250 1062 2248 1062 1655 1062 2250 1049 1655 1049 1659 1049 2254 1056 2252 1056 1660 1056 2254 1055 1660 1055 1664 1055 2259 1056 2256 1056 1665 1056 2259 1055 1665 1055 1669 1055 2263 1055 2260 1055 1670 1055 2263 1056 1670 1056 1674 1056 2266 1060 2264 1060 1675 1060 2266 1060 1675 1060 1679 1060 2271 1057 2268 1057 1680 1057 2271 1049 1680 1049 1684 1049 2274 1057 2272 1057 1685 1057 2274 1057 1685 1057 1689 1057 2279 1057 2276 1057 1690 1057 2279 1049 1690 1049 1694 1049 2283 1064 2280 1064 1695 1064 2283 1063 1695 1063 1699 1063 2286 1049 2284 1049 1700 1049 2286 1062 1700 1062 1704 1062 1709 1055 2288 1055 1705 1055 2290 1065 2288 1065 1709 1065 1714 1055 2292 1055 1710 1055 2294 1055 2292 1055 1714 1055 2298 1065 2297 1065 1715 1065 2298 1055 1715 1055 1719 1055 2303 1055 2301 1055 1720 1055 2303 1055 1720 1055 1724 1055 2307 1049 2304 1049 1725 1049 2307 1057 1725 1057 1729 1057 1733 1057 2309 1057 1730 1057 2310 1062 2309 1062 1733 1062 1737 1063 2312 1063 1734 1063 2315 1064 2312 1064 1737 1064 2319 1062 2316 1062 1738 1062 2319 1049 1738 1049 1741 1049 2323 1066 2320 1066 1742 1066 2323 1054 1742 1054 1745 1054 2415 1067 2312 1067 2315 1067 2415 1068 2316 1068 2319 1068 2415 1069 2320 1069 2323 1069 2415 1070 2310 1070 2312 1070 2415 1071 2315 1071 2316 1071 2415 1072 2319 1072 2320 1072 2415 1073 2323 1073 2326 1073 2415 1074 2414 1074 2056 1074 2415 1075 2056 1075 2058 1075 2415 1076 2058 1076 2060 1076 2415 1077 2060 1077 2062 1077 2415 1078 2062 1078 2064 1078 2415 1079 2064 1079 2066 1079 2415 1080 2066 1080 2068 1080 2415 1081 2068 1081 2070 1081 2415 1082 2070 1082 2072 1082 2415 1083 2072 1083 2074 1083 2415 1084 2074 1084 2076 1084 2415 1085 2076 1085 2078 1085 2415 1086 2078 1086 2081 1086 2415 1087 2081 1087 2082 1087 2415 1088 2082 1088 2084 1088 2415 1089 2084 1089 2086 1089 2415 1090 2086 1090 2089 1090 2415 1091 2089 1091 2090 1091 2415 1092 2090 1092 2092 1092 2415 1093 2092 1093 2094 1093 2415 1094 2094 1094 2096 1094 2415 1095 2096 1095 2098 1095 2415 1096 2098 1096 2100 1096 2415 1097 2100 1097 2103 1097 2415 1098 2103 1098 2104 1098 2415 1099 2104 1099 2107 1099 2415 1100 2107 1100 2108 1100 2415 1101 2108 1101 2110 1101 2415 1102 2110 1102 2112 1102 2415 1103 2112 1103 2114 1103 2415 1104 2114 1104 2117 1104 2415 1105 2117 1105 2119 1105 2415 1106 2119 1106 2121 1106 2415 1107 2121 1107 2123 1107 2415 1108 2123 1108 2124 1108 2415 1109 2124 1109 2126 1109 2415 1110 2126 1110 2128 1110 2415 1111 2128 1111 2131 1111 2415 1112 2131 1112 2132 1112 2415 1113 2132 1113 2135 1113 2415 1114 2135 1114 2136 1114 2415 1115 2136 1115 2138 1115 2415 1116 2138 1116 2140 1116 2415 1117 2140 1117 2142 1117 2415 1118 2142 1118 2145 1118 2415 1119 2145 1119 2146 1119 2415 1120 2146 1120 2148 1120 2415 1121 2148 1121 2150 1121 2415 1122 2150 1122 2152 1122 2415 1123 2152 1123 2154 1123 2415 1124 2154 1124 2156 1124 2415 1125 2156 1125 2158 1125 2415 1126 2158 1126 2161 1126 2415 1127 2161 1127 2162 1127 2415 1128 2162 1128 2164 1128 2415 1129 2164 1129 2167 1129 2415 1130 2167 1130 2168 1130 2415 1131 2168 1131 2170 1131 2415 1132 2170 1132 2172 1132 2415 1133 2172 1133 2174 1133 2415 1134 2174 1134 2176 1134 2415 1135 2176 1135 2178 1135 2415 1136 2178 1136 2180 1136 2415 1137 2180 1137 2182 1137 2415 1138 2182 1138 2184 1138 2415 1139 2184 1139 2186 1139 2415 1140 2186 1140 2189 1140 2415 1141 2189 1141 2190 1141 2415 1142 2190 1142 2192 1142 2415 1143 2192 1143 2194 1143 2415 1144 2194 1144 2197 1144 2415 1145 2197 1145 2198 1145 2415 1146 2198 1146 2201 1146 2415 1147 2201 1147 2202 1147 2415 1148 2202 1148 2204 1148 2415 1149 2204 1149 2206 1149 2415 1150 2206 1150 2208 1150 2415 1151 2208 1151 2211 1151 2415 1152 2211 1152 2212 1152 2415 1153 2212 1153 2214 1153 2415 1154 2214 1154 2216 1154 2415 1155 2216 1155 2219 1155 2415 1156 2219 1156 2221 1156 2415 1157 2221 1157 2223 1157 2415 1158 2223 1158 2224 1158 2415 1159 2224 1159 2226 1159 2415 1160 2226 1160 2228 1160 2415 1161 2228 1161 2231 1161 2415 1162 2231 1162 2232 1162 2415 1163 2232 1163 2234 1163 2415 1164 2234 1164 2236 1164 2415 1165 2236 1165 2238 1165 2415 1166 2238 1166 2241 1166 2415 1167 2241 1167 2242 1167 2415 1168 2242 1168 2244 1168 2415 1169 2244 1169 2247 1169 2415 1170 2247 1170 2248 1170 2415 1171 2248 1171 2250 1171 2415 1172 2250 1172 2252 1172 2415 1173 2252 1173 2254 1173 2415 1174 2254 1174 2256 1174 2415 1175 2256 1175 2259 1175 2415 1176 2259 1176 2260 1176 2415 1177 2260 1177 2263 1177 2415 1178 2263 1178 2264 1178 2415 1179 2264 1179 2266 1179 2415 1180 2266 1180 2268 1180 2415 1181 2268 1181 2271 1181 2415 1182 2271 1182 2272 1182 2415 1183 2272 1183 2274 1183 2415 1184 2274 1184 2276 1184 2415 1185 2276 1185 2279 1185 2415 1186 2279 1186 2280 1186 2415 1187 2280 1187 2283 1187 2415 1188 2283 1188 2284 1188 2415 1189 2284 1189 2286 1189 2415 1190 2286 1190 2288 1190 2415 1191 2288 1191 2290 1191 2415 1192 2290 1192 2292 1192 2415 1193 2292 1193 2294 1193 2415 1194 2294 1194 2297 1194 2415 1195 2297 1195 2298 1195 2415 1196 2298 1196 2301 1196 2415 1197 2301 1197 2303 1197 2415 1198 2303 1198 2304 1198 2415 1199 2304 1199 2307 1199 2415 1200 2307 1200 2309 1200 2415 1201 2309 1201 2310 1201 2324 1202 2415 1202 2326 1202 1749 1062 2324 1062 1746 1062 2328 1203 2415 1203 2324 1203 2328 1049 2324 1049 1749 1049 2330 1204 2415 1204 2328 1204 1753 1054 2330 1054 1750 1054 2331 1054 2330 1054 1753 1054 2331 1205 2415 1205 2330 1205 2334 1206 2415 1206 2331 1206 2336 1059 2334 1059 1754 1059 2336 1058 1754 1058 1757 1058 1761 1065 2337 1065 1758 1065 2339 1055 2337 1055 1761 1055 2343 1207 2341 1207 1762 1207 2343 1207 1762 1207 1765 1207 2347 1053 2346 1053 1766 1053 2347 1054 1766 1054 1769 1054 2352 1208 2350 1208 1770 1208 2352 1209 1770 1209 1773 1209 2355 1049 2353 1049 1774 1049 2355 1057 1774 1057 1777 1057 2360 1059 2357 1059 1778 1059 2360 1059 1778 1059 1781 1059 2364 1057 2361 1057 1782 1057 2364 1049 1782 1049 1785 1049 2368 1049 2366 1049 1786 1049 2368 1057 1786 1057 1789 1057 2372 1057 2369 1057 1790 1057 2372 1049 1790 1049 1793 1049 2375 1058 2373 1058 1794 1058 2375 1210 1794 1210 1797 1210 2379 1054 2377 1054 1798 1054 2379 1054 1798 1054 1801 1054 2384 1053 2381 1053 1802 1053 2384 1053 1802 1053 1805 1053 2387 1054 2386 1054 1806 1054 2387 1066 1806 1066 1809 1066 2392 1058 2389 1058 1810 1058 2392 1059 1810 1059 1813 1059 2396 1208 2393 1208 1814 1208 2396 1211 1814 1211 1817 1211 1821 1209 2397 1209 1818 1209 2399 1208 2397 1208 1821 1208 1826 1212 2401 1212 1822 1212 2403 1212 2401 1212 1826 1212 2408 1213 2407 1213 1828 1213 2408 1214 1828 1214 1830 1214 1835 1215 2412 1215 1833 1215 2416 1216 2412 1216 1835 1216 2416 1217 2415 1217 2334 1217 2416 1218 2334 1218 2336 1218 2416 1219 2336 1219 2337 1219 2416 1220 2337 1220 2339 1220 2416 1221 2339 1221 2341 1221 2416 1222 2341 1222 2343 1222 2416 1223 2343 1223 2346 1223 2416 1224 2346 1224 2347 1224 2416 1225 2347 1225 2350 1225 2416 1226 2350 1226 2352 1226 2416 1227 2352 1227 2353 1227 2416 1228 2353 1228 2355 1228 2416 1229 2355 1229 2357 1229 2416 1230 2357 1230 2360 1230 2416 1231 2360 1231 2361 1231 2416 1232 2361 1232 2364 1232 2416 1233 2364 1233 2366 1233 2416 1234 2366 1234 2368 1234 2416 1235 2368 1235 2369 1235 2416 1236 2369 1236 2372 1236 2416 1237 2372 1237 2373 1237 2416 1238 2373 1238 2375 1238 2416 1239 2375 1239 2377 1239 2416 1240 2377 1240 2379 1240 2416 1241 2379 1241 2381 1241 2416 1242 2381 1242 2384 1242 2416 1243 2384 1243 2386 1243 2416 1244 2386 1244 2387 1244 2416 1245 2387 1245 2389 1245 2416 1246 2389 1246 2392 1246 2416 1247 2392 1247 2393 1247 2416 1248 2393 1248 2396 1248 2416 1249 2396 1249 2397 1249 2416 1250 2397 1250 2399 1250 2416 1251 2399 1251 2401 1251 2416 1252 2401 1252 2403 1252 2416 1253 2403 1253 2407 1253 2416 1254 2407 1254 2408 1254 2416 1255 2408 1255 2412 1255 2417 8 2418 8 2419 8 2420 8 2418 8 2417 8 2421 1256 2422 1256 2420 1256 2423 8 2421 8 2420 8 2423 1257 2420 1257 2417 1257 998 1258 2418 1258 996 1258 2419 1259 2418 1259 998 1259 2422 1260 2421 1260 1001 1260 2422 1261 1001 1261 1000 1261 2421 1262 1002 1262 1001 1262 2421 1262 2423 1262 1002 1262 2423 1263 999 1263 1002 1263 2423 1264 2417 1264 999 1264 999 1265 2419 1265 998 1265 2417 1265 2419 1265 999 1265 2422 1266 2424 1266 2420 1266 1006 1267 2422 1267 1000 1267 2425 1268 2422 1268 1006 1268 2425 1269 2424 1269 2422 1269 994 1270 2426 1270 995 1270 2427 1271 2426 1271 994 1271 2418 1272 2428 1272 997 1272 2418 1273 997 1273 996 1273 2424 1274 2418 1274 2420 1274 2424 1275 2428 1275 2418 1275 997 1276 2427 1276 994 1276 2428 1277 2427 1277 997 1277 2429 8 2426 8 2427 8 2429 1278 2427 1278 2428 1278 2424 1279 2425 1279 2429 1279 2424 1280 2429 1280 2428 1280 2430 1281 2431 1281 993 1281 2430 1282 993 1282 1728 1282 991 1283 2432 1283 992 1283 2433 1283 2432 1283 991 1283 993 1284 2433 1284 991 1284 2431 1284 2433 1284 993 1284 2432 1285 2433 1285 2431 1285 2430 8 2432 8 2431 8 2434 1286 2435 1286 990 1286 2434 1286 990 1286 1723 1286 988 1287 2436 1287 989 1287 2437 1288 2436 1288 988 1288 2435 1289 988 1289 990 1289 2435 1289 2437 1289 988 1289 2436 1290 2437 1290 2435 1290 2434 8 2436 8 2435 8 2438 1291 2439 1291 987 1291 2438 1292 987 1292 1718 1292 985 1293 2440 1293 986 1293 2441 1294 2440 1294 985 1294 2439 1295 985 1295 987 1295 2439 1277 2441 1277 985 1277 2440 1296 2441 1296 2439 1296 2438 8 2440 8 2439 8 2442 1297 2443 1297 984 1297 2442 1297 984 1297 1713 1297 982 1298 2444 1298 983 1298 2445 1298 2444 1298 982 1298 2443 1299 982 1299 984 1299 2443 1284 2445 1284 982 1284 2444 1300 2445 1300 2443 1300 2442 1301 2444 1301 2443 1301 2446 1302 2447 1302 981 1302 2446 1303 981 1303 1708 1303 979 1304 2448 1304 980 1304 2449 1305 2448 1305 979 1305 2447 1276 979 1276 981 1276 2447 1276 2449 1276 979 1276 2448 1306 2449 1306 2447 1306 2446 8 2448 8 2447 8 2450 1307 2451 1307 978 1307 2450 1308 978 1308 1703 1308 976 1309 2452 1309 977 1309 2453 1309 2452 1309 976 1309 2451 1310 976 1310 978 1310 2451 1311 2453 1311 976 1311 2452 1312 2453 1312 2451 1312 2450 8 2452 8 2451 8 1698 1313 2454 1313 975 1313 2455 1314 2454 1314 1698 1314 973 1315 2456 1315 974 1315 2457 1316 2456 1316 973 1316 2454 1284 973 1284 975 1284 2454 1284 2457 1284 973 1284 2456 1317 2457 1317 2454 1317 2455 8 2456 8 2454 8 2458 1318 2459 1318 972 1318 2458 1319 972 1319 1693 1319 2460 1320 2461 1320 971 1320 2460 1320 971 1320 970 1320 972 1311 2460 1311 970 1311 2459 1311 2460 1311 972 1311 2461 1321 2460 1321 2459 1321 2458 1322 2461 1322 2459 1322 2462 1323 2463 1323 969 1323 2462 1324 969 1324 1688 1324 2464 1325 2465 1325 968 1325 2464 1326 968 1326 967 1326 969 1284 2464 1284 967 1284 2463 1284 2464 1284 969 1284 2465 1327 2464 1327 2463 1327 2462 1328 2465 1328 2463 1328 2466 1329 2467 1329 966 1329 2466 1330 966 1330 1683 1330 2468 1331 2469 1331 965 1331 2468 1332 965 1332 964 1332 966 1333 2468 1333 964 1333 2467 1333 2468 1333 966 1333 2469 1334 2468 1334 2467 1334 2466 8 2469 8 2467 8 2470 1335 2471 1335 963 1335 2470 1336 963 1336 1678 1336 961 1337 2472 1337 962 1337 2473 1338 2472 1338 961 1338 963 1295 2473 1295 961 1295 2471 1295 2473 1295 963 1295 2472 1339 2473 1339 2471 1339 2470 8 2472 8 2471 8 2474 1340 2475 1340 960 1340 2474 1340 960 1340 1673 1340 958 1341 2476 1341 959 1341 2477 1341 2476 1341 958 1341 960 1342 2477 1342 958 1342 2475 1333 2477 1333 960 1333 2476 1343 2477 1343 2475 1343 2474 8 2476 8 2475 8 2478 1344 2479 1344 957 1344 2478 1345 957 1345 1668 1345 955 1346 2480 1346 956 1346 2481 1346 2480 1346 955 1346 957 1295 2481 1295 955 1295 2479 1295 2481 1295 957 1295 2480 1347 2481 1347 2479 1347 2478 8 2480 8 2479 8 2482 1348 2483 1348 954 1348 2482 1349 954 1349 1663 1349 2484 1350 2485 1350 953 1350 2484 1351 953 1351 952 1351 954 1289 2484 1289 952 1289 2483 1289 2484 1289 954 1289 2485 1352 2484 1352 2483 1352 2482 8 2485 8 2483 8 2486 1353 2487 1353 951 1353 2486 1353 951 1353 1658 1353 2488 1354 2489 1354 950 1354 2488 1354 950 1354 949 1354 951 1289 2488 1289 949 1289 2487 1355 2488 1355 951 1355 2489 1356 2488 1356 2487 1356 2486 8 2489 8 2487 8 2490 1357 2491 1357 948 1357 2490 1358 948 1358 1653 1358 946 1359 2492 1359 947 1359 2493 1359 2492 1359 946 1359 948 1295 2493 1295 946 1295 2491 1295 2493 1295 948 1295 2492 1360 2493 1360 2491 1360 2490 8 2492 8 2491 8 2494 1361 2495 1361 945 1361 2494 1361 945 1361 1648 1361 943 1362 2496 1362 944 1362 2497 1363 2496 1363 943 1363 945 1355 2497 1355 943 1355 2495 1364 2497 1364 945 1364 2496 1365 2497 1365 2495 1365 2494 1366 2496 1366 2495 1366 2498 1367 2499 1367 942 1367 2498 1368 942 1368 1643 1368 2500 1369 2501 1369 941 1369 2500 1369 941 1369 940 1369 942 1276 2500 1276 940 1276 2499 1295 2500 1295 942 1295 2501 1370 2500 1370 2499 1370 2498 8 2501 8 2499 8 2502 1371 2503 1371 939 1371 2502 1372 939 1372 1638 1372 937 1373 2504 1373 938 1373 2505 1374 2504 1374 937 1374 2503 1284 937 1284 939 1284 2503 1284 2505 1284 937 1284 2504 1375 2505 1375 2503 1375 2502 8 2504 8 2503 8 2506 1376 2507 1376 936 1376 2506 1376 936 1376 1633 1376 934 1377 2508 1377 935 1377 2509 1377 2508 1377 934 1377 2507 1295 934 1295 936 1295 2507 1277 2509 1277 934 1277 2508 1378 2509 1378 2507 1378 2506 8 2508 8 2507 8 2510 1379 2511 1379 933 1379 2510 1380 933 1380 1628 1380 931 1381 2512 1381 932 1381 2513 1382 2512 1382 931 1382 2511 1284 931 1284 933 1284 2511 1284 2513 1284 931 1284 2512 1383 2513 1383 2511 1383 2510 8 2512 8 2511 8 2514 1384 2515 1384 930 1384 2514 1385 930 1385 1623 1385 2516 1386 2517 1386 929 1386 2516 1387 929 1387 928 1387 2515 1299 928 1299 930 1299 2515 1284 2516 1284 928 1284 2517 1388 2516 1388 2515 1388 2514 1389 2517 1389 2515 1389 2518 1390 2519 1390 927 1390 2518 1391 927 1391 1618 1391 925 1392 2520 1392 926 1392 2521 1392 2520 1392 925 1392 2519 1295 925 1295 927 1295 2519 1277 2521 1277 925 1277 2520 1393 2521 1393 2519 1393 2518 8 2520 8 2519 8 2522 1394 2523 1394 924 1394 2522 1395 924 1395 1613 1395 2524 1396 2525 1396 923 1396 2524 1396 923 1396 922 1396 924 1397 2524 1397 922 1397 2523 1397 2524 1397 924 1397 2525 1398 2524 1398 2523 1398 2522 1399 2525 1399 2523 1399 2526 1400 2527 1400 921 1400 2526 1401 921 1401 1608 1401 2528 1402 2529 1402 920 1402 2528 1403 920 1403 919 1403 2527 1299 919 1299 921 1299 2527 1284 2528 1284 919 1284 2529 1404 2528 1404 2527 1404 2526 8 2529 8 2527 8 2530 1405 2531 1405 918 1405 2530 1405 918 1405 1603 1405 2532 1406 2533 1406 917 1406 2532 1406 917 1406 916 1406 2531 1295 916 1295 918 1295 2531 1295 2532 1295 916 1295 2533 1407 2532 1407 2531 1407 2530 1408 2533 1408 2531 1408 2534 1409 2535 1409 915 1409 2534 1410 915 1410 1598 1410 2536 1411 2537 1411 914 1411 2536 1412 914 1412 913 1412 915 1284 2536 1284 913 1284 2535 1284 2536 1284 915 1284 2537 1413 2536 1413 2535 1413 2534 1414 2537 1414 2535 1414 2538 1415 2539 1415 912 1415 2538 1416 912 1416 1593 1416 2540 1417 2541 1417 911 1417 2540 1418 911 1418 910 1418 2539 1295 910 1295 912 1295 2539 1276 2540 1276 910 1276 2541 1419 2540 1419 2539 1419 2538 1420 2541 1420 2539 1420 2542 1421 2543 1421 909 1421 2542 1421 909 1421 1588 1421 907 1422 2544 1422 908 1422 2545 1423 2544 1423 907 1423 909 1424 2545 1424 907 1424 2543 1425 2545 1425 909 1425 2544 1426 2545 1426 2543 1426 2542 8 2544 8 2543 8 2546 1427 2547 1427 906 1427 2546 1428 906 1428 1583 1428 2548 1429 2549 1429 905 1429 2548 1430 905 1430 904 1430 2547 1342 904 1342 906 1342 2547 1284 2548 1284 904 1284 2549 1431 2548 1431 2547 1431 2546 8 2549 8 2547 8 2550 1432 2551 1432 903 1432 2550 1433 903 1433 1578 1433 2552 1434 2553 1434 902 1434 2552 1434 902 1434 901 1434 903 1276 2552 1276 901 1276 2551 1295 2552 1295 903 1295 2553 1435 2552 1435 2551 1435 2550 8 2553 8 2551 8 1573 1436 2554 1436 900 1436 2555 1437 2554 1437 1573 1437 2556 1438 2557 1438 899 1438 2556 1438 899 1438 898 1438 2554 1355 898 1355 900 1355 2554 1289 2556 1289 898 1289 2557 1439 2556 1439 2554 1439 2555 8 2557 8 2554 8 2558 1440 2559 1440 897 1440 2558 1441 897 1441 1568 1441 895 1442 2560 1442 896 1442 2561 1442 2560 1442 895 1442 897 1443 2561 1443 895 1443 2559 1444 2561 1444 897 1444 2560 1445 2561 1445 2559 1445 2558 8 2560 8 2559 8 2562 1446 2563 1446 894 1446 2562 1447 894 1447 1563 1447 2564 1448 2565 1448 893 1448 2564 1448 893 1448 892 1448 2563 1355 892 1355 894 1355 2563 1289 2564 1289 892 1289 2565 1449 2564 1449 2563 1449 2562 8 2565 8 2563 8 1558 1450 2566 1450 891 1450 2567 1451 2566 1451 1558 1451 889 1452 2568 1452 890 1452 2569 1453 2568 1453 889 1453 891 1424 2569 1424 889 1424 2566 1425 2569 1425 891 1425 2568 1454 2569 1454 2566 1454 2567 1455 2568 1455 2566 1455 2570 1456 2571 1456 888 1456 2570 1457 888 1457 1553 1457 2572 1458 2573 1458 887 1458 2572 1458 887 1458 886 1458 888 1277 2572 1277 886 1277 2571 1295 2572 1295 888 1295 2573 1459 2572 1459 2571 1459 2570 8 2573 8 2571 8 2574 1460 2575 1460 885 1460 2574 1461 885 1461 1548 1461 883 1462 2576 1462 884 1462 2577 1462 2576 1462 883 1462 2575 1284 883 1284 885 1284 2575 1284 2577 1284 883 1284 2576 1463 2577 1463 2575 1463 2574 8 2576 8 2575 8 2578 1464 2579 1464 882 1464 2578 1465 882 1465 1543 1465 2580 1466 2581 1466 881 1466 2580 1467 881 1467 880 1467 882 1276 2580 1276 880 1276 2579 1276 2580 1276 882 1276 2581 1468 2580 1468 2579 1468 2578 8 2581 8 2579 8 2582 1469 2583 1469 879 1469 2582 1469 879 1469 1538 1469 877 1470 2584 1470 878 1470 2585 1471 2584 1471 877 1471 2583 1295 877 1295 879 1295 2583 1472 2585 1472 877 1472 2584 1473 2585 1473 2583 1473 2582 8 2584 8 2583 8 2586 1474 2587 1474 876 1474 2586 1475 876 1475 1533 1475 2588 1476 2589 1476 875 1476 2588 1477 875 1477 874 1477 876 1478 2588 1478 874 1478 2587 1284 2588 1284 876 1284 2589 1479 2588 1479 2587 1479 2586 1480 2589 1480 2587 1480 2590 1481 2591 1481 873 1481 2590 1482 873 1482 1528 1482 871 1483 2592 1483 872 1483 2593 1483 2592 1483 871 1483 2591 1484 871 1484 873 1484 2591 1295 2593 1295 871 1295 2592 1485 2593 1485 2591 1485 2590 8 2592 8 2591 8 2594 1486 2595 1486 870 1486 2594 1487 870 1487 1523 1487 2596 1488 2597 1488 869 1488 2596 1489 869 1489 868 1489 870 1284 2596 1284 868 1284 2595 1478 2596 1478 870 1478 2597 1490 2596 1490 2595 1490 2594 8 2597 8 2595 8 2598 1491 2599 1491 867 1491 2598 1491 867 1491 1518 1491 2600 1492 2601 1492 866 1492 2600 1493 866 1493 865 1493 867 1494 2600 1494 865 1494 2599 1478 2600 1478 867 1478 2601 1495 2600 1495 2599 1495 2598 8 2601 8 2599 8 2602 1496 2603 1496 864 1496 2602 1497 864 1497 1513 1497 2604 1498 2605 1498 863 1498 2604 1499 863 1499 862 1499 2603 1484 862 1484 864 1484 2603 1295 2604 1295 862 1295 2605 1500 2604 1500 2603 1500 2602 1501 2605 1501 2603 1501 2606 1502 2607 1502 861 1502 2606 1503 861 1503 1508 1503 2608 1504 2609 1504 860 1504 2608 1505 860 1505 859 1505 861 1494 2608 1494 859 1494 2607 1284 2608 1284 861 1284 2609 1506 2608 1506 2607 1506 2606 8 2609 8 2607 8 2610 1507 2611 1507 858 1507 2610 1508 858 1508 1503 1508 2612 1509 2613 1509 857 1509 2612 1509 857 1509 856 1509 2611 1295 856 1295 858 1295 2611 1295 2612 1295 856 1295 2613 1510 2612 1510 2611 1510 2610 8 2613 8 2611 8 2614 1511 2615 1511 855 1511 2614 1512 855 1512 1498 1512 853 1513 2616 1513 854 1513 2617 1514 2616 1514 853 1514 855 1515 2617 1515 853 1515 2615 1289 2617 1289 855 1289 2616 1516 2617 1516 2615 1516 2614 8 2616 8 2615 8 2618 1517 2619 1517 852 1517 2618 1517 852 1517 1493 1517 2620 1518 2621 1518 851 1518 2620 1519 851 1519 850 1519 852 1478 2620 1478 850 1478 2619 1284 2620 1284 852 1284 2621 1520 2620 1520 2619 1520 2618 8 2621 8 2619 8 2622 1521 2623 1521 849 1521 2622 1522 849 1522 1488 1522 2624 1523 2625 1523 848 1523 2624 1524 848 1524 847 1524 849 1525 2624 1525 847 1525 2623 1289 2624 1289 849 1289 2625 1526 2624 1526 2623 1526 2622 1527 2625 1527 2623 1527 2626 1528 2627 1528 846 1528 2626 1529 846 1529 1483 1529 844 1530 2628 1530 845 1530 2629 1531 2628 1531 844 1531 846 1532 2629 1532 844 1532 2627 1532 2629 1532 846 1532 2628 1533 2629 1533 2627 1533 2626 1534 2628 1534 2627 1534 2630 1535 2631 1535 843 1535 2630 1536 843 1536 1478 1536 2632 1537 2633 1537 842 1537 2632 1538 842 1538 841 1538 843 1397 2632 1397 841 1397 2631 1539 2632 1539 843 1539 2633 1540 2632 1540 2631 1540 2630 8 2633 8 2631 8 2634 1541 2635 1541 840 1541 2634 1542 840 1542 1473 1542 838 1543 2636 1543 839 1543 2637 1543 2636 1543 838 1543 840 1311 2637 1311 838 1311 2635 1544 2637 1544 840 1544 2636 1545 2637 1545 2635 1545 2634 8 2636 8 2635 8 2638 1546 2639 1546 837 1546 2638 1547 837 1547 1468 1547 835 1548 2640 1548 836 1548 2641 1549 2640 1549 835 1549 837 1472 2641 1472 835 1472 2639 1484 2641 1484 837 1484 2640 1550 2641 1550 2639 1550 2638 8 2640 8 2639 8 2642 1551 2643 1551 834 1551 2642 1552 834 1552 1463 1552 832 1553 2644 1553 833 1553 2645 1554 2644 1554 832 1554 2643 1295 832 1295 834 1295 2643 1472 2645 1472 832 1472 2644 1555 2645 1555 2643 1555 2642 1556 2644 1556 2643 1556 2646 1557 2647 1557 831 1557 2646 1558 831 1558 1458 1558 829 1559 2648 1559 830 1559 2649 1560 2648 1560 829 1560 2647 1289 829 1289 831 1289 2647 1525 2649 1525 829 1525 2648 1561 2649 1561 2647 1561 2646 8 2648 8 2647 8 2650 1562 2651 1562 828 1562 2650 1563 828 1563 1453 1563 826 1564 2652 1564 827 1564 2653 1564 2652 1564 826 1564 2651 1532 826 1532 828 1532 2651 1532 2653 1532 826 1532 2652 1565 2653 1565 2651 1565 2650 8 2652 8 2651 8 2654 1566 2655 1566 825 1566 2654 1567 825 1567 1448 1567 2656 1568 2657 1568 824 1568 2656 1569 824 1569 823 1569 2655 1284 823 1284 825 1284 2655 1478 2656 1478 823 1478 2657 1570 2656 1570 2655 1570 2654 8 2657 8 2655 8 2658 1571 2659 1571 822 1571 2658 1572 822 1572 1443 1572 820 1573 2660 1573 821 1573 2661 1574 2660 1574 820 1574 2659 1494 820 1494 822 1494 2659 1478 2661 1478 820 1478 2660 1575 2661 1575 2659 1575 2658 8 2660 8 2659 8 2662 1576 2663 1576 819 1576 2662 1577 819 1577 1438 1577 817 1578 2664 1578 818 1578 2665 1579 2664 1579 817 1579 2663 1472 817 1472 819 1472 2663 1276 2665 1276 817 1276 2664 1580 2665 1580 2663 1580 2662 1581 2664 1581 2663 1581 2666 1582 2667 1582 814 1582 2666 1583 814 1583 1433 1583 812 1584 2668 1584 813 1584 2669 1585 2668 1585 812 1585 2667 1478 812 1478 814 1478 2667 1494 2669 1494 812 1494 2668 1586 2669 1586 2667 1586 2666 8 2668 8 2667 8 2670 1587 2671 1587 811 1587 2670 1588 811 1588 1428 1588 2672 1589 2673 1589 810 1589 2672 1589 810 1589 809 1589 811 1295 2672 1295 809 1295 2671 1484 2672 1484 811 1484 2673 1590 2672 1590 2671 1590 2670 1591 2673 1591 2671 1591 2674 1592 2675 1592 808 1592 2674 1593 808 1593 1423 1593 806 1594 2676 1594 807 1594 2677 1595 2676 1595 806 1595 808 1494 2677 1494 806 1494 2675 1284 2677 1284 808 1284 2676 1596 2677 1596 2675 1596 2674 8 2676 8 2675 8 2678 1597 2679 1597 805 1597 2678 1598 805 1598 1418 1598 803 1599 2680 1599 804 1599 2681 1600 2680 1600 803 1600 805 1494 2681 1494 803 1494 2679 1299 2681 1299 805 1299 2680 1601 2681 1601 2679 1601 2678 8 2680 8 2679 8 2682 1602 2683 1602 802 1602 2682 1603 802 1603 1413 1603 800 1604 2684 1604 801 1604 2685 1605 2684 1605 800 1605 802 1484 2685 1484 800 1484 2683 1295 2685 1295 802 1295 2684 1606 2685 1606 2683 1606 2682 8 2684 8 2683 8 2686 1607 2687 1607 799 1607 2686 1608 799 1608 1408 1608 797 1609 2688 1609 798 1609 2689 1610 2688 1610 797 1610 799 1525 2689 1525 797 1525 2687 1289 2689 1289 799 1289 2688 1611 2689 1611 2687 1611 2690 8 2688 8 2687 8 2686 8 2690 8 2687 8 2691 1612 2692 1612 796 1612 2691 1613 796 1613 1403 1613 794 1614 2693 1614 795 1614 2694 1614 2693 1614 794 1614 796 1484 2694 1484 794 1484 2692 1295 2694 1295 796 1295 2693 1615 2694 1615 2692 1615 2691 1616 2693 1616 2692 1616 2695 1617 2696 1617 793 1617 2695 1618 793 1618 1398 1618 791 1619 2697 1619 792 1619 2698 1619 2697 1619 791 1619 793 1484 2698 1484 791 1484 2696 1295 2698 1295 793 1295 2697 1620 2698 1620 2696 1620 2695 1621 2697 1621 2696 1621 1393 1622 2699 1622 790 1622 2700 1623 2699 1623 1393 1623 788 1624 2701 1624 789 1624 2702 1624 2701 1624 788 1624 790 1515 2702 1515 788 1515 2699 1525 2702 1525 790 1525 2701 1625 2702 1625 2699 1625 2700 1626 2701 1626 2699 1626 2703 1521 2704 1521 787 1521 2703 1627 787 1627 1388 1627 2705 1628 2706 1628 786 1628 2705 1629 786 1629 785 1629 787 1397 2705 1397 785 1397 2704 1630 2705 1630 787 1630 2706 1631 2705 1631 2704 1631 2703 8 2706 8 2704 8 2707 1632 2708 1632 784 1632 2707 1632 784 1632 1383 1632 782 1633 2709 1633 783 1633 2710 1634 2709 1634 782 1634 784 1525 2710 1525 782 1525 2708 1515 2710 1515 784 1515 2709 1635 2710 1635 2708 1635 2707 8 2709 8 2708 8 2711 1636 2712 1636 781 1636 2711 1636 781 1636 1378 1636 2713 1637 2714 1637 780 1637 2713 1637 780 1637 779 1637 781 1638 2713 1638 779 1638 2712 1425 2713 1425 781 1425 2714 1639 2713 1639 2712 1639 2711 8 2714 8 2712 8 1373 1640 2715 1640 778 1640 2716 1640 2715 1640 1373 1640 2717 1641 2718 1641 777 1641 2717 1641 777 1641 776 1641 2715 1484 776 1484 778 1484 2715 1295 2717 1295 776 1295 2718 1642 2717 1642 2715 1642 2716 8 2718 8 2715 8 2719 1643 2720 1643 775 1643 2719 1644 775 1644 1368 1644 2721 1645 2722 1645 774 1645 2721 1646 774 1646 773 1646 2720 1532 773 1532 775 1532 2720 1532 2721 1532 773 1532 2722 1647 2721 1647 2720 1647 2719 8 2722 8 2720 8 2723 1648 2724 1648 772 1648 2723 1649 772 1649 1363 1649 2725 1650 2726 1650 771 1650 2725 1650 771 1650 770 1650 2724 1472 770 1472 772 1472 2724 1295 2725 1295 770 1295 2726 1651 2725 1651 2724 1651 2723 1652 2726 1652 2724 1652 2727 1653 2728 1653 769 1653 2727 1654 769 1654 1358 1654 2729 1655 2730 1655 768 1655 2729 1656 768 1656 767 1656 2728 1657 767 1657 769 1657 2728 1658 2729 1658 767 1658 2730 1659 2729 1659 2728 1659 2727 8 2730 8 2728 8 2731 1660 2732 1660 766 1660 2731 1661 766 1661 1353 1661 2733 1662 2734 1662 765 1662 2733 1663 765 1663 764 1663 2732 1494 764 1494 766 1494 2732 1478 2733 1478 764 1478 2734 1664 2733 1664 2732 1664 2731 8 2734 8 2732 8 2735 1665 2736 1665 763 1665 2735 1665 763 1665 1348 1665 2737 1666 2738 1666 762 1666 2737 1667 762 1667 761 1667 2736 1284 761 1284 763 1284 2736 1284 2737 1284 761 1284 2738 1668 2737 1668 2736 1668 2735 8 2738 8 2736 8 2739 1669 2740 1669 760 1669 2739 1670 760 1670 1343 1670 2741 1671 2742 1671 759 1671 2741 1672 759 1672 758 1672 2740 1284 758 1284 760 1284 2740 1284 2741 1284 758 1284 2742 1673 2741 1673 2740 1673 2739 8 2742 8 2740 8 2743 1674 2744 1674 757 1674 2743 1675 757 1675 1338 1675 2745 1676 2746 1676 756 1676 2745 1676 756 1676 755 1676 757 1295 2745 1295 755 1295 2744 1295 2745 1295 757 1295 2746 1677 2745 1677 2744 1677 2743 8 2746 8 2744 8 1333 1678 2747 1678 754 1678 2748 1679 2747 1679 1333 1679 2749 1680 2750 1680 753 1680 2749 1681 753 1681 752 1681 2747 1484 752 1484 754 1484 2747 1295 2749 1295 752 1295 2750 1682 2749 1682 2747 1682 2748 8 2750 8 2747 8 2751 1683 2752 1683 751 1683 2751 1684 751 1684 1328 1684 2753 1685 2754 1685 750 1685 2753 1686 750 1686 749 1686 2752 1484 749 1484 751 1484 2752 1295 2753 1295 749 1295 2754 1687 2753 1687 2752 1687 2751 8 2754 8 2752 8 1323 1688 2755 1688 748 1688 2756 1689 2755 1689 1323 1689 2757 1690 2758 1690 747 1690 2757 1691 747 1691 746 1691 2755 1484 746 1484 748 1484 2755 1472 2757 1472 746 1472 2758 1692 2757 1692 2755 1692 2756 8 2758 8 2755 8 1318 1693 2759 1693 745 1693 2760 1693 2759 1693 1318 1693 2761 1694 2762 1694 744 1694 2761 1695 744 1695 743 1695 745 1478 2761 1478 743 1478 2759 1284 2761 1284 745 1284 2762 1696 2761 1696 2759 1696 2760 8 2762 8 2759 8 2763 1697 2764 1697 742 1697 2763 1697 742 1697 1313 1697 2765 1698 2766 1698 741 1698 2765 1699 741 1699 740 1699 2764 1478 740 1478 742 1478 2764 1478 2765 1478 740 1478 2766 1700 2765 1700 2764 1700 2763 8 2766 8 2764 8 2767 1701 2768 1701 739 1701 2767 1702 739 1702 1308 1702 2769 1703 2770 1703 738 1703 2769 1704 738 1704 737 1704 2768 1525 737 1525 739 1525 2768 1515 2769 1515 737 1515 2770 1705 2769 1705 2768 1705 2767 8 2770 8 2768 8 2771 1706 2772 1706 736 1706 2771 1707 736 1707 1303 1707 2773 1708 2774 1708 735 1708 2773 1709 735 1709 734 1709 2772 1525 734 1525 736 1525 2772 1515 2773 1515 734 1515 2774 1710 2773 1710 2772 1710 2771 1711 2774 1711 2772 1711 2775 1712 2776 1712 733 1712 2775 1713 733 1713 1298 1713 2777 1714 2778 1714 732 1714 2777 1715 732 1715 731 1715 733 1472 2777 1472 731 1472 2776 1484 2777 1484 733 1484 2778 1716 2777 1716 2776 1716 2775 8 2778 8 2776 8 1293 1717 2779 1717 730 1717 2780 1717 2779 1717 1293 1717 2781 1718 2782 1718 729 1718 2781 1718 729 1718 728 1718 2779 1289 728 1289 730 1289 2779 1289 2781 1289 728 1289 2782 1719 2781 1719 2779 1719 2780 8 2782 8 2779 8 2783 1720 2784 1720 727 1720 2783 1721 727 1721 1288 1721 2785 1722 2786 1722 726 1722 2785 1722 726 1722 725 1722 2784 1484 725 1484 727 1484 2784 1295 2785 1295 725 1295 2786 1723 2785 1723 2784 1723 2783 1724 2786 1724 2784 1724 2787 1725 2788 1725 724 1725 2787 1726 724 1726 1283 1726 2789 1727 2790 1727 723 1727 2789 1728 723 1728 722 1728 2788 1478 722 1478 724 1478 2788 1284 2789 1284 722 1284 2790 1729 2789 1729 2788 1729 2787 1730 2790 1730 2788 1730 2791 1731 2792 1731 721 1731 2791 1732 721 1732 1278 1732 2793 1733 2794 1733 720 1733 2793 1734 720 1734 719 1734 2792 1289 719 1289 721 1289 2792 1515 2793 1515 719 1515 2794 1735 2793 1735 2792 1735 2791 8 2794 8 2792 8 2795 1736 2796 1736 717 1736 2795 1736 717 1736 1273 1736 2797 1737 2798 1737 716 1737 2797 1737 716 1737 715 1737 2796 1544 715 1544 717 1544 2796 1310 2797 1310 715 1310 2798 1738 2797 1738 2796 1738 2795 8 2798 8 2796 8 2799 1739 2800 1739 714 1739 2799 1739 714 1739 1268 1739 2801 1740 2802 1740 713 1740 2801 1740 713 1740 712 1740 2800 1284 712 1284 714 1284 2800 1284 2801 1284 712 1284 2802 1741 2801 1741 2800 1741 2799 8 2802 8 2800 8 2803 1742 2804 1742 711 1742 2803 1743 711 1743 1263 1743 2805 1744 2806 1744 710 1744 2805 1745 710 1745 709 1745 2804 1544 709 1544 711 1544 2804 1310 2805 1310 709 1310 2806 1746 2805 1746 2804 1746 2803 1747 2806 1747 2804 1747 2807 1748 2808 1748 708 1748 2807 1748 708 1748 1258 1748 2809 1749 2810 1749 707 1749 2809 1750 707 1750 706 1750 2808 1295 706 1295 708 1295 2808 1295 2809 1295 706 1295 2810 1751 2809 1751 2808 1751 2807 8 2810 8 2808 8 2811 1752 2812 1752 705 1752 2811 1753 705 1753 1253 1753 2813 1754 2814 1754 704 1754 2813 1754 704 1754 703 1754 2812 1333 703 1333 705 1333 2812 1657 2813 1657 703 1657 2814 1755 2813 1755 2812 1755 2811 8 2814 8 2812 8 2815 1756 2816 1756 702 1756 2815 1757 702 1757 1248 1757 2817 1758 2818 1758 701 1758 2817 1759 701 1759 700 1759 2816 1276 700 1276 702 1276 2816 1295 2817 1295 700 1295 2818 1760 2817 1760 2816 1760 2815 8 2818 8 2816 8 2819 1761 2820 1761 699 1761 2819 1761 699 1761 1243 1761 2821 1762 2822 1762 698 1762 2821 1763 698 1763 697 1763 2820 1764 697 1764 699 1764 2820 1657 2821 1657 697 1657 2822 1765 2821 1765 2820 1765 2819 8 2822 8 2820 8 2823 1766 2824 1766 696 1766 2823 1767 696 1767 1238 1767 2825 1768 2826 1768 695 1768 2825 1768 695 1768 694 1768 2824 1295 694 1295 696 1295 2824 1484 2825 1484 694 1484 2826 1769 2825 1769 2824 1769 2823 8 2826 8 2824 8 1233 1770 2827 1770 693 1770 2828 1770 2827 1770 1233 1770 2829 1771 2830 1771 692 1771 2829 1772 692 1772 691 1772 2827 1295 691 1295 693 1295 2827 1484 2829 1484 691 1484 2830 1773 2829 1773 2827 1773 2828 8 2830 8 2827 8 2831 1774 2832 1774 690 1774 2831 1775 690 1775 1228 1775 2833 1776 2834 1776 689 1776 2833 1777 689 1777 688 1777 2832 1494 688 1494 690 1494 2832 1478 2833 1478 688 1478 2834 1778 2833 1778 2832 1778 2831 8 2834 8 2832 8 2835 1779 2836 1779 687 1779 2835 1780 687 1780 1223 1780 2837 1781 2838 1781 686 1781 2837 1782 686 1782 685 1782 2836 1484 685 1484 687 1484 2836 1472 2837 1472 685 1472 2838 1783 2837 1783 2836 1783 2835 8 2838 8 2836 8 2839 1784 2840 1784 684 1784 2839 1785 684 1785 1218 1785 2841 1786 2842 1786 683 1786 2841 1786 683 1786 682 1786 2840 1289 682 1289 684 1289 2840 1525 2841 1525 682 1525 2842 1787 2841 1787 2840 1787 2839 8 2842 8 2840 8 2843 1788 2844 1788 681 1788 2843 1789 681 1789 1213 1789 2845 1790 2846 1790 680 1790 2845 1791 680 1791 679 1791 2844 1289 679 1289 681 1289 2844 1289 2845 1289 679 1289 2846 1792 2845 1792 2844 1792 2843 8 2846 8 2844 8 2847 1793 2848 1793 678 1793 2847 1793 678 1793 1208 1793 2849 1794 2850 1794 677 1794 2849 1795 677 1795 676 1795 2848 1289 676 1289 678 1289 2848 1289 2849 1289 676 1289 2850 1796 2849 1796 2848 1796 2847 8 2850 8 2848 8 2851 1797 2852 1797 675 1797 2851 1797 675 1797 1203 1797 2853 1798 2854 1798 674 1798 2853 1798 674 1798 673 1798 2852 1289 673 1289 675 1289 2852 1289 2853 1289 673 1289 2854 1799 2853 1799 2852 1799 2851 8 2854 8 2852 8 2855 1800 2856 1800 672 1800 2855 1801 672 1801 1198 1801 2857 1802 2858 1802 671 1802 2857 1803 671 1803 670 1803 2856 1484 670 1484 672 1484 2856 1295 2857 1295 670 1295 2858 1804 2857 1804 2856 1804 2855 8 2858 8 2856 8 2859 1805 2860 1805 669 1805 2859 1806 669 1806 1193 1806 2861 1807 2862 1807 668 1807 2861 1807 668 1807 667 1807 2860 1515 667 1515 669 1515 2860 1289 2861 1289 667 1289 2862 1808 2861 1808 2860 1808 2859 8 2862 8 2860 8 1188 1809 2863 1809 666 1809 2864 1810 2863 1810 1188 1810 2865 1811 664 1811 663 1811 2865 98 2866 98 664 98 664 1812 2867 1812 665 1812 2866 1813 2867 1813 664 1813 666 1295 2865 1295 663 1295 2863 1472 2865 1472 666 1472 2867 8 2866 8 2865 8 2867 105 2865 105 2863 105 2864 1814 2867 1814 2863 1814 2868 1815 2869 1815 662 1815 2868 1815 662 1815 1183 1815 2870 1816 660 1816 659 1816 2870 1816 2871 1816 660 1816 660 1817 2872 1817 661 1817 2871 1818 2872 1818 660 1818 2869 1284 659 1284 662 1284 2869 1342 2870 1342 659 1342 2872 8 2871 8 2870 8 2872 1819 2870 1819 2869 1819 2868 1820 2872 1820 2869 1820 2873 1821 2874 1821 658 1821 2873 1821 658 1821 1178 1821 655 1816 2875 1816 656 1816 2876 1811 2875 1811 655 1811 656 1822 2877 1822 657 1822 2875 1822 2877 1822 656 1822 2874 1284 655 1284 658 1284 2874 1494 2876 1494 655 1494 2877 8 2875 8 2876 8 2877 1823 2876 1823 2874 1823 2873 8 2877 8 2874 8 2878 1824 2879 1824 653 1824 2878 1825 653 1825 654 1825 650 99 2880 99 651 99 2881 1826 2880 1826 650 1826 651 1827 2882 1827 652 1827 2880 1827 2882 1827 651 1827 653 1472 2881 1472 650 1472 2879 1472 2881 1472 653 1472 2882 8 2880 8 2881 8 2882 1828 2881 1828 2879 1828 2878 8 2882 8 2879 8 2883 1829 2884 1829 647 1829 2883 1830 647 1830 648 1830 645 98 2885 98 646 98 2886 98 2885 98 645 98 646 1831 2887 1831 649 1831 2885 1832 2887 1832 646 1832 647 1494 2886 1494 645 1494 2884 1284 2886 1284 647 1284 2885 1833 2886 1833 2884 1833 2887 8 2885 8 2884 8 2883 8 2887 8 2884 8 2888 1834 2889 1834 642 1834 2888 1834 642 1834 643 1834 2890 1826 641 1826 640 1826 2890 99 2891 99 641 99 641 1835 2892 1835 644 1835 2891 1836 2892 1836 641 1836 642 1472 2890 1472 640 1472 2889 1472 2890 1472 642 1472 2891 1837 2890 1837 2889 1837 2892 8 2891 8 2889 8 2888 8 2892 8 2889 8 2893 1838 2894 1838 637 1838 2893 1839 637 1839 638 1839 2895 99 636 99 635 99 2895 99 2896 99 636 99 2896 1840 2897 1840 639 1840 2896 1841 639 1841 636 1841 637 1472 2895 1472 635 1472 2894 1295 2895 1295 637 1295 2896 1842 2895 1842 2894 1842 2897 8 2896 8 2894 8 2893 8 2897 8 2894 8 2898 1843 2899 1843 630 1843 2898 1844 630 1844 631 1844 2900 98 629 98 628 98 2900 98 2901 98 629 98 629 1845 2902 1845 632 1845 2901 1846 2902 1846 629 1846 630 1494 2900 1494 628 1494 2899 1342 2900 1342 630 1342 2901 1847 2900 1847 2899 1847 2902 8 2901 8 2899 8 2898 8 2902 8 2899 8 2903 1848 2904 1848 625 1848 2903 1848 625 1848 624 1848 2905 99 627 99 1153 99 2905 99 2906 99 627 99 627 1849 2907 1849 626 1849 2906 1850 2907 1850 627 1850 625 1472 2905 1472 1153 1472 2904 1295 2905 1295 625 1295 2906 1851 2905 1851 2904 1851 2907 8 2906 8 2904 8 2903 8 2907 8 2904 8 2908 1852 2429 1852 2425 1852 1005 1853 2425 1853 1006 1853 2909 1854 2425 1854 1005 1854 2909 1855 2908 1855 2425 1855 2684 1856 2686 1856 1408 1856 2684 1856 1408 1856 801 1856 2910 1857 2690 1857 2686 1857 2910 1858 2686 1858 2684 1858 2682 1859 2910 1859 2684 1859 2680 1860 2682 1860 1413 1860 2680 1860 1413 1860 804 1860 2680 1861 2910 1861 2682 1861 2678 1862 2910 1862 2680 1862 2676 1856 2678 1856 1418 1856 2676 1856 1418 1856 807 1856 2676 1863 2910 1863 2678 1863 2674 1864 1423 1864 810 1864 2673 1865 2674 1865 810 1865 2668 1856 2670 1856 1428 1856 2668 1856 1428 1856 813 1856 2664 1860 2666 1860 1433 1860 2664 1860 1433 1860 818 1860 2660 1866 2662 1866 1438 1866 2660 1867 1438 1867 821 1867 2657 1860 2658 1860 1443 1860 2657 1860 1443 1860 824 1860 2652 1860 2654 1860 1448 1860 2652 1860 1448 1860 827 1860 2648 1868 2650 1868 1453 1868 2648 1856 1453 1856 830 1856 2646 1869 1458 1869 833 1869 2644 1870 2646 1870 833 1870 2642 1860 1463 1860 836 1860 2640 1860 2642 1860 836 1860 2636 1871 2638 1871 1468 1871 2636 1871 1468 1871 839 1871 2633 1867 2634 1867 1473 1867 2633 1872 1473 1872 842 1872 2628 1860 2630 1860 1478 1860 2628 1860 1478 1860 845 1860 2626 1856 1483 1856 848 1856 2625 1856 2626 1856 848 1856 2621 1873 2622 1873 1488 1873 2621 1874 1488 1874 851 1874 2616 1860 2618 1860 1493 1860 2616 1860 1493 1860 854 1860 2613 1875 2614 1875 1498 1875 2613 1860 1498 1860 857 1860 2609 1871 2610 1871 1503 1871 2609 1871 1503 1871 860 1871 2605 1876 2606 1876 1508 1876 2605 1877 1508 1877 863 1877 2602 1860 1513 1860 866 1860 2601 1860 2602 1860 866 1860 2597 1856 2598 1856 1518 1856 2597 1856 1518 1856 869 1856 2592 1871 2594 1871 1523 1871 2592 1871 1523 1871 872 1871 2589 1871 2590 1871 1528 1871 2589 1871 1528 1871 875 1871 2584 1860 2586 1860 1533 1860 2584 1860 1533 1860 878 1860 2581 1878 2582 1878 1538 1878 2581 1860 1538 1860 881 1860 2578 1873 1543 1873 884 1873 2576 1876 2578 1876 884 1876 2574 1871 1548 1871 887 1871 2573 1871 2574 1871 887 1871 2568 1856 2570 1856 1553 1856 2568 1856 1553 1856 890 1856 2565 1869 2567 1869 1558 1869 2565 1869 1558 1869 893 1869 2562 1856 1563 1856 896 1856 2560 1856 2562 1856 896 1856 2557 1871 2558 1871 1568 1871 2557 1871 1568 1871 899 1871 2555 1860 1573 1860 902 1860 2553 1860 2555 1860 902 1860 2549 1860 2550 1860 1578 1860 2549 1860 1578 1860 905 1860 2544 1856 2546 1856 1583 1856 2544 1856 1583 1856 908 1856 2542 1871 1588 1871 911 1871 2541 1871 2542 1871 911 1871 2537 1865 2538 1865 1593 1865 2537 1869 1593 1869 914 1869 2533 1856 2534 1856 1598 1856 2533 1879 1598 1879 917 1879 2529 1860 2530 1860 1603 1860 2529 1860 1603 1860 920 1860 2525 1856 2526 1856 1608 1856 2525 1856 1608 1856 923 1856 2522 1865 1613 1865 926 1865 2520 1869 2522 1869 926 1869 2517 1856 2518 1856 1618 1856 2517 1856 1618 1856 929 1856 2512 1860 2514 1860 1623 1860 2512 1860 1623 1860 932 1860 2508 1872 2510 1872 1628 1872 2508 1866 1628 1866 935 1866 2506 1856 1633 1856 938 1856 2504 1856 2506 1856 938 1856 2501 1860 2502 1860 1638 1860 2501 1860 1638 1860 941 1860 2498 1866 1643 1866 944 1866 2496 1866 2498 1866 944 1866 2492 1860 2494 1860 1648 1860 2492 1860 1648 1860 947 1860 2490 1871 1653 1871 950 1871 2489 1871 2490 1871 950 1871 2485 1860 2486 1860 1658 1860 2485 1860 1658 1860 953 1860 2480 1872 2482 1872 1663 1872 2480 1872 1663 1872 956 1872 2478 1856 1668 1856 959 1856 2476 1856 2478 1856 959 1856 2472 1871 2474 1871 1673 1871 2472 1871 1673 1871 962 1871 2469 1871 2470 1871 1678 1871 2469 1871 1678 1871 965 1871 2465 1860 2466 1860 1683 1860 2465 1860 1683 1860 968 1860 2462 1856 1688 1856 971 1856 2461 1856 2462 1856 971 1856 2456 1880 2458 1880 1693 1880 2456 1880 1693 1880 974 1880 2452 1876 2455 1876 1698 1876 2452 1881 1698 1881 977 1881 2448 1860 2450 1860 1703 1860 2448 1882 1703 1882 980 1882 2444 1856 2446 1856 1708 1856 2444 1856 1708 1856 983 1856 2440 1871 2442 1871 1713 1871 2440 1883 1713 1883 986 1883 2436 1882 2438 1882 1718 1882 2436 1860 1718 1860 989 1860 2432 1856 2434 1856 1723 1856 2432 1856 1723 1856 992 1856 2426 1860 2430 1860 1728 1860 2426 1860 1728 1860 995 1860 2908 1884 2426 1884 2429 1884 2908 1885 2436 1885 2434 1885 2908 1886 2432 1886 2430 1886 2908 1887 2434 1887 2432 1887 2908 1888 2430 1888 2426 1888 2908 1889 2910 1889 2676 1889 2908 1890 2676 1890 2674 1890 2908 1891 2674 1891 2673 1891 2908 1892 2673 1892 2670 1892 2908 1893 2670 1893 2668 1893 2908 1894 2668 1894 2666 1894 2908 1895 2666 1895 2664 1895 2908 1896 2664 1896 2662 1896 2908 1897 2662 1897 2660 1897 2908 1898 2660 1898 2658 1898 2908 1899 2658 1899 2657 1899 2908 1900 2657 1900 2654 1900 2908 1901 2654 1901 2652 1901 2908 1902 2652 1902 2650 1902 2908 1903 2650 1903 2648 1903 2908 1904 2648 1904 2646 1904 2908 1905 2646 1905 2644 1905 2908 1906 2644 1906 2642 1906 2908 1907 2642 1907 2640 1907 2908 1908 2640 1908 2638 1908 2908 1909 2638 1909 2636 1909 2908 1910 2636 1910 2634 1910 2908 1911 2634 1911 2633 1911 2908 1912 2633 1912 2630 1912 2908 1913 2630 1913 2628 1913 2908 1914 2628 1914 2626 1914 2908 1915 2626 1915 2625 1915 2908 1916 2625 1916 2622 1916 2908 1917 2622 1917 2621 1917 2908 1918 2621 1918 2618 1918 2908 1919 2618 1919 2616 1919 2908 1920 2616 1920 2614 1920 2908 1921 2614 1921 2613 1921 2908 1922 2613 1922 2610 1922 2908 1923 2610 1923 2609 1923 2908 1924 2609 1924 2606 1924 2908 1925 2606 1925 2605 1925 2908 1926 2605 1926 2602 1926 2908 1927 2602 1927 2601 1927 2908 1928 2601 1928 2598 1928 2908 1929 2598 1929 2597 1929 2908 1930 2597 1930 2594 1930 2908 1931 2594 1931 2592 1931 2908 1932 2592 1932 2590 1932 2908 1933 2590 1933 2589 1933 2908 1930 2589 1930 2586 1930 2908 1934 2586 1934 2584 1934 2908 1935 2584 1935 2582 1935 2908 1936 2582 1936 2581 1936 2908 1937 2581 1937 2578 1937 2908 1938 2578 1938 2576 1938 2908 1939 2576 1939 2574 1939 2908 1940 2574 1940 2573 1940 2908 1941 2573 1941 2570 1941 2908 1942 2570 1942 2568 1942 2908 1943 2568 1943 2567 1943 2908 1944 2567 1944 2565 1944 2908 1945 2565 1945 2562 1945 2908 1946 2562 1946 2560 1946 2908 1947 2560 1947 2558 1947 2908 1948 2558 1948 2557 1948 2908 1949 2557 1949 2555 1949 2908 1950 2555 1950 2553 1950 2908 1896 2553 1896 2550 1896 2908 1951 2550 1951 2549 1951 2908 1952 2549 1952 2546 1952 2908 1953 2546 1953 2544 1953 2908 1954 2544 1954 2542 1954 2908 1955 2542 1955 2541 1955 2908 1956 2541 1956 2538 1956 2908 1957 2538 1957 2537 1957 2908 1958 2537 1958 2534 1958 2908 1959 2534 1959 2533 1959 2908 1960 2533 1960 2530 1960 2908 1961 2530 1961 2529 1961 2908 1962 2529 1962 2526 1962 2908 1963 2526 1963 2525 1963 2908 1964 2525 1964 2522 1964 2908 1965 2522 1965 2520 1965 2908 1966 2520 1966 2518 1966 2908 1967 2518 1967 2517 1967 2908 1930 2517 1930 2514 1930 2908 1968 2514 1968 2512 1968 2908 1969 2512 1969 2510 1969 2908 1970 2510 1970 2508 1970 2908 1971 2508 1971 2506 1971 2908 1972 2506 1972 2504 1972 2908 1962 2504 1962 2502 1962 2908 1973 2502 1973 2501 1973 2908 1974 2501 1974 2498 1974 2908 1975 2498 1975 2496 1975 2908 1976 2496 1976 2494 1976 2908 1977 2494 1977 2492 1977 2908 1978 2492 1978 2490 1978 2908 1979 2490 1979 2489 1979 2908 1980 2489 1980 2486 1980 2908 1981 2486 1981 2485 1981 2908 1982 2485 1982 2482 1982 2908 1983 2482 1983 2480 1983 2908 1984 2480 1984 2478 1984 2908 1985 2478 1985 2476 1985 2908 1986 2476 1986 2474 1986 2908 1987 2474 1987 2472 1987 2908 1988 2472 1988 2470 1988 2908 1989 2470 1989 2469 1989 2908 1990 2469 1990 2466 1990 2908 1991 2466 1991 2465 1991 2908 1992 2465 1992 2462 1992 2908 1993 2462 1993 2461 1993 2908 1994 2461 1994 2458 1994 2908 1995 2458 1995 2456 1995 2908 1996 2456 1996 2455 1996 2908 1997 2455 1997 2452 1997 2908 1998 2452 1998 2450 1998 2908 1999 2450 1999 2448 1999 2908 2000 2448 2000 2446 2000 2908 2001 2446 2001 2444 2001 2908 2002 2444 2002 2442 2002 2908 2003 2442 2003 2440 2003 2908 2004 2440 2004 2438 2004 2908 2005 2438 2005 2436 2005 2907 2006 2911 2006 623 2006 2907 2007 623 2007 626 2007 2902 2008 2903 2008 624 2008 2902 2009 624 2009 632 2009 2897 2010 2898 2010 631 2010 2897 2011 631 2011 639 2011 2892 2012 2893 2012 638 2012 2892 2013 638 2013 644 2013 2887 2014 2888 2014 643 2014 2887 2015 643 2015 649 2015 652 2016 2883 2016 648 2016 2882 2017 2883 2017 652 2017 2877 2018 2878 2018 654 2018 2877 2019 654 2019 657 2019 2872 2020 2873 2020 1178 2020 2872 2021 1178 2021 661 2021 2867 2022 2868 2022 1183 2022 2867 2023 1183 2023 665 2023 2864 2024 1188 2024 668 2024 2862 2025 2864 2025 668 2025 2858 2026 2859 2026 1193 2026 2858 2026 1193 2026 671 2026 2855 2025 1198 2025 674 2025 2854 2025 2855 2025 674 2025 2851 2025 1203 2025 677 2025 2850 2025 2851 2025 677 2025 2846 2027 2847 2027 1208 2027 2846 2028 1208 2028 680 2028 2842 2029 2843 2029 1213 2029 2842 2029 1213 2029 683 2029 2839 2025 1218 2025 686 2025 2838 2030 2839 2030 686 2030 2834 2025 2835 2025 1223 2025 2834 2025 1223 2025 689 2025 2831 2031 1228 2031 692 2031 2830 2032 2831 2032 692 2032 2826 2026 2828 2026 1233 2026 2826 2026 1233 2026 695 2026 2823 2029 1238 2029 698 2029 2822 2029 2823 2029 698 2029 2819 2033 1243 2033 701 2033 2818 2025 2819 2025 701 2025 2814 2034 2815 2034 1248 2034 2814 2035 1248 2035 704 2035 2810 2029 2811 2029 1253 2029 2810 2029 1253 2029 707 2029 2806 2025 2807 2025 1258 2025 2806 2025 1258 2025 710 2025 2802 2025 2803 2025 1263 2025 2802 2025 1263 2025 713 2025 2798 2026 2799 2026 1268 2026 2798 2026 1268 2026 716 2026 2794 2035 2795 2035 1273 2035 2794 2036 1273 2036 720 2036 2790 2025 2791 2025 1278 2025 2790 2025 1278 2025 723 2025 2787 2030 1283 2030 726 2030 2786 2025 2787 2025 726 2025 2782 2030 2783 2030 1288 2030 2782 2025 1288 2025 729 2025 2778 2035 2780 2035 1293 2035 2778 2034 1293 2034 732 2034 2775 2025 1298 2025 735 2025 2774 2025 2775 2025 735 2025 2771 2025 1303 2025 738 2025 2770 2025 2771 2025 738 2025 2767 2025 1308 2025 741 2025 2766 2033 2767 2033 741 2033 2762 2029 2763 2029 1313 2029 2762 2029 1313 2029 744 2029 2758 2025 2760 2025 1318 2025 2758 2025 1318 2025 747 2025 2754 2025 2756 2025 1323 2025 2754 2025 1323 2025 750 2025 2750 2029 2751 2029 1328 2029 2750 2029 1328 2029 753 2029 2748 2025 1333 2025 756 2025 2746 2025 2748 2025 756 2025 2743 2032 1338 2032 759 2032 2742 2032 2743 2032 759 2032 2738 2025 2739 2025 1343 2025 2738 2025 1343 2025 762 2025 2735 2037 1348 2037 765 2037 2734 2026 2735 2026 765 2026 2730 2029 2731 2029 1353 2029 2730 2029 1353 2029 768 2029 2726 2038 2727 2038 1358 2038 2726 2027 1358 2027 771 2027 2723 2025 1363 2025 774 2025 2722 2025 2723 2025 774 2025 2719 2029 1368 2029 777 2029 2718 2029 2719 2029 777 2029 2716 2026 1373 2026 780 2026 2714 2039 2716 2039 780 2039 2709 2040 2711 2040 1378 2040 2709 2038 1378 2038 783 2038 2706 2025 2707 2025 1383 2025 2706 2025 1383 2025 786 2025 2701 2025 1388 2025 789 2025 2701 2025 2703 2025 1388 2025 2697 2029 2700 2029 1393 2029 2697 2029 1393 2029 792 2029 2693 2041 2695 2041 1398 2041 2693 2041 1398 2041 795 2041 2691 2038 1403 2038 798 2038 2688 2027 2691 2027 798 2027 2910 2042 2688 2042 2690 2042 2910 2043 2693 2043 2691 2043 2910 2044 2695 2044 2693 2044 2910 2045 2691 2045 2688 2045 2910 2046 2911 2046 2907 2046 2910 2047 2907 2047 2903 2047 2910 2048 2903 2048 2902 2048 2910 2049 2902 2049 2898 2049 2910 2050 2898 2050 2897 2050 2910 2051 2897 2051 2893 2051 2910 2052 2893 2052 2892 2052 2910 2053 2892 2053 2888 2053 2910 2054 2888 2054 2887 2054 2910 2055 2887 2055 2883 2055 2910 2056 2883 2056 2882 2056 2910 2057 2882 2057 2878 2057 2910 2058 2878 2058 2877 2058 2910 2059 2877 2059 2873 2059 2910 2060 2873 2060 2872 2060 2910 2061 2872 2061 2868 2061 2910 2062 2868 2062 2867 2062 2910 2063 2867 2063 2864 2063 2910 2064 2864 2064 2862 2064 2910 2065 2862 2065 2859 2065 2910 2066 2859 2066 2858 2066 2910 2067 2858 2067 2855 2067 2910 2068 2855 2068 2854 2068 2910 2069 2854 2069 2851 2069 2910 2070 2851 2070 2850 2070 2910 2071 2850 2071 2847 2071 2910 2072 2847 2072 2846 2072 2910 2073 2846 2073 2843 2073 2910 2074 2843 2074 2842 2074 2910 2075 2842 2075 2839 2075 2910 2076 2839 2076 2838 2076 2910 2077 2838 2077 2835 2077 2910 2078 2835 2078 2834 2078 2910 2079 2834 2079 2831 2079 2910 2080 2831 2080 2830 2080 2910 2081 2830 2081 2828 2081 2910 2082 2828 2082 2826 2082 2910 2083 2826 2083 2823 2083 2910 2084 2823 2084 2822 2084 2910 2085 2822 2085 2819 2085 2910 2086 2819 2086 2818 2086 2910 2087 2818 2087 2815 2087 2910 2088 2815 2088 2814 2088 2910 2089 2814 2089 2811 2089 2910 2090 2811 2090 2810 2090 2910 2091 2810 2091 2807 2091 2910 2092 2807 2092 2806 2092 2910 2093 2806 2093 2803 2093 2910 2094 2803 2094 2802 2094 2910 2095 2802 2095 2799 2095 2910 2096 2799 2096 2798 2096 2910 2097 2798 2097 2795 2097 2910 2098 2795 2098 2794 2098 2910 2099 2794 2099 2791 2099 2910 2100 2791 2100 2790 2100 2910 2101 2790 2101 2787 2101 2910 2102 2787 2102 2786 2102 2910 2103 2786 2103 2783 2103 2910 2104 2783 2104 2782 2104 2910 2105 2782 2105 2780 2105 2910 2106 2780 2106 2778 2106 2910 2107 2778 2107 2775 2107 2910 2108 2775 2108 2774 2108 2910 2109 2774 2109 2771 2109 2910 2110 2771 2110 2770 2110 2910 2111 2770 2111 2767 2111 2910 2112 2767 2112 2766 2112 2910 2113 2766 2113 2763 2113 2910 2114 2763 2114 2762 2114 2910 2115 2762 2115 2760 2115 2910 2116 2760 2116 2758 2116 2910 2117 2758 2117 2756 2117 2910 2118 2756 2118 2754 2118 2910 2119 2754 2119 2751 2119 2910 2120 2751 2120 2750 2120 2910 2121 2750 2121 2748 2121 2910 2122 2748 2122 2746 2122 2910 2123 2746 2123 2743 2123 2910 2124 2743 2124 2742 2124 2910 2125 2742 2125 2739 2125 2910 2126 2739 2126 2738 2126 2910 2127 2738 2127 2735 2127 2910 2128 2735 2128 2734 2128 2910 2119 2734 2119 2731 2119 2910 2129 2731 2129 2730 2129 2910 2130 2730 2130 2727 2130 2910 2131 2727 2131 2726 2131 2910 2132 2726 2132 2723 2132 2910 2133 2723 2133 2722 2133 2910 2134 2722 2134 2719 2134 2910 2135 2719 2135 2718 2135 2910 2136 2718 2136 2716 2136 2910 2137 2716 2137 2714 2137 2910 2138 2714 2138 2711 2138 2910 2139 2711 2139 2709 2139 2910 2140 2709 2140 2707 2140 2910 2141 2707 2141 2706 2141 2910 2142 2706 2142 2703 2142 2910 2143 2703 2143 2701 2143 2910 2144 2701 2144 2700 2144 2910 2145 2700 2145 2697 2145 2910 2146 2697 2146 2695 2146 2912 2147 2913 2147 458 2147 2912 2147 458 2147 487 2147 2914 2148 2915 2148 522 2148 2914 2149 522 2149 526 2149 2916 2150 2917 2150 524 2150 2916 2151 524 2151 562 2151 2918 2152 2919 2152 560 2152 2918 2153 560 2153 597 2153 2920 2151 596 2151 595 2151 2921 2150 2920 2150 595 2150 2922 2154 2918 2154 2920 2154 2922 2155 2921 2155 2923 2155 2922 2156 2919 2156 2918 2156 2922 2157 2920 2157 2921 2157 2922 2158 2913 2158 2912 2158 2922 2159 2912 2159 2915 2159 2922 2160 2915 2160 2914 2160 2922 2161 2914 2161 2917 2161 2922 2162 2917 2162 2916 2162 2922 2163 2916 2163 2919 2163 456 2164 2924 2164 1018 2164 456 2165 1018 2165 457 2165 2413 2166 456 2166 1839 2166 2413 2167 2924 2167 456 2167 1018 2168 2925 2168 1014 2168 2924 2168 2925 2168 1018 2168 2925 2169 1015 2169 1014 2169 2925 2170 2926 2170 1015 2170 2926 2171 1011 2171 1015 2171 2926 2171 2927 2171 1011 2171 1011 2172 2928 2172 1012 2172 2927 2172 2928 2172 1011 2172 2928 2173 1837 2173 1012 2173 2928 2173 2929 2173 1837 2173 2929 2174 1010 2174 1837 2174 2929 2175 2930 2175 1010 2175 2930 2176 1008 2176 1010 2176 2930 2177 2931 2177 1008 2177 2931 2178 1005 2178 1008 2178 2931 2179 2909 2179 1005 2179 623 2180 2932 2180 620 2180 2911 2181 2932 2181 623 2181 2932 2182 618 2182 620 2182 2932 2182 2933 2182 618 2182 2933 2183 619 2183 618 2183 2933 2183 2934 2183 619 2183 2935 2184 2922 2184 2923 2184 2936 2185 2935 2185 594 2185 2936 2186 594 2186 593 2186 2936 2187 2922 2187 2935 2187 2937 2188 2922 2188 2936 2188 2938 2185 2937 2185 592 2185 2938 2186 592 2186 591 2186 2938 2189 2922 2189 2937 2189 2939 2190 2922 2190 2938 2190 2940 2186 2939 2186 590 2186 2940 2185 590 2185 589 2185 2941 2186 2942 2186 588 2186 2941 2185 588 2185 587 2185 2943 2191 586 2191 585 2191 2944 2192 2943 2192 585 2192 2945 2193 584 2193 583 2193 2946 2194 2945 2194 583 2194 2947 2195 2948 2195 582 2195 2947 2196 582 2196 581 2196 2949 2195 580 2195 579 2195 2950 2197 2949 2197 579 2197 2951 2192 578 2192 577 2192 2952 2192 2951 2192 577 2192 2953 2198 2954 2198 576 2198 2953 2198 576 2198 575 2198 2955 2199 2956 2199 574 2199 2955 2199 574 2199 573 2199 2957 2200 572 2200 571 2200 2958 2201 2957 2201 571 2201 2959 2192 2960 2192 570 2192 2959 2192 570 2192 569 2192 2961 2202 568 2202 567 2202 2962 2202 2961 2202 567 2202 2963 2198 566 2198 565 2198 2964 2198 2963 2198 565 2198 2965 2198 2966 2198 564 2198 2965 2198 564 2198 563 2198 2967 2198 2968 2198 558 2198 2967 2203 558 2203 557 2203 2969 2204 556 2204 555 2204 2970 2203 2969 2203 555 2203 2971 2204 2972 2204 554 2204 2971 2198 554 2198 553 2198 2973 2198 2974 2198 552 2198 2973 2198 552 2198 551 2198 2975 2205 2976 2205 550 2205 2975 2205 550 2205 549 2205 2977 2204 2978 2204 548 2204 2977 2198 548 2198 547 2198 2979 2198 2980 2198 546 2198 2979 2198 546 2198 545 2198 2981 2198 2982 2198 544 2198 2981 2198 544 2198 543 2198 2983 2206 542 2206 541 2206 2984 2206 2983 2206 541 2206 2985 2192 2986 2192 540 2192 2985 2192 540 2192 539 2192 2987 2192 2988 2192 538 2192 2987 2200 538 2200 537 2200 2989 2207 536 2207 535 2207 2990 2207 2989 2207 535 2207 2991 2199 2992 2199 534 2199 2991 2208 534 2208 533 2208 2993 2192 2994 2192 532 2192 2993 2201 532 2201 531 2201 2995 2192 2996 2192 530 2192 2995 2192 530 2192 529 2192 2997 2192 528 2192 527 2192 2998 2192 2997 2192 527 2192 2999 2209 521 2209 520 2209 3000 2210 2999 2210 520 2210 3001 2211 519 2211 518 2211 3002 2203 3001 2203 518 2203 3003 2204 3004 2204 517 2204 3003 2198 517 2198 516 2198 3005 2202 3006 2202 515 2202 3005 2202 515 2202 514 2202 3007 2198 3008 2198 513 2198 3007 2198 513 2198 512 2198 3009 2203 511 2203 510 2203 3010 2211 3009 2211 510 2211 3011 2198 3012 2198 509 2198 3011 2198 509 2198 508 2198 3013 2204 507 2204 506 2204 3014 2203 3013 2203 506 2203 3015 2204 3016 2204 505 2204 3015 2204 505 2204 504 2204 3017 2212 3018 2212 503 2212 3017 2202 503 2202 502 2202 3019 2213 501 2213 500 2213 3020 2213 3019 2213 500 2213 3021 2202 3022 2202 499 2202 3021 2202 499 2202 498 2202 3023 2206 3024 2206 497 2206 3023 2214 497 2214 496 2214 3025 2215 3026 2215 495 2215 3025 2215 495 2215 494 2215 3027 2216 3028 2216 493 2216 3027 2217 493 2217 492 2217 3029 2215 3030 2215 491 2215 3029 2218 491 2218 490 2218 3031 2216 3032 2216 486 2216 3031 2217 486 2217 485 2217 3033 2219 3034 2219 484 2219 3033 2219 484 2219 483 2219 3035 2219 482 2219 481 2219 3036 2217 3035 2217 481 2217 3037 2220 3038 2220 480 2220 3037 2221 480 2221 479 2221 3039 2216 3040 2216 478 2216 3039 2217 478 2217 477 2217 3041 2216 476 2216 475 2216 3042 2216 3041 2216 475 2216 3043 2216 3044 2216 474 2216 3043 2216 474 2216 473 2216 3045 2216 472 2216 471 2216 3046 2217 3045 2217 471 2217 3047 2220 470 2220 469 2220 3048 2221 3047 2221 469 2221 3049 2222 3050 2222 468 2222 3049 2219 468 2219 467 2219 3051 2216 466 2216 465 2216 3052 2217 3051 2217 465 2217 3053 2221 3054 2221 464 2221 3053 2221 464 2221 463 2221 3055 2216 1126 2216 1131 2216 3056 2217 3055 2217 1131 2217 3057 2217 3058 2217 1129 2217 3057 2216 1129 2216 1133 2216 3059 2217 3060 2217 1134 2217 3059 2216 1134 2216 616 2216 3061 2216 3062 2216 614 2216 3061 2217 614 2217 1135 2217 3063 2220 3064 2220 1136 2220 3063 2221 1136 2221 1137 2221 3065 2223 3066 2223 1138 2223 3065 2223 1138 2223 1139 2223 619 2224 3067 2224 1140 2224 2934 2225 3067 2225 619 2225 2934 2226 3063 2226 3066 2226 2934 2227 3065 2227 3067 2227 2934 2228 3066 2228 3065 2228 2934 2229 2922 2229 2939 2229 2934 2230 2939 2230 2940 2230 2934 2231 2940 2231 2942 2231 2934 2232 2942 2232 2941 2232 2934 2233 2941 2233 2943 2233 2934 2234 2943 2234 2944 2234 2934 2235 2944 2235 2945 2235 2934 2236 2945 2236 2946 2236 2934 2237 2946 2237 2948 2237 2934 2238 2948 2238 2947 2238 2934 2239 2947 2239 2949 2239 2934 2240 2949 2240 2950 2240 2934 2241 2950 2241 2951 2241 2934 2242 2951 2242 2952 2242 2934 2243 2952 2243 2954 2243 2934 2244 2954 2244 2953 2244 2934 2245 2953 2245 2956 2245 2934 2246 2956 2246 2955 2246 2934 2247 2955 2247 2957 2247 2934 2248 2957 2248 2958 2248 2934 2249 2958 2249 2960 2249 2934 2250 2960 2250 2959 2250 2934 2251 2959 2251 2961 2251 2934 2252 2961 2252 2962 2252 2934 2253 2962 2253 2963 2253 2934 2254 2963 2254 2964 2254 2934 2255 2964 2255 2966 2255 2934 2256 2966 2256 2965 2256 2934 2257 2965 2257 2968 2257 2934 2258 2968 2258 2967 2258 2934 2259 2967 2259 2969 2259 2934 2260 2969 2260 2970 2260 2934 2261 2970 2261 2972 2261 2934 2262 2972 2262 2971 2262 2934 2263 2971 2263 2974 2263 2934 2264 2974 2264 2973 2264 2934 2265 2973 2265 2976 2265 2934 2266 2976 2266 2975 2266 2934 2267 2975 2267 2978 2267 2934 2268 2978 2268 2977 2268 2934 2269 2977 2269 2980 2269 2934 2270 2980 2270 2979 2270 2934 2271 2979 2271 2982 2271 2934 2272 2982 2272 2981 2272 2934 2273 2981 2273 2983 2273 2934 2274 2983 2274 2984 2274 2934 2275 2984 2275 2986 2275 2934 2276 2986 2276 2985 2276 2934 2277 2985 2277 2988 2277 2934 2278 2988 2278 2987 2278 2934 2279 2987 2279 2989 2279 2934 2280 2989 2280 2990 2280 2934 2281 2990 2281 2992 2281 2934 2282 2992 2282 2991 2282 2934 2283 2991 2283 2994 2283 2934 2284 2994 2284 2993 2284 2934 2285 2993 2285 2996 2285 2934 2286 2996 2286 2995 2286 2934 2287 2995 2287 2997 2287 2934 2288 2997 2288 2998 2288 2934 2289 2998 2289 2999 2289 2934 2290 2999 2290 3000 2290 2934 2291 3000 2291 3001 2291 2934 2292 3001 2292 3002 2292 2934 2293 3002 2293 3004 2293 2934 2294 3004 2294 3003 2294 2934 2295 3003 2295 3006 2295 2934 2296 3006 2296 3005 2296 2934 2297 3005 2297 3008 2297 2934 2298 3008 2298 3007 2298 2934 2299 3007 2299 3009 2299 2934 2300 3009 2300 3010 2300 2934 2301 3010 2301 3012 2301 2934 2302 3012 2302 3011 2302 2934 2303 3011 2303 3013 2303 2934 2304 3013 2304 3014 2304 2934 2305 3014 2305 3016 2305 2934 2306 3016 2306 3015 2306 2934 2307 3015 2307 3018 2307 2934 2308 3018 2308 3017 2308 2934 2309 3017 2309 3019 2309 2934 2310 3019 2310 3020 2310 2934 2311 3020 2311 3022 2311 2934 2312 3022 2312 3021 2312 2934 2313 3021 2313 3024 2313 2934 2314 3024 2314 3023 2314 2934 2315 3023 2315 3026 2315 2934 2316 3026 2316 3025 2316 2934 2317 3025 2317 3028 2317 2934 2318 3028 2318 3027 2318 2934 2319 3027 2319 3030 2319 2934 2320 3030 2320 3029 2320 2934 2321 3029 2321 3032 2321 2934 2322 3032 2322 3031 2322 2934 2323 3031 2323 3034 2323 2934 2324 3034 2324 3033 2324 2934 2325 3033 2325 3035 2325 2934 2326 3035 2326 3036 2326 2934 2327 3036 2327 3038 2327 2934 2328 3038 2328 3037 2328 2934 2329 3037 2329 3040 2329 2934 2330 3040 2330 3039 2330 2934 2331 3039 2331 3041 2331 2934 2332 3041 2332 3042 2332 2934 2333 3042 2333 3044 2333 2934 2334 3044 2334 3043 2334 2934 2335 3043 2335 3045 2335 2934 2336 3045 2336 3046 2336 2934 2337 3046 2337 3047 2337 2934 2338 3047 2338 3048 2338 2934 2339 3048 2339 3050 2339 2934 2340 3050 2340 3049 2340 2934 2341 3049 2341 3051 2341 2934 2342 3051 2342 3052 2342 2934 2343 3052 2343 3054 2343 2934 2344 3054 2344 3053 2344 2934 2345 3053 2345 3055 2345 2934 2346 3055 2346 3056 2346 2934 2347 3056 2347 3058 2347 2934 2348 3058 2348 3057 2348 2934 2349 3057 2349 3060 2349 2934 2350 3060 2350 3059 2350 2934 2351 3059 2351 3062 2351 2934 2352 3062 2352 3061 2352 2934 2353 3061 2353 3064 2353 2934 2354 3064 2354 3063 2354 458 2355 3068 2355 459 2355 2913 2356 3068 2356 458 2356 3068 2357 613 2357 459 2357 3068 2357 3069 2357 613 2357 613 2358 3070 2358 611 2358 3069 2359 3070 2359 613 2359 3070 2360 608 2360 611 2360 3070 2361 3071 2361 608 2361 3071 2362 612 2362 608 2362 3071 2363 3072 2363 612 2363 3072 2364 606 2364 612 2364 3072 2364 3073 2364 606 2364 3073 2365 607 2365 606 2365 3073 2365 3074 2365 607 2365 3074 2366 461 2366 607 2366 3074 2367 3075 2367 461 2367 3075 2368 460 2368 461 2368 3075 2368 3076 2368 460 2368 3076 2369 462 2369 460 2369 3076 2369 3077 2369 462 2369 3077 2370 622 2370 462 2370 3077 2370 3078 2370 622 2370 3078 2371 621 2371 622 2371 3078 2372 3079 2372 621 2372 3079 2373 1007 2373 621 2373 3079 2374 3080 2374 1007 2374 3080 2375 1009 2375 1007 2375 3080 2375 3081 2375 1009 2375 3081 2376 1013 2376 1009 2376 3081 2377 3082 2377 1013 2377 3082 2378 1149 2378 1013 2378 3082 2378 3083 2378 1149 2378 3083 2379 1016 2379 1149 2379 3083 2380 3084 2380 1016 2380 1016 2381 3085 2381 1017 2381 3084 2382 3085 2382 1016 2382 3085 2383 1019 2383 1017 2383 3085 2384 3086 2384 1019 2384 1019 2385 3087 2385 1152 2385 3086 2385 3087 2385 1019 2385 3087 2386 1834 2386 1152 2386 3087 2387 3088 2387 1834 2387 2416 2364 1835 2364 1834 2364 3088 2364 2416 2364 1834 2364 3068 2388 2913 2388 3076 2388 3075 8 3068 8 3076 8 2922 2389 3076 2389 2913 2389 3074 2390 3068 2390 3075 2390 3077 8 2922 8 2934 8 2933 2391 3077 2391 2934 2391 3078 2392 2933 2392 3079 2392 3078 8 3077 8 2933 8 3083 2393 2926 2393 3084 2393 2927 2394 2926 2394 3083 2394 3082 2395 2928 2395 2927 2395 3082 2396 2927 2396 3083 2396 2925 2397 3084 2397 2926 2397 3085 8 3084 8 2925 8 2924 2398 3085 2398 2925 2398 3086 8 2924 8 3087 8 3086 8 3085 8 2924 8 2909 2399 3080 2399 2908 2399 2931 2400 3081 2400 2909 2400 2415 2401 2416 2401 3088 2401 3088 8 3087 8 2415 8 2415 2402 3087 2402 2414 2402 3082 8 3081 8 2929 8 2929 2403 3081 2403 2930 2403 3081 2404 3080 2404 2909 2404 3080 2405 3079 2405 2911 2405 3080 8 2911 8 2910 8 3080 2406 2910 2406 2908 2406 3077 2407 3076 2407 2922 2407 3074 2408 3073 2408 3071 2408 3074 8 3071 8 3070 8 3073 8 3072 8 3071 8 3070 2409 3069 2409 3074 2409 3069 8 3068 8 3074 8 2933 2410 2932 2410 3079 2410 2932 8 2911 8 3079 8 2931 2411 2930 2411 3081 2411 2929 2412 2928 2412 3082 2412 2924 2413 2413 2413 3087 2413 2413 2414 2414 2414 3087 2414 3089 2415 3065 2415 1139 2415 3089 2416 1139 2416 1148 2416 3067 2417 3090 2417 1147 2417 3067 183 1147 183 1140 183 3090 2418 1148 2418 1147 2418 3090 2418 3089 2418 1148 2418 3090 8 3067 8 3065 8 3090 2419 3065 2419 3089 2419 3091 2420 3063 2420 1137 2420 3091 2420 1137 2420 1146 2420 1138 2421 3092 2421 1145 2421 3066 2421 3092 2421 1138 2421 3092 2422 1146 2422 1145 2422 3092 2423 3091 2423 1146 2423 3092 8 3066 8 3063 8 3092 2424 3063 2424 3091 2424 1144 2425 3061 2425 1135 2425 3093 2426 3061 2426 1144 2426 3064 2427 3094 2427 1143 2427 3064 2428 1143 2428 1136 2428 3094 2429 1144 2429 1143 2429 3094 2429 3093 2429 1144 2429 3094 8 3064 8 3061 8 3094 2430 3061 2430 3093 2430 617 2431 3059 2431 616 2431 3095 2432 3059 2432 617 2432 3062 2433 3096 2433 615 2433 3062 2434 615 2434 614 2434 3096 2435 617 2435 615 2435 3096 2435 3095 2435 617 2435 3096 2436 3062 2436 3059 2436 3096 2437 3059 2437 3095 2437 1142 2438 3057 2438 1133 2438 3097 2439 3057 2439 1142 2439 3060 2440 3098 2440 1141 2440 3060 2441 1141 2441 1134 2441 3098 2442 1142 2442 1141 2442 3098 2443 3097 2443 1142 2443 3098 8 3060 8 3057 8 3098 2444 3057 2444 3097 2444 1132 2445 3056 2445 1131 2445 3099 2446 3056 2446 1132 2446 3058 2447 3100 2447 1130 2447 3058 2448 1130 2448 1129 2448 3100 2443 1132 2443 1130 2443 3100 2443 3099 2443 1132 2443 3100 2449 3058 2449 3056 2449 3100 2450 3056 2450 3099 2450 1128 2451 3053 2451 463 2451 3101 2451 3053 2451 1128 2451 3055 2452 3102 2452 1127 2452 3055 2453 1127 2453 1126 2453 3102 2443 1128 2443 1127 2443 3102 2423 3101 2423 1128 2423 3102 8 3055 8 3053 8 3102 2454 3053 2454 3101 2454 1125 2455 3052 2455 465 2455 3103 2456 3052 2456 1125 2456 3054 2457 3104 2457 1124 2457 3054 2458 1124 2458 464 2458 3104 2459 1125 2459 1124 2459 3104 2459 3103 2459 1125 2459 3104 2460 3054 2460 3052 2460 3104 2461 3052 2461 3103 2461 3105 2462 3049 2462 467 2462 3105 2463 467 2463 1123 2463 3051 2464 3106 2464 1122 2464 3051 2464 1122 2464 466 2464 3106 2465 1123 2465 1122 2465 3106 2466 3105 2466 1123 2466 3106 8 3051 8 3049 8 3106 2467 3049 2467 3105 2467 1121 2468 3048 2468 469 2468 3107 2469 3048 2469 1121 2469 3050 2470 3108 2470 1120 2470 3050 2471 1120 2471 468 2471 3108 2442 1121 2442 1120 2442 3108 2423 3107 2423 1121 2423 3108 2472 3050 2472 3048 2472 3108 2467 3048 2467 3107 2467 1119 2473 3046 2473 471 2473 3109 2473 3046 2473 1119 2473 3047 2474 3110 2474 1118 2474 3047 2474 1118 2474 470 2474 3110 2423 1119 2423 1118 2423 3110 2443 3109 2443 1119 2443 3110 8 3047 8 3046 8 3110 2475 3046 2475 3109 2475 3111 2476 3043 2476 473 2476 3111 2476 473 2476 1117 2476 3045 2477 3112 2477 1116 2477 3045 2478 1116 2478 472 2478 3112 2423 1117 2423 1116 2423 3112 2459 3111 2459 1117 2459 3112 8 3045 8 3043 8 3112 2479 3043 2479 3111 2479 1115 2480 3042 2480 475 2480 3113 2480 3042 2480 1115 2480 3044 2481 3114 2481 1114 2481 3044 2482 1114 2482 474 2482 3114 2435 1115 2435 1114 2435 3114 2483 3113 2483 1115 2483 3114 8 3044 8 3042 8 3114 2484 3042 2484 3113 2484 3115 2485 3039 2485 477 2485 3115 2486 477 2486 1113 2486 476 2487 3116 2487 1112 2487 3041 2487 3116 2487 476 2487 3116 2459 1113 2459 1112 2459 3116 2423 3115 2423 1113 2423 3116 8 3041 8 3039 8 3116 2488 3039 2488 3115 2488 3117 2489 3037 2489 479 2489 3117 2490 479 2490 1111 2490 3040 2491 3118 2491 1110 2491 3040 2491 1110 2491 478 2491 3118 2459 1111 2459 1110 2459 3118 2459 3117 2459 1111 2459 3118 8 3040 8 3037 8 3118 2492 3037 2492 3117 2492 1109 2493 3036 2493 481 2493 3119 2493 3036 2493 1109 2493 3038 2494 3120 2494 1108 2494 3038 2495 1108 2495 480 2495 3120 2496 1109 2496 1108 2496 3120 2435 3119 2435 1109 2435 3120 8 3038 8 3036 8 3120 2497 3036 2497 3119 2497 1107 2498 3033 2498 483 2498 3121 2498 3033 2498 1107 2498 482 2499 3122 2499 1106 2499 3035 2499 3122 2499 482 2499 3122 2423 1107 2423 1106 2423 3122 2459 3121 2459 1107 2459 3122 8 3035 8 3033 8 3122 8 3033 8 3121 8 1105 2500 3031 2500 485 2500 3123 2500 3031 2500 1105 2500 3034 2501 3124 2501 1104 2501 3034 2502 1104 2502 484 2502 3124 2423 1105 2423 1104 2423 3124 2459 3123 2459 1105 2459 3124 8 3034 8 3031 8 3124 2503 3031 2503 3123 2503 3125 2504 3029 2504 490 2504 3125 2504 490 2504 1103 2504 3032 2505 3126 2505 1102 2505 3032 2505 1102 2505 486 2505 3126 2423 1103 2423 1102 2423 3126 2423 3125 2423 1103 2423 3126 8 3032 8 3029 8 3126 2506 3029 2506 3125 2506 3127 2507 3027 2507 492 2507 3127 2507 492 2507 1101 2507 3030 2508 3128 2508 1100 2508 3030 2508 1100 2508 491 2508 3128 2423 1101 2423 1100 2423 3128 2423 3127 2423 1101 2423 3128 8 3030 8 3027 8 3128 2509 3027 2509 3127 2509 1099 2510 3025 2510 494 2510 3129 2510 3025 2510 1099 2510 3028 2511 3130 2511 1098 2511 3028 2512 1098 2512 493 2512 3130 2496 1099 2496 1098 2496 3130 2483 3129 2483 1099 2483 3130 8 3028 8 3025 8 3130 2513 3025 2513 3129 2513 1097 2514 3023 2514 496 2514 3131 2515 3023 2515 1097 2515 3026 2516 3132 2516 1096 2516 3026 2517 1096 2517 495 2517 3132 2518 1097 2518 1096 2518 3132 2519 3131 2519 1097 2519 3132 8 3026 8 3023 8 3132 8 3023 8 3131 8 3133 2520 3021 2520 498 2520 3133 2520 498 2520 1095 2520 3024 2521 3134 2521 1094 2521 3024 2522 1094 2522 497 2522 3134 2523 1095 2523 1094 2523 3134 2523 3133 2523 1095 2523 3134 8 3024 8 3021 8 3134 2524 3021 2524 3133 2524 1093 2525 3020 2525 500 2525 3135 2526 3020 2526 1093 2526 3022 2527 3136 2527 1092 2527 3022 2527 1092 2527 499 2527 3136 2528 1093 2528 1092 2528 3136 2528 3135 2528 1093 2528 3136 8 3022 8 3020 8 3136 2529 3020 2529 3135 2529 3137 2530 3017 2530 502 2530 3137 2530 502 2530 1091 2530 3019 2531 3138 2531 1090 2531 3019 2532 1090 2532 501 2532 1090 2523 3137 2523 1091 2523 3138 149 3137 149 1090 149 3138 8 3019 8 3017 8 3138 2533 3017 2533 3137 2533 1089 2534 3015 2534 504 2534 3139 2534 3015 2534 1089 2534 3018 2535 3140 2535 1088 2535 3018 2536 1088 2536 503 2536 3140 2537 1089 2537 1088 2537 3140 149 3139 149 1089 149 3140 8 3018 8 3015 8 3140 2538 3015 2538 3139 2538 1087 2539 3014 2539 506 2539 3141 2539 3014 2539 1087 2539 505 2540 3142 2540 1086 2540 3016 2540 3142 2540 505 2540 1086 2518 3141 2518 1087 2518 3142 2519 3141 2519 1086 2519 3142 8 3016 8 3014 8 3142 2541 3014 2541 3141 2541 1085 2542 3011 2542 508 2542 3143 2542 3011 2542 1085 2542 3013 2543 3144 2543 1084 2543 3013 2543 1084 2543 507 2543 3144 2544 1085 2544 1084 2544 3144 2544 3143 2544 1085 2544 3144 8 3013 8 3011 8 3144 8 3011 8 3143 8 1083 2545 3010 2545 510 2545 3145 2545 3010 2545 1083 2545 3012 2546 3146 2546 1082 2546 3012 2546 1082 2546 509 2546 1082 2547 3145 2547 1083 2547 3146 149 3145 149 1082 149 3146 8 3012 8 3010 8 3146 2548 3010 2548 3145 2548 3147 2549 3007 2549 512 2549 3147 2549 512 2549 1081 2549 3009 2550 3148 2550 1080 2550 3009 2551 1080 2551 511 2551 3148 2518 1081 2518 1080 2518 3148 2518 3147 2518 1081 2518 3148 8 3009 8 3007 8 3148 2552 3007 2552 3147 2552 1079 2553 3005 2553 514 2553 3149 2553 3005 2553 1079 2553 513 2554 3150 2554 1078 2554 3008 2554 3150 2554 513 2554 3150 2547 1079 2547 1078 2547 3150 149 3149 149 1079 149 3150 8 3008 8 3005 8 3150 2555 3005 2555 3149 2555 3151 2556 3003 2556 516 2556 3151 2557 516 2557 1077 2557 3006 2558 3152 2558 1076 2558 3006 2558 1076 2558 515 2558 3152 2559 1077 2559 1076 2559 3152 2547 3151 2547 1077 2547 3152 8 3006 8 3003 8 3152 8 3003 8 3151 8 3153 2560 3002 2560 518 2560 3153 2561 518 2561 1075 2561 3004 2562 3154 2562 1074 2562 3004 2562 1074 2562 517 2562 3154 2563 1075 2563 1074 2563 3154 2518 3153 2518 1075 2518 3154 8 3004 8 3002 8 3154 2564 3002 2564 3153 2564 1073 2565 3000 2565 520 2565 3155 2565 3000 2565 1073 2565 3001 2566 3156 2566 1072 2566 3001 2566 1072 2566 519 2566 1072 149 3155 149 1073 149 3156 2547 3155 2547 1072 2547 3156 8 3001 8 3000 8 3156 2567 3000 2567 3155 2567 1071 2568 2998 2568 527 2568 3157 2569 2998 2569 1071 2569 2999 2570 3158 2570 1070 2570 2999 2571 1070 2571 521 2571 3158 149 1071 149 1070 149 3158 149 3157 149 1071 149 3158 8 2999 8 2998 8 3158 2572 2998 2572 3157 2572 3159 2573 2995 2573 529 2573 3159 2574 529 2574 1069 2574 2997 2575 3160 2575 1068 2575 2997 2575 1068 2575 528 2575 1068 2518 3159 2518 1069 2518 3160 2518 3159 2518 1068 2518 3160 2576 2997 2576 2995 2576 3160 2577 2995 2577 3159 2577 1067 2578 2993 2578 531 2578 3161 2578 2993 2578 1067 2578 2996 2579 3162 2579 1066 2579 2996 176 1066 176 530 176 3162 2559 1067 2559 1066 2559 3162 2547 3161 2547 1067 2547 3162 8 2996 8 2993 8 3162 2580 2993 2580 3161 2580 1065 2581 2991 2581 533 2581 3163 2582 2991 2582 1065 2582 2994 2583 3164 2583 1064 2583 2994 2584 1064 2584 532 2584 3164 149 1065 149 1064 149 3164 149 3163 149 1065 149 3164 2585 2994 2585 2991 2585 3164 2586 2991 2586 3163 2586 1063 2587 2990 2587 535 2587 3165 2588 2990 2588 1063 2588 534 2589 3166 2589 1062 2589 2992 2589 3166 2589 534 2589 3166 2563 1063 2563 1062 2563 3166 2518 3165 2518 1063 2518 3166 8 2992 8 2990 8 3166 2590 2990 2590 3165 2590 3167 2591 2987 2591 537 2591 3167 2591 537 2591 1061 2591 536 2592 3168 2592 1060 2592 2989 2593 3168 2593 536 2593 3168 2559 1061 2559 1060 2559 3168 2547 3167 2547 1061 2547 3168 8 2989 8 2987 8 3168 2594 2987 2594 3167 2594 3169 2595 2985 2595 539 2595 3169 2596 539 2596 1059 2596 2988 2597 3170 2597 1058 2597 2988 2597 1058 2597 538 2597 1058 149 3169 149 1059 149 3170 149 3169 149 1058 149 3170 8 2988 8 2985 8 3170 2598 2985 2598 3169 2598 1057 2599 2984 2599 541 2599 3171 2599 2984 2599 1057 2599 2986 2600 3172 2600 1056 2600 2986 2601 1056 2601 540 2601 3172 2563 1057 2563 1056 2563 3172 2518 3171 2518 1057 2518 3172 2602 2986 2602 2984 2602 3172 2603 2984 2603 3171 2603 3173 2604 2981 2604 543 2604 3173 2604 543 2604 1055 2604 2983 2605 3174 2605 1054 2605 2983 2606 1054 2606 542 2606 1054 2547 3173 2547 1055 2547 3174 149 3173 149 1054 149 3174 8 2983 8 2981 8 3174 2607 2981 2607 3173 2607 3175 2608 2979 2608 545 2608 3175 2609 545 2609 1053 2609 544 2610 3176 2610 1052 2610 2982 2611 3176 2611 544 2611 3176 149 1053 149 1052 149 3176 149 3175 149 1053 149 3176 8 2982 8 2979 8 3176 2612 2979 2612 3175 2612 1051 2613 2977 2613 547 2613 3177 2613 2977 2613 1051 2613 2980 2614 3178 2614 1050 2614 2980 2615 1050 2615 546 2615 3178 2559 1051 2559 1050 2559 3178 2547 3177 2547 1051 2547 3178 8 2980 8 2977 8 3178 2616 2977 2616 3177 2616 1049 2617 2975 2617 549 2617 3179 2617 2975 2617 1049 2617 2978 2618 3180 2618 1048 2618 2978 2619 1048 2619 548 2619 3180 149 1049 149 1048 149 3180 2559 3179 2559 1049 2559 3180 8 2978 8 2975 8 3180 2620 2975 2620 3179 2620 3181 2621 2973 2621 551 2621 3181 2622 551 2622 1047 2622 2976 2623 3182 2623 1046 2623 2976 2623 1046 2623 550 2623 3182 2563 1047 2563 1046 2563 3182 2528 3181 2528 1047 2528 3182 2624 2976 2624 2973 2624 3182 2625 2973 2625 3181 2625 1045 2626 2971 2626 553 2626 3183 2627 2971 2627 1045 2627 552 2628 3184 2628 1044 2628 2974 2629 3184 2629 552 2629 1044 2547 3183 2547 1045 2547 3184 149 3183 149 1044 149 3184 8 2974 8 2971 8 3184 2630 2971 2630 3183 2630 1043 2631 2970 2631 555 2631 3185 2631 2970 2631 1043 2631 2972 2632 3186 2632 1042 2632 2972 2632 1042 2632 554 2632 3186 2547 1043 2547 1042 2547 3186 149 3185 149 1043 149 3186 8 2972 8 2970 8 3186 2633 2970 2633 3185 2633 3187 2634 2967 2634 557 2634 3187 2634 557 2634 1041 2634 2969 2635 3188 2635 1040 2635 2969 2636 1040 2636 556 2636 1040 2563 3187 2563 1041 2563 3188 2518 3187 2518 1040 2518 3188 8 2969 8 2967 8 3188 2637 2967 2637 3187 2637 1039 2638 2965 2638 563 2638 3189 2638 2965 2638 1039 2638 2968 2639 3190 2639 1038 2639 2968 2639 1038 2639 558 2639 3190 2559 1039 2559 1038 2559 3190 149 3189 149 1039 149 3190 8 2968 8 2965 8 3190 2640 2965 2640 3189 2640 1037 2641 2964 2641 565 2641 3191 2641 2964 2641 1037 2641 2966 2642 3192 2642 1036 2642 2966 2643 1036 2643 564 2643 3192 2518 1037 2518 1036 2518 3192 2563 3191 2563 1037 2563 3192 8 2966 8 2964 8 3192 2644 2964 2644 3191 2644 1035 2645 2962 2645 567 2645 3193 2645 2962 2645 1035 2645 2963 2646 3194 2646 1034 2646 2963 2646 1034 2646 566 2646 3194 2518 1035 2518 1034 2518 3194 2563 3193 2563 1035 2563 3194 2647 2963 2647 2962 2647 3194 2648 2962 2648 3193 2648 3195 2649 2959 2649 569 2649 3195 2649 569 2649 1033 2649 2961 2650 3196 2650 1032 2650 2961 2650 1032 2650 568 2650 3196 2547 1033 2547 1032 2547 3196 2559 3195 2559 1033 2559 3196 8 2961 8 2959 8 3196 2651 2959 2651 3195 2651 3197 2652 2958 2652 571 2652 3197 2652 571 2652 598 2652 2960 2653 3198 2653 602 2653 2960 2654 602 2654 570 2654 3198 2547 598 2547 602 2547 3198 2559 3197 2559 598 2559 3198 8 2960 8 2958 8 3198 2655 2958 2655 3197 2655 599 2656 2955 2656 573 2656 3199 2656 2955 2656 599 2656 2957 2657 3200 2657 603 2657 2957 2657 603 2657 572 2657 3200 2563 599 2563 603 2563 3200 2518 3199 2518 599 2518 3200 8 2957 8 2955 8 3200 8 2955 8 3199 8 600 2658 2953 2658 575 2658 3201 2658 2953 2658 600 2658 2956 2659 3202 2659 604 2659 2956 2659 604 2659 574 2659 604 2547 3201 2547 600 2547 3202 149 3201 149 604 149 3202 8 2956 8 2953 8 3202 2660 2953 2660 3201 2660 601 2661 2952 2661 577 2661 3203 2661 2952 2661 601 2661 576 2662 3204 2662 605 2662 2954 2662 3204 2662 576 2662 3204 2559 601 2559 605 2559 3204 149 3203 149 601 149 3204 8 2954 8 2952 8 3204 2663 2952 2663 3203 2663 3205 2664 2950 2664 579 2664 3205 2664 579 2664 1031 2664 2951 2665 3206 2665 1030 2665 2951 2666 1030 2666 578 2666 1030 2518 3205 2518 1031 2518 3206 2518 3205 2518 1030 2518 3206 2667 2951 2667 2950 2667 3206 2668 2950 2668 3205 2668 1029 2669 2947 2669 581 2669 3207 2670 2947 2670 1029 2670 580 2671 3208 2671 1028 2671 2949 2671 3208 2671 580 2671 3208 149 1029 149 1028 149 3208 149 3207 149 1029 149 3208 8 2949 8 2947 8 3208 2672 2947 2672 3207 2672 1027 2673 2946 2673 583 2673 3209 2673 2946 2673 1027 2673 582 2674 3210 2674 1026 2674 2948 2674 3210 2674 582 2674 3210 167 1027 167 1026 167 3210 167 3209 167 1027 167 3210 8 2948 8 2946 8 3210 2675 2946 2675 3209 2675 1025 2456 2944 2456 585 2456 3211 2456 2944 2456 1025 2456 2945 2676 3212 2676 1024 2676 2945 2676 1024 2676 584 2676 3212 167 1025 167 1024 167 3212 167 3211 167 1025 167 3212 2677 2945 2677 2944 2677 3212 8 2944 8 3211 8 3213 2678 2941 2678 587 2678 3213 2678 587 2678 1023 2678 2943 2679 3214 2679 1022 2679 2943 2680 1022 2680 586 2680 3214 167 1023 167 1022 167 3214 167 3213 167 1023 167 3214 2681 2943 2681 2941 2681 3214 8 2941 8 3213 8 1021 2682 2940 2682 589 2682 3215 2682 2940 2682 1021 2682 2942 2683 3216 2683 1020 2683 2942 2684 1020 2684 588 2684 1020 167 3215 167 1021 167 3216 167 3215 167 1020 167 3216 2685 2942 2685 2940 2685 3216 8 2940 8 3215 8 3217 2686 2938 2686 591 2686 3217 2686 591 2686 1004 2686 2939 2687 3218 2687 1003 2687 2939 2688 1003 2688 590 2688 3218 173 1004 173 1003 173 3218 167 3217 167 1004 167 3218 2689 2939 2689 2938 2689 3218 8 2938 8 3217 8 816 2690 2936 2690 593 2690 3219 2691 2936 2691 816 2691 592 2692 3220 2692 815 2692 2937 2693 3220 2693 592 2693 815 173 3219 173 816 173 3220 2694 3219 2694 815 2694 3220 2695 2937 2695 2936 2695 3220 8 2936 8 3219 8 2935 2696 3221 2696 718 2696 2935 2696 718 2696 594 2696 3222 2697 2923 2697 2921 2697 3221 8 2935 8 2923 8 3221 2698 2923 2698 3222 2698 634 2699 2921 2699 595 2699 3222 2700 2921 2700 634 2700 3221 2694 634 2694 718 2694 3221 167 3222 167 634 167 610 2701 2918 2701 597 2701 3223 2702 2918 2702 610 2702 2920 2703 3224 2703 633 2703 2920 2704 633 2704 596 2704 3224 173 610 173 633 173 3224 167 3223 167 610 167 3223 2705 2920 2705 2918 2705 3224 2706 2920 2706 3223 2706 561 2707 2916 2707 562 2707 3225 2708 2916 2708 561 2708 2919 2709 3226 2709 609 2709 2919 2709 609 2709 560 2709 3226 167 561 167 609 167 3226 167 3225 167 561 167 3225 8 2919 8 2916 8 3226 8 2919 8 3225 8 3227 2710 2914 2710 526 2710 3227 2711 526 2711 525 2711 2917 2712 3228 2712 559 2712 2917 2712 559 2712 524 2712 3228 167 525 167 559 167 3228 2694 3227 2694 525 2694 3227 8 2917 8 2914 8 3228 8 2917 8 3227 8 3229 2713 2912 2713 487 2713 3229 2713 487 2713 489 2713 488 2714 3229 2714 489 2714 3230 2714 3229 2714 488 2714 2915 2715 3231 2715 523 2715 2915 2715 523 2715 522 2715 523 2694 3230 2694 488 2694 3231 173 3230 173 523 173 3230 8 2912 8 3229 8 3231 2716 2915 2716 2912 2716 3231 8 2912 8 3230 8 3232 99 3233 99 3234 99 3235 2717 3233 2717 3232 2717 3233 2718 3236 2718 3234 2718 3233 2719 3237 2719 3236 2719 3237 2720 3238 2720 3236 2720 3237 2721 3239 2721 3238 2721 3239 2722 3232 2722 3238 2722 3239 2723 3235 2723 3232 2723 3233 2724 3235 2724 3239 2724 3237 2725 3233 2725 3239 2725 3232 10 3234 10 3238 10 3234 10 3236 10 3238 10 3240 2726 3241 2726 3242 2726 3240 2727 3243 2727 3241 2727 3241 101 3244 101 3245 101 3243 100 3244 100 3241 100 3245 2721 3246 2721 3247 2721 3244 2721 3246 2721 3245 2721 3246 2723 3242 2723 3247 2723 3246 2728 3240 2728 3242 2728 3243 2729 3240 2729 3246 2729 3244 2730 3243 2730 3246 2730 3242 10 3241 10 3247 10 3241 10 3245 10 3247 10 3248 2731 3249 2731 3250 2731 3248 2732 3251 2732 3249 2732 3249 2733 3252 2733 3253 2733 3251 2734 3252 2734 3249 2734 3253 2735 3254 2735 3255 2735 3252 2736 3254 2736 3253 2736 3254 2737 3250 2737 3255 2737 3254 2738 3248 2738 3250 2738 3251 2729 3248 2729 3254 2729 3252 8 3251 8 3254 8 3250 10 3249 10 3255 10 3249 10 3253 10 3255 10 3256 2717 3257 2717 3258 2717 3256 99 3259 99 3257 99 3257 2719 3260 2719 3261 2719 3259 2719 3260 2719 3257 2719 3261 2739 3262 2739 3263 2739 3260 2736 3262 2736 3261 2736 3262 2740 3258 2740 3263 2740 3262 2740 3256 2740 3258 2740 3259 2741 3256 2741 3262 2741 3260 8 3259 8 3262 8 3258 10 3257 10 3263 10 3257 10 3261 10 3263 10 3264 2732 3265 2732 3266 2732 3267 2732 3265 2732 3264 2732 3266 101 3268 101 3269 101 3265 2742 3268 2742 3266 2742 3269 2743 3270 2743 3271 2743 3268 2744 3270 2744 3269 2744 3270 2737 3264 2737 3271 2737 3270 2737 3267 2737 3264 2737 3265 1842 3267 1842 3270 1842 3268 2745 3265 2745 3270 2745 3264 10 3266 10 3271 10 3266 10 3269 10 3271 10 3272 2746 3273 2746 3274 2746 3275 99 3273 99 3272 99 3274 2747 3276 2747 3277 2747 3273 2747 3276 2747 3274 2747 3277 2748 3278 2748 3279 2748 3276 2749 3278 2749 3277 2749 3278 2722 3272 2722 3279 2722 3278 2750 3275 2750 3272 2750 3273 2729 3275 2729 3278 2729 3276 2730 3273 2730 3278 2730 3272 10 3274 10 3279 10 3274 10 3277 10 3279 10 3280 2751 3281 2751 3282 2751 3283 2752 3281 2752 3280 2752 3281 2753 3284 2753 3282 2753 3281 2754 3285 2754 3284 2754 3284 2755 3286 2755 3287 2755 3285 2756 3286 2756 3284 2756 3286 2757 3280 2757 3287 2757 3286 2737 3283 2737 3280 2737 3281 2758 3283 2758 3286 2758 3285 8 3281 8 3286 8 3280 10 3282 10 3287 10 3282 10 3284 10 3287 10 3288 2759 3289 2759 3290 2759 3291 2760 3289 2760 3288 2760 3290 101 3292 101 3293 101 3289 2761 3292 2761 3290 2761 3293 2762 3294 2762 3295 2762 3292 2762 3294 2762 3293 2762 3295 2763 3291 2763 3288 2763 3294 2757 3291 2757 3295 2757 3289 2764 3291 2764 3294 2764 3292 2765 3289 2765 3294 2765 3288 10 3290 10 3295 10 3290 10 3293 10 3295 10 3296 2766 3297 2766 3298 2766 3296 99 3299 99 3297 99 3299 2767 3300 2767 3297 2767 3299 2767 3301 2767 3300 2767 3300 2721 3302 2721 3303 2721 3301 2721 3302 2721 3300 2721 3303 2768 3296 2768 3298 2768 3302 2769 3296 2769 3303 2769 3299 1851 3296 1851 3302 1851 3301 2770 3299 2770 3302 2770 3298 10 3297 10 3303 10 3297 10 3300 10 3303 10 3304 98 3305 98 3306 98 3304 2751 3307 2751 3305 2751 3307 2771 3308 2771 3305 2771 3307 2771 3309 2771 3308 2771 3308 2772 3310 2772 3311 2772 3309 2762 3310 2762 3308 2762 3311 2738 3304 2738 3306 2738 3310 2773 3304 2773 3311 2773 3307 2774 3304 2774 3310 2774 3309 8 3307 8 3310 8 3306 10 3305 10 3311 10 3305 10 3308 10 3311 10 3312 2766 3313 2766 3314 2766 3312 99 3315 99 3313 99 3315 2775 3316 2775 3313 2775 3315 2776 3317 2776 3316 2776 3316 2736 3318 2736 3319 2736 3317 2777 3318 2777 3316 2777 3319 2778 3312 2778 3314 2778 3318 2778 3312 2778 3319 2778 3315 2779 3312 2779 3318 2779 3317 8 3315 8 3318 8 3314 10 3313 10 3319 10 3313 10 3316 10 3319 10 3320 2759 3321 2759 3322 2759 3320 2731 3323 2731 3321 2731 3323 2780 3324 2780 3321 2780 3323 2781 3325 2781 3324 2781 3325 2721 3326 2721 3324 2721 3325 2721 3327 2721 3326 2721 3327 2769 3322 2769 3326 2769 3327 2769 3320 2769 3322 2769 3323 2782 3320 2782 3327 2782 3325 2770 3323 2770 3327 2770 3322 10 3321 10 3326 10 3321 10 3324 10 3326 10 3328 2731 3329 2731 3330 2731 3328 2731 3331 2731 3329 2731 3331 2767 3332 2767 3329 2767 3331 2783 3333 2783 3332 2783 3333 2721 3334 2721 3332 2721 3333 2721 3335 2721 3334 2721 3335 2784 3330 2784 3334 2784 3335 2785 3328 2785 3330 2785 3331 2786 3328 2786 3335 2786 3333 2787 3331 2787 3335 2787 3330 10 3329 10 3334 10 3329 10 3332 10 3334 10 3336 99 3337 99 3338 99 3336 99 3339 99 3337 99 3339 2788 3340 2788 3337 2788 3339 2776 3341 2776 3340 2776 3341 2736 3342 2736 3340 2736 3341 2777 3343 2777 3342 2777 3343 2789 3338 2789 3342 2789 3343 2789 3336 2789 3338 2789 3339 2790 3336 2790 3343 2790 3341 8 3339 8 3343 8 3338 10 3337 10 3342 10 3337 10 3340 10 3342 10 3344 2731 3345 2731 3346 2731 3344 2731 3347 2731 3345 2731 3347 2791 3348 2791 3345 2791 3347 2753 3349 2753 3348 2753 3348 2762 3350 2762 3351 2762 3349 2762 3350 2762 3348 2762 3350 2792 3346 2792 3351 2792 3350 2773 3344 2773 3346 2773 3347 2729 3344 2729 3350 2729 3349 2793 3347 2793 3350 2793 3346 10 3345 10 3351 10 3345 10 3348 10 3351 10 3352 2794 3353 2794 3354 2794 3352 2795 3355 2795 3353 2795 3353 2767 3356 2767 3357 2767 3355 2783 3356 2783 3353 2783 3356 2721 3358 2721 3357 2721 3356 2721 3359 2721 3358 2721 3358 2796 3352 2796 3354 2796 3359 2722 3352 2722 3358 2722 3355 2797 3352 2797 3359 2797 3356 2770 3355 2770 3359 2770 3354 10 3353 10 3358 10 3353 10 3357 10 3358 10 3360 98 3361 98 3362 98 3360 98 3363 98 3361 98 3361 2798 3364 2798 3365 2798 3363 2799 3364 2799 3361 2799 3365 2748 3366 2748 3367 2748 3364 2721 3366 2721 3365 2721 3366 2768 3362 2768 3367 2768 3366 2800 3360 2800 3362 2800 3363 2801 3360 2801 3366 2801 3364 8 3363 8 3366 8 3362 10 3361 10 3367 10 3361 10 3365 10 3367 10 3368 2802 3369 2802 3370 2802 3368 98 3371 98 3369 98 3369 2753 3372 2753 3373 2753 3371 2791 3372 2791 3369 2791 3372 2755 3374 2755 3373 2755 3372 2755 3375 2755 3374 2755 3375 2738 3370 2738 3374 2738 3375 2792 3368 2792 3370 2792 3371 2803 3368 2803 3375 2803 3372 8 3371 8 3375 8 3370 10 3369 10 3374 10 3369 10 3373 10 3374 10 3376 99 3377 99 3378 99 3376 99 3379 99 3377 99 3377 2775 3380 2775 3381 2775 3379 2776 3380 2776 3377 2776 3380 2721 3382 2721 3381 2721 3380 2804 3383 2804 3382 2804 3382 1472 3376 1472 3378 1472 3383 1472 3376 1472 3382 1472 3379 2797 3376 2797 3383 2797 3380 2805 3379 2805 3383 2805 3378 10 3377 10 3382 10 3377 10 3381 10 3382 10 3384 2731 3385 2731 3386 2731 3384 2806 3387 2806 3385 2806 3387 2791 3388 2791 3385 2791 3387 2791 3389 2791 3388 2791 3389 2762 3390 2762 3388 2762 3389 2762 3391 2762 3390 2762 3391 2738 3386 2738 3390 2738 3391 2773 3384 2773 3386 2773 3387 2807 3384 2807 3391 2807 3389 2808 3387 2808 3391 2808 3386 10 3385 10 3390 10 3385 10 3388 10 3390 10 3392 98 3393 98 3394 98 3392 98 3395 98 3393 98 3395 2783 3396 2783 3393 2783 3395 2809 3397 2809 3396 2809 3397 2736 3398 2736 3396 2736 3397 2736 3399 2736 3398 2736 3398 2784 3392 2784 3394 2784 3399 2810 3392 2810 3398 2810 3395 2801 3392 2801 3399 2801 3397 8 3395 8 3399 8 3394 10 3393 10 3398 10 3393 10 3396 10 3398 10 3400 99 3401 99 3402 99 3400 99 3403 99 3401 99 3403 2776 3404 2776 3401 2776 3403 2775 3405 2775 3404 2775 3405 2736 3406 2736 3404 2736 3405 2811 3407 2811 3406 2811 3407 2789 3402 2789 3406 2789 3407 2789 3400 2789 3402 2789 3403 2812 3400 2812 3407 2812 3405 8 3403 8 3407 8 3402 10 3401 10 3406 10 3401 10 3404 10 3406 10 3408 2731 3409 2731 3410 2731 3408 2731 3411 2731 3409 2731 3409 2791 3412 2791 3413 2791 3411 2761 3412 2761 3409 2761 3412 2762 3414 2762 3413 2762 3412 2762 3415 2762 3414 2762 3415 2773 3410 2773 3414 2773 3415 2738 3408 2738 3410 2738 3411 1837 3408 1837 3415 1837 3412 2808 3411 2808 3415 2808 3410 10 3409 10 3414 10 3409 10 3413 10 3414 10 3416 99 3417 99 3418 99 3416 99 3419 99 3417 99 3417 2775 3420 2775 3421 2775 3419 2776 3420 2776 3417 2776 3421 2721 3422 2721 3423 2721 3420 2804 3422 2804 3421 2804 3422 1472 3418 1472 3423 1472 3422 1472 3416 1472 3418 1472 3419 2813 3416 2813 3422 2813 3420 2765 3419 2765 3422 2765 3418 10 3417 10 3423 10 3417 10 3421 10 3423 10 3424 98 3425 98 3426 98 3424 2802 3427 2802 3425 2802 3425 2814 3428 2814 3429 2814 3427 2780 3428 2780 3425 2780 3428 2762 3430 2762 3429 2762 3428 2762 3431 2762 3430 2762 3431 2815 3426 2815 3430 2815 3431 2815 3424 2815 3426 2815 3427 1833 3424 1833 3431 1833 3428 2730 3427 2730 3431 2730 3426 10 3425 10 3430 10 3425 10 3429 10 3430 10 3432 99 3433 99 3434 99 3432 99 3435 99 3433 99 3433 2816 3436 2816 3437 2816 3435 2775 3436 2775 3433 2775 3436 2817 3438 2817 3437 2817 3436 2817 3439 2817 3438 2817 3439 2800 3434 2800 3438 2800 3439 2800 3432 2800 3434 2800 3435 2818 3432 2818 3439 2818 3436 2819 3435 2819 3439 2819 3434 10 3433 10 3438 10 3433 10 3437 10 3438 10 3440 2731 3441 2731 3442 2731 3440 2806 3443 2806 3441 2806 3441 2761 3444 2761 3445 2761 3443 2791 3444 2791 3441 2791 3445 2721 3446 2721 3447 2721 3444 2804 3446 2804 3445 2804 3447 2722 3440 2722 3442 2722 3446 1472 3440 1472 3447 1472 3443 2724 3440 2724 3446 2724 3444 2805 3443 2805 3446 2805 3442 10 3441 10 3447 10 3441 10 3445 10 3447 10 3448 98 3449 98 3450 98 3448 98 3451 98 3449 98 3449 2820 3452 2820 3453 2820 3451 2820 3452 2820 3449 2820 3453 2762 3454 2762 3455 2762 3452 2762 3454 2762 3453 2762 3455 2773 3448 2773 3450 2773 3454 2773 3448 2773 3455 2773 3451 1828 3448 1828 3454 1828 3452 8 3451 8 3454 8 3450 10 3449 10 3455 10 3449 10 3453 10 3455 10 3456 99 3457 99 3458 99 3456 99 3459 99 3457 99 3457 2809 3460 2809 3461 2809 3459 2783 3460 2783 3457 2783 3460 2721 3462 2721 3461 2721 3460 2804 3463 2804 3462 2804 3462 2800 3456 2800 3458 2800 3463 2800 3456 2800 3462 2800 3459 2818 3456 2818 3463 2818 3460 2787 3459 2787 3463 2787 3458 10 3457 10 3462 10 3457 10 3461 10 3462 10 3464 2731 3465 2731 3466 2731 3467 2806 3465 2806 3464 2806 3465 2780 3468 2780 3466 2780 3465 2780 3469 2780 3468 2780 3469 2762 3470 2762 3468 2762 3469 2762 3471 2762 3470 2762 3471 2810 3464 2810 3470 2810 3471 2784 3467 2784 3464 2784 3465 2786 3467 2786 3471 2786 3469 2821 3465 2821 3471 2821 3464 10 3466 10 3470 10 3466 10 3468 10 3470 10 3472 2731 3473 2731 3474 2731 3472 2731 3475 2731 3473 2731 3475 2822 3476 2822 3473 2822 3475 2761 3477 2761 3476 2761 3476 2762 3478 2762 3479 2762 3477 2762 3478 2762 3476 2762 3479 2823 3472 2823 3474 2823 3478 2738 3472 2738 3479 2738 3475 2807 3472 2807 3478 2807 3477 2793 3475 2793 3478 2793 3474 10 3473 10 3479 10 3473 10 3476 10 3479 10 3480 2824 3481 2824 3482 2824 3483 2825 3481 2825 3480 2825 3481 2775 3484 2775 3482 2775 3481 2816 3485 2816 3484 2816 3484 2736 3486 2736 3487 2736 3485 2736 3486 2736 3484 2736 3486 1472 3480 1472 3487 1472 3486 2722 3483 2722 3480 2722 3481 2826 3483 2826 3486 2826 3485 8 3481 8 3486 8 3480 10 3482 10 3487 10 3482 10 3484 10 3487 10 3488 2827 3489 2827 3490 2827 3488 2828 3491 2828 3489 2828 3491 2814 3492 2814 3489 2814 3491 2780 3493 2780 3492 2780 3492 2829 3494 2829 3495 2829 3493 2830 3494 2830 3492 2830 3494 2738 3490 2738 3495 2738 3494 2773 3488 2773 3490 2773 3491 2807 3488 2807 3494 2807 3493 2770 3491 2770 3494 2770 3490 10 3489 10 3495 10 3489 10 3492 10 3495 10 3496 2831 3497 2831 3498 2831 3496 2832 3499 2832 3497 2832 3497 2833 3500 2833 3501 2833 3499 2783 3500 2783 3497 2783 3500 2804 3502 2804 3501 2804 3500 2804 3503 2804 3502 2804 3503 2800 3498 2800 3502 2800 3503 2800 3496 2800 3498 2800 3499 2764 3496 2764 3503 2764 3500 2834 3499 2834 3503 2834 3498 10 3497 10 3502 10 3497 10 3501 10 3502 10 3504 2802 3505 2802 3506 2802 3504 2835 3507 2835 3505 2835 3507 2820 3508 2820 3505 2820 3507 2836 3509 2836 3508 2836 3509 2830 3510 2830 3508 2830 3509 2837 3511 2837 3510 2837 3511 2784 3506 2784 3510 2784 3511 2784 3504 2784 3506 2784 3507 2838 3504 2838 3511 2838 3509 8 3507 8 3511 8 3506 10 3505 10 3510 10 3505 10 3508 10 3510 10 3512 2802 3513 2802 3514 2802 3515 2802 3513 2802 3512 2802 3513 2775 3516 2775 3514 2775 3513 2816 3517 2816 3516 2816 3516 2839 3518 2839 3519 2839 3517 2804 3518 2804 3516 2804 3519 2840 3515 2840 3512 2840 3518 2840 3515 2840 3519 2840 3513 1823 3515 1823 3518 1823 3517 2808 3513 2808 3518 2808 3512 10 3514 10 3519 10 3514 10 3516 10 3519 10 3520 2841 3521 2841 3522 2841 3523 2842 3521 2842 3520 2842 3522 2776 3524 2776 3525 2776 3521 2816 3524 2816 3522 2816 3524 2839 3526 2839 3525 2839 3524 2804 3527 2804 3526 2804 3526 2800 3523 2800 3520 2800 3527 2800 3523 2800 3526 2800 3521 2764 3523 2764 3527 2764 3524 2808 3521 2808 3527 2808 3520 10 3522 10 3526 10 3522 10 3525 10 3526 10 3528 2731 3529 2731 3530 2731 3531 2731 3529 2731 3528 2731 3530 2814 3532 2814 3533 2814 3529 2814 3532 2814 3530 2814 3533 2829 3534 2829 3535 2829 3532 2830 3534 2830 3533 2830 3534 2784 3528 2784 3535 2784 3534 2843 3531 2843 3528 2843 3529 2844 3531 2844 3534 2844 3532 2770 3529 2770 3534 2770 3528 10 3530 10 3535 10 3530 10 3533 10 3535 10 3536 2824 3537 2824 3538 2824 3536 2824 3539 2824 3537 2824 3539 2816 3540 2816 3537 2816 3539 2776 3541 2776 3540 2776 3540 2845 3542 2845 3543 2845 3541 2846 3542 2846 3540 2846 3542 1295 3538 1295 3543 1295 3542 2800 3536 2800 3538 2800 3539 2847 3536 2847 3542 2847 3541 8 3539 8 3542 8 3538 10 3537 10 3543 10 3537 10 3540 10 3543 10 3544 2828 3545 2828 3546 2828 3547 2806 3545 2806 3544 2806 3545 2761 3548 2761 3546 2761 3545 2761 3549 2761 3548 2761 3548 2804 3550 2804 3551 2804 3549 2804 3550 2804 3548 2804 3551 2848 3547 2848 3544 2848 3550 2722 3547 2722 3551 2722 3545 2813 3547 2813 3550 2813 3549 2765 3545 2765 3550 2765 3544 10 3546 10 3551 10 3546 10 3548 10 3551 10 3552 2849 3553 2849 3554 2849 3552 2850 3555 2850 3553 2850 3555 2761 3556 2761 3553 2761 3555 2791 3557 2791 3556 2791 3556 2830 3558 2830 3559 2830 3557 2829 3558 2829 3556 2829 3559 2784 3552 2784 3554 2784 3558 2843 3552 2843 3559 2843 3555 2851 3552 2851 3558 2851 3557 2819 3555 2819 3558 2819 3554 10 3553 10 3559 10 3553 10 3556 10 3559 10 3560 2832 3561 2832 3562 2832 3560 2831 3563 2831 3561 2831 3563 2852 3564 2852 3561 2852 3563 2853 3565 2853 3564 2853 3564 2854 3566 2854 3567 2854 3565 2855 3566 2855 3564 2855 3566 2800 3562 2800 3567 2800 3566 2800 3560 2800 3562 2800 3563 2764 3560 2764 3566 2764 3565 8 3563 8 3566 8 3562 10 3561 10 3567 10 3561 10 3564 10 3567 10 3568 98 3569 98 3570 98 3568 98 3571 98 3569 98 3569 2780 3572 2780 3573 2780 3571 2780 3572 2780 3569 2780 3573 2762 3574 2762 3575 2762 3572 2762 3574 2762 3573 2762 3574 2856 3570 2856 3575 2856 3574 2856 3568 2856 3570 2856 3571 2857 3568 2857 3574 2857 3572 2730 3571 2730 3574 2730 3570 10 3569 10 3575 10 3569 10 3573 10 3575 10 3576 99 3577 99 3578 99 3576 99 3579 99 3577 99 3579 2776 3580 2776 3577 2776 3579 2776 3581 2776 3580 2776 3581 2817 3582 2817 3580 2817 3581 2817 3583 2817 3582 2817 3583 2800 3578 2800 3582 2800 3583 2800 3576 2800 3578 2800 3579 2818 3576 2818 3583 2818 3581 2765 3579 2765 3583 2765 3578 10 3577 10 3582 10 3577 10 3580 10 3582 10 3584 2858 3585 2858 3586 2858 3584 2849 3587 2849 3585 2849 3587 2791 3588 2791 3585 2791 3587 2791 3589 2791 3588 2791 3589 2762 3590 2762 3588 2762 3589 2762 3591 2762 3590 2762 3591 2773 3586 2773 3590 2773 3591 2773 3584 2773 3586 2773 3587 2729 3584 2729 3591 2729 3589 2819 3587 2819 3591 2819 3586 10 3585 10 3590 10 3585 10 3588 10 3590 10 3592 98 3593 98 3594 98 3592 98 3595 98 3593 98 3595 2859 3596 2859 3593 2859 3595 2859 3597 2859 3596 2859 3597 2762 3598 2762 3596 2762 3597 2762 3599 2762 3598 2762 3599 2784 3594 2784 3598 2784 3599 2784 3592 2784 3594 2784 3595 2801 3592 2801 3599 2801 3597 8 3595 8 3599 8 3594 10 3593 10 3598 10 3593 10 3596 10 3598 10 3600 2860 3601 2860 3602 2860 3600 2842 3603 2842 3601 2842 3603 2783 3604 2783 3601 2783 3603 2833 3605 2833 3604 2833 3604 2721 3606 2721 3607 2721 3605 2861 3606 2861 3604 2861 3606 2800 3602 2800 3607 2800 3606 2800 3600 2800 3602 2800 3603 2818 3600 2818 3606 2818 3605 2862 3603 2862 3606 2862 3602 10 3601 10 3607 10 3601 10 3604 10 3607 10 3608 2731 3609 2731 3610 2731 3611 2849 3609 2849 3608 2849 3610 2791 3612 2791 3613 2791 3609 2791 3612 2791 3610 2791 3613 2837 3614 2837 3615 2837 3612 2837 3614 2837 3613 2837 3614 2784 3608 2784 3615 2784 3614 2843 3611 2843 3608 2843 3609 2844 3611 2844 3614 2844 3612 2863 3609 2863 3614 2863 3608 10 3610 10 3615 10 3610 10 3613 10 3615 10 3616 99 3617 99 3618 99 3616 99 3619 99 3617 99 3617 2864 3620 2864 3621 2864 3619 2864 3620 2864 3617 2864 3621 2845 3622 2845 3623 2845 3620 2854 3622 2854 3621 2854 3622 1472 3618 1472 3623 1472 3622 1472 3616 1472 3618 1472 3619 2865 3616 2865 3622 2865 3620 8 3619 8 3622 8 3618 10 3617 10 3623 10 3617 10 3621 10 3623 10 3624 2866 3625 2866 3626 2866 3624 2867 3627 2867 3625 2867 3625 2776 3628 2776 3629 2776 3627 2776 3628 2776 3625 2776 3629 2721 3630 2721 3631 2721 3628 2721 3630 2721 3629 2721 3630 2868 3626 2868 3631 2868 3630 2869 3624 2869 3626 2869 3627 2870 3624 2870 3630 2870 3628 2765 3627 2765 3630 2765 3626 10 3625 10 3631 10 3625 10 3629 10 3631 10 3632 2731 3633 2731 3634 2731 3635 2849 3633 2849 3632 2849 3634 2780 3636 2780 3637 2780 3633 2780 3636 2780 3634 2780 3637 2871 3638 2871 3639 2871 3636 2837 3638 2837 3637 2837 3638 2784 3632 2784 3639 2784 3638 2843 3635 2843 3632 2843 3633 2844 3635 2844 3638 2844 3636 2821 3633 2821 3638 2821 3632 10 3634 10 3639 10 3634 10 3637 10 3639 10 3640 2842 3641 2842 3642 2842 3643 2860 3641 2860 3640 2860 3642 2783 3644 2783 3645 2783 3641 2872 3644 2872 3642 2872 3645 2817 3646 2817 3647 2817 3644 2817 3646 2817 3645 2817 3646 2800 3640 2800 3647 2800 3646 2800 3643 2800 3640 2800 3641 2764 3643 2764 3646 2764 3644 2819 3641 2819 3646 2819 3640 10 3642 10 3647 10 3642 10 3645 10 3647 10 3648 98 3649 98 3650 98 3651 98 3649 98 3648 98 3650 2791 3652 2791 3653 2791 3649 2791 3652 2791 3650 2791 3653 2873 3654 2873 3655 2873 3652 2874 3654 2874 3653 2874 3654 2773 3648 2773 3655 2773 3654 2773 3651 2773 3648 2773 3649 2875 3651 2875 3654 2875 3652 8 3649 8 3654 8 3648 10 3650 10 3655 10 3650 10 3653 10 3655 10 3656 2876 3657 2876 3658 2876 3659 2876 3657 2876 3656 2876 3657 2877 3660 2877 3658 2877 3657 2877 3661 2877 3660 2877 3660 2878 3662 2878 3663 2878 3661 2878 3662 2878 3660 2878 3662 2856 3656 2856 3663 2856 3662 2856 3659 2856 3656 2856 3657 2857 3659 2857 3662 2857 3661 8 3657 8 3662 8 3656 10 3658 10 3663 10 3658 10 3660 10 3663 10 3664 2879 3665 2879 3666 2879 3667 2879 3665 2879 3664 2879 3665 2880 3668 2880 3666 2880 3665 2880 3669 2880 3668 2880 3669 2736 3670 2736 3668 2736 3669 2736 3671 2736 3670 2736 3671 2800 3664 2800 3670 2800 3671 2800 3667 2800 3664 2800 3665 2881 3667 2881 3671 2881 3669 8 3665 8 3671 8 3664 10 3666 10 3670 10 3666 10 3668 10 3670 10 3672 2876 3673 2876 3674 2876 3675 2882 3673 2882 3672 2882 3673 2791 3676 2791 3674 2791 3673 2791 3677 2791 3676 2791 3677 2874 3678 2874 3676 2874 3677 2874 3679 2874 3678 2874 3679 2784 3672 2784 3678 2784 3679 2784 3675 2784 3672 2784 3673 2881 3675 2881 3679 2881 3677 8 3673 8 3679 8 3672 10 3674 10 3678 10 3674 10 3676 10 3678 10 3680 2860 3681 2860 3682 2860 3683 2842 3681 2842 3680 2842 3681 2883 3684 2883 3682 2883 3681 2877 3685 2877 3684 2877 3684 2721 3686 2721 3687 2721 3685 2721 3686 2721 3684 2721 3687 2884 3683 2884 3680 2884 3686 2789 3683 2789 3687 2789 3681 2885 3683 2885 3686 2885 3685 8 3681 8 3686 8 3680 10 3682 10 3687 10 3682 10 3684 10 3687 10 3688 2876 3689 2876 3690 2876 3691 2876 3689 2876 3688 2876 3689 2886 3692 2886 3690 2886 3689 2886 3693 2886 3692 2886 3692 2887 3694 2887 3695 2887 3693 2888 3694 2888 3692 2888 3695 2784 3691 2784 3688 2784 3694 2784 3691 2784 3695 2784 3689 2838 3691 2838 3694 2838 3693 2889 3689 2889 3694 2889 3688 10 3690 10 3695 10 3690 10 3692 10 3695 10 3696 2876 3697 2876 3698 2876 3696 2882 3699 2882 3697 2882 3699 2890 3700 2890 3697 2890 3699 2883 3701 2883 3700 2883 3700 2721 3702 2721 3703 2721 3701 2721 3702 2721 3700 2721 3703 2784 3696 2784 3698 2784 3702 2843 3696 2843 3703 2843 3699 2801 3696 2801 3702 2801 3701 8 3699 8 3702 8 3698 10 3697 10 3703 10 3697 10 3700 10 3703 10 3704 2825 3705 2825 3706 2825 3704 2825 3707 2825 3705 2825 3705 2890 3708 2890 3709 2890 3707 2883 3708 2883 3705 2883 3709 2861 3710 2861 3711 2861 3708 2817 3710 2817 3709 2817 3711 1295 3704 1295 3706 1295 3710 2800 3704 2800 3711 2800 3707 2847 3704 2847 3710 2847 3708 8 3707 8 3710 8 3706 10 3705 10 3711 10 3705 10 3709 10 3711 10 3712 2891 3713 2891 3714 2891 3715 2892 3713 2892 3712 2892 3714 2780 3716 2780 3717 2780 3713 2893 3716 2893 3714 2893 3717 2887 3718 2887 3719 2887 3716 2887 3718 2887 3717 2887 3718 2784 3712 2784 3719 2784 3718 2784 3715 2784 3712 2784 3713 2894 3715 2894 3718 2894 3716 8 3713 8 3718 8 3712 10 3714 10 3719 10 3714 10 3717 10 3719 10 3720 2825 3721 2825 3722 2825 3723 2825 3721 2825 3720 2825 3722 2864 3724 2864 3725 2864 3721 2864 3724 2864 3722 2864 3725 2895 3726 2895 3727 2895 3724 2896 3726 2896 3725 2896 3726 1472 3720 1472 3727 1472 3726 2897 3723 2897 3720 2897 3721 2898 3723 2898 3726 2898 3724 2899 3721 2899 3726 2899 3720 10 3722 10 3727 10 3722 10 3725 10 3727 10 3728 2849 3729 2849 3730 2849 3731 2731 3729 2731 3728 2731 3729 2780 3732 2780 3730 2780 3729 2780 3733 2780 3732 2780 3733 2762 3734 2762 3732 2762 3733 2762 3735 2762 3734 2762 3735 2843 3728 2843 3734 2843 3735 2784 3731 2784 3728 2784 3729 2900 3731 2900 3735 2900 3733 2730 3729 2730 3735 2730 3728 10 3730 10 3734 10 3730 10 3732 10 3734 10 3736 2731 3737 2731 3738 2731 3739 2731 3737 2731 3736 2731 3737 2853 3740 2853 3738 2853 3737 2853 3741 2853 3740 2853 3740 2736 3742 2736 3743 2736 3741 2736 3742 2736 3740 2736 3742 2784 3736 2784 3743 2784 3742 2784 3739 2784 3736 2784 3737 2782 3739 2782 3742 2782 3741 8 3737 8 3742 8 3736 10 3738 10 3743 10 3738 10 3740 10 3743 10 3744 2901 3745 2901 3746 2901 3747 2901 3745 2901 3744 2901 3745 2853 3748 2853 3746 2853 3745 2864 3749 2864 3748 2864 3748 2817 3750 2817 3751 2817 3749 2817 3750 2817 3748 2817 3750 2800 3744 2800 3751 2800 3750 1295 3747 1295 3744 1295 3745 105 3747 105 3750 105 3749 8 3745 8 3750 8 3744 10 3746 10 3751 10 3746 10 3748 10 3751 10 3752 2858 3753 2858 3754 2858 3755 2731 3753 2731 3752 2731 3753 2780 3756 2780 3754 2780 3753 2791 3757 2791 3756 2791 3756 2762 3758 2762 3759 2762 3757 2762 3758 2762 3756 2762 3758 2773 3752 2773 3759 2773 3758 2773 3755 2773 3752 2773 3753 1837 3755 1837 3758 1837 3757 2819 3753 2819 3758 2819 3752 10 3754 10 3759 10 3754 10 3756 10 3759 10 3760 99 3761 99 3762 99 3763 2902 3761 2902 3760 2902 3761 2864 3764 2864 3762 2864 3761 2853 3765 2853 3764 2853 3765 2854 3766 2854 3764 2854 3765 2845 3767 2845 3766 2845 3767 2800 3760 2800 3766 2800 3767 1295 3763 1295 3760 1295 3761 2764 3763 2764 3767 2764 3765 8 3761 8 3767 8 3760 10 3762 10 3766 10 3762 10 3764 10 3766 10 3768 2849 3769 2849 3770 2849 3768 2858 3771 2858 3769 2858 3769 2903 3772 2903 3773 2903 3771 2780 3772 2780 3769 2780 3772 2736 3774 2736 3773 2736 3772 2854 3775 2854 3774 2854 3775 2884 3770 2884 3774 2884 3775 2884 3768 2884 3770 2884 3771 2904 3768 2904 3775 2904 3772 8 3771 8 3775 8 3770 10 3769 10 3774 10 3769 10 3773 10 3774 10 3776 2731 3777 2731 3778 2731 3776 2731 3779 2731 3777 2731 3777 2780 3780 2780 3781 2780 3779 2791 3780 2791 3777 2791 3780 2837 3782 2837 3781 2837 3780 2762 3783 2762 3782 2762 3783 2784 3778 2784 3782 2784 3783 2784 3776 2784 3778 2784 3779 2782 3776 2782 3783 2782 3780 2808 3779 2808 3783 2808 3778 10 3777 10 3782 10 3777 10 3781 10 3782 10 3784 2876 3785 2876 3786 2876 3787 98 3785 98 3784 98 3786 2791 3788 2791 3789 2791 3785 2791 3788 2791 3786 2791 3788 2736 3790 2736 3789 2736 3788 2736 3791 2736 3790 2736 3791 2800 3784 2800 3790 2800 3791 1472 3787 1472 3784 1472 3785 2875 3787 2875 3791 2875 3788 8 3785 8 3791 8 3784 10 3786 10 3790 10 3786 10 3789 10 3790 10 3792 2891 3793 2891 3794 2891 3795 2905 3793 2905 3792 2905 3794 2780 3796 2780 3797 2780 3793 2893 3796 2893 3794 2893 3796 2906 3798 2906 3797 2906 3796 2873 3799 2873 3798 2873 3798 2907 3795 2907 3792 2907 3799 2908 3795 2908 3798 2908 3793 2909 3795 2909 3799 2909 3796 8 3793 8 3799 8 3792 10 3794 10 3798 10 3794 10 3797 10 3798 10 3800 2849 3801 2849 3802 2849 3803 2731 3801 2731 3800 2731 3801 2853 3804 2853 3802 2853 3801 2910 3805 2910 3804 2910 3805 2736 3806 2736 3804 2736 3805 2845 3807 2845 3806 2845 3806 2784 3803 2784 3800 2784 3807 2784 3803 2784 3806 2784 3801 2786 3803 2786 3807 2786 3805 8 3801 8 3807 8 3800 10 3802 10 3806 10 3802 10 3804 10 3806 10 3808 1826 3809 1826 3810 1826 3808 2842 3811 2842 3809 2842 3809 2853 3812 2853 3813 2853 3811 2910 3812 2910 3809 2910 3813 2874 3814 2874 3815 2874 3812 2906 3814 2906 3813 2906 3815 2784 3808 2784 3810 2784 3814 2784 3808 2784 3815 2784 3811 2818 3808 2818 3814 2818 3812 8 3811 8 3814 8 3810 10 3809 10 3815 10 3809 10 3813 10 3815 10 3816 98 3817 98 3818 98 3816 98 3819 98 3817 98 3819 2791 3820 2791 3817 2791 3819 2780 3821 2780 3820 2780 3821 2755 3822 2755 3820 2755 3821 2873 3823 2873 3822 2873 3822 2911 3816 2911 3818 2911 3823 2784 3816 2784 3822 2784 3819 2774 3816 2774 3823 2774 3821 8 3819 8 3823 8 3818 10 3817 10 3822 10 3817 10 3820 10 3822 10 3824 1826 3825 1826 3826 1826 3824 2842 3827 2842 3825 2842 3825 2883 3828 2883 3829 2883 3827 2883 3828 2883 3825 2883 3829 2817 3830 2817 3831 2817 3828 2721 3830 2721 3829 2721 3831 2884 3824 2884 3826 2884 3830 2884 3824 2884 3831 2884 3827 2912 3824 2912 3830 2912 3828 8 3827 8 3830 8 3826 10 3825 10 3831 10 3825 10 3829 10 3831 10 3832 2882 3833 2882 3834 2882 3832 1816 3835 1816 3833 1816 3835 2886 3836 2886 3833 2886 3835 2913 3837 2913 3836 2913 3837 2887 3838 2887 3836 2887 3837 2914 3839 2914 3838 2914 3838 2911 3832 2911 3834 2911 3839 2773 3832 2773 3838 2773 3835 2915 3832 2915 3839 2915 3837 2916 3835 2916 3839 2916 3834 10 3833 10 3838 10 3833 10 3836 10 3838 10 3840 2867 3841 2867 3842 2867 3840 2917 3843 2917 3841 2917 3841 2890 3844 2890 3845 2890 3843 2890 3844 2890 3841 2890 3844 2721 3846 2721 3845 2721 3844 2861 3847 2861 3846 2861 3847 2800 3842 2800 3846 2800 3847 2800 3840 2800 3842 2800 3843 2894 3840 2894 3847 2894 3844 8 3843 8 3847 8 3842 10 3841 10 3846 10 3841 10 3845 10 3846 10 3848 2825 3849 2825 3850 2825 3851 2867 3849 2867 3848 2867 3850 2877 3852 2877 3853 2877 3849 2883 3852 2883 3850 2883 3852 2861 3854 2861 3853 2861 3852 2721 3855 2721 3854 2721 3855 1472 3848 1472 3854 1472 3855 2800 3851 2800 3848 2800 3849 2826 3851 2826 3855 2826 3852 8 3849 8 3855 8 3848 10 3850 10 3854 10 3850 10 3853 10 3854 10 3856 2892 3857 2892 3858 2892 3856 2918 3859 2918 3857 2918 3857 2919 3860 2919 3861 2919 3859 2919 3860 2919 3857 2919 3860 2721 3862 2721 3861 2721 3860 2861 3863 2861 3862 2861 3863 2911 3858 2911 3862 2911 3863 2784 3856 2784 3858 2784 3859 1828 3856 1828 3863 1828 3860 8 3859 8 3863 8 3858 10 3857 10 3862 10 3857 10 3861 10 3862 10 3864 2920 3865 2920 3866 2920 3867 2920 3865 2920 3864 2920 3866 2877 3868 2877 3869 2877 3865 2883 3868 2883 3866 2883 3868 2817 3870 2817 3869 2817 3868 2817 3871 2817 3870 2817 3871 2897 3864 2897 3870 2897 3871 1295 3867 1295 3864 1295 3865 1828 3867 1828 3871 1828 3868 8 3865 8 3871 8 3864 10 3866 10 3870 10 3866 10 3869 10 3870 10 3872 2849 3873 2849 3874 2849 3875 2731 3873 2731 3872 2731 3874 2780 3876 2780 3877 2780 3873 2780 3876 2780 3874 2780 3876 2871 3878 2871 3877 2871 3876 2762 3879 2762 3878 2762 3878 2784 3875 2784 3872 2784 3879 2784 3875 2784 3878 2784 3873 2782 3875 2782 3879 2782 3876 2725 3873 2725 3879 2725 3872 10 3874 10 3878 10 3874 10 3877 10 3878 10 3880 2921 3881 2921 3882 2921 3880 2849 3883 2849 3881 2849 3881 2922 3884 2922 3885 2922 3883 2893 3884 2893 3881 2893 3884 2762 3886 2762 3885 2762 3884 2871 3887 2871 3886 2871 3886 2773 3880 2773 3882 2773 3887 2911 3880 2911 3886 2911 3883 2923 3880 2923 3887 2923 3884 2924 3883 2924 3887 2924 3882 10 3881 10 3886 10 3881 10 3885 10 3886 10 3888 2925 3889 2925 3890 2925 3891 2926 3889 2926 3888 2926 3890 2913 3892 2913 3893 2913 3889 2913 3892 2913 3890 2913 3893 2871 3894 2871 3895 2871 3892 2762 3894 2762 3893 2762 3895 2773 3891 2773 3888 2773 3894 2784 3891 2784 3895 2784 3889 2774 3891 2774 3894 2774 3892 8 3889 8 3894 8 3888 10 3890 10 3895 10 3890 10 3893 10 3895 10 3896 2849 3897 2849 3898 2849 3896 2927 3899 2927 3897 2927 3897 2893 3900 2893 3901 2893 3899 2791 3900 2791 3897 2791 3900 2928 3902 2928 3901 2928 3900 2837 3903 2837 3902 2837 3902 2773 3896 2773 3898 2773 3903 2784 3896 2784 3902 2784 3899 2729 3896 2729 3903 2729 3900 2929 3899 2929 3903 2929 3898 10 3897 10 3902 10 3897 10 3901 10 3902 10 3904 99 3905 99 3906 99 3907 99 3905 99 3904 99 3906 2919 3908 2919 3909 2919 3905 2853 3908 2853 3906 2853 3909 2736 3910 2736 3911 2736 3908 2854 3910 2854 3909 2854 3911 2800 3907 2800 3904 2800 3910 2800 3907 2800 3911 2800 3905 2818 3907 2818 3910 2818 3908 8 3905 8 3910 8 3904 10 3906 10 3911 10 3906 10 3909 10 3911 10 3912 2849 3913 2849 3914 2849 3912 2927 3915 2927 3913 2927 3913 2791 3916 2791 3917 2791 3915 2780 3916 2780 3913 2780 3916 2762 3918 2762 3917 2762 3916 2837 3919 2837 3918 2837 3918 2773 3912 2773 3914 2773 3919 2784 3912 2784 3918 2784 3915 2930 3912 2930 3919 2930 3916 2805 3915 2805 3919 2805 3914 10 3913 10 3918 10 3913 10 3917 10 3918 10 3920 2860 3921 2860 3922 2860 3920 99 3923 99 3921 99 3921 2919 3924 2919 3925 2919 3923 2853 3924 2853 3921 2853 3924 2854 3926 2854 3925 2854 3924 2736 3927 2736 3926 2736 3926 2800 3920 2800 3922 2800 3927 1472 3920 1472 3926 1472 3923 2797 3920 2797 3927 2797 3924 8 3923 8 3927 8 3922 10 3921 10 3926 10 3921 10 3925 10 3926 10 3928 2842 3929 2842 3930 2842 3931 99 3929 99 3928 99 3930 2864 3932 2864 3933 2864 3929 2910 3932 2910 3930 2910 3932 2845 3934 2845 3933 2845 3932 2854 3935 2854 3934 2854 3934 2800 3931 2800 3928 2800 3935 2897 3931 2897 3934 2897 3929 2724 3931 2724 3935 2724 3932 8 3929 8 3935 8 3928 10 3930 10 3934 10 3930 10 3933 10 3934 10 3936 2876 3937 2876 3938 2876 3936 98 3939 98 3937 98 3937 2791 3940 2791 3941 2791 3939 2903 3940 2903 3937 2903 3940 2762 3942 2762 3941 2762 3940 2762 3943 2762 3942 2762 3942 2856 3936 2856 3938 2856 3943 1284 3936 1284 3942 1284 3939 1833 3936 1833 3943 1833 3940 2821 3939 2821 3943 2821 3938 10 3937 10 3942 10 3937 10 3941 10 3942 10 3944 99 3945 99 3946 99 3944 99 3947 99 3945 99 3945 2864 3948 2864 3949 2864 3947 2864 3948 2864 3945 2864 3948 2736 3950 2736 3949 2736 3948 2736 3951 2736 3950 2736 3950 1472 3944 1472 3946 1472 3951 1472 3944 1472 3950 1472 3947 1837 3944 1837 3951 1837 3948 8 3947 8 3951 8 3946 10 3945 10 3950 10 3945 10 3949 10 3950 10 3952 1816 3953 1816 3954 1816 3955 98 3953 98 3952 98 3954 2791 3956 2791 3957 2791 3953 2903 3956 2903 3954 2903 3956 2928 3958 2928 3957 2928 3956 2762 3959 2762 3958 2762 3958 1284 3955 1284 3952 1284 3959 1494 3955 1494 3958 1494 3953 1833 3955 1833 3959 1833 3956 2725 3953 2725 3959 2725 3952 10 3954 10 3958 10 3954 10 3957 10 3958 10 3960 98 3961 98 3962 98 3960 98 3963 98 3961 98 3961 2877 3964 2877 3965 2877 3963 2877 3964 2877 3961 2877 3964 2878 3966 2878 3965 2878 3964 2878 3967 2878 3966 2878 3966 1342 3960 1342 3962 1342 3967 1284 3960 1284 3966 1284 3963 1823 3960 1823 3967 1823 3964 8 3963 8 3967 8 3962 10 3961 10 3966 10 3961 10 3965 10 3966 10 3968 99 3969 99 3970 99 3971 2902 3969 2902 3968 2902 3969 2877 3972 2877 3970 2877 3969 2890 3973 2890 3972 2890 3973 2878 3974 2878 3972 2878 3973 2878 3975 2878 3974 2878 3974 1484 3971 1484 3968 1484 3975 1472 3971 1472 3974 1472 3969 2844 3971 2844 3975 2844 3973 8 3969 8 3975 8 3968 10 3970 10 3974 10 3970 10 3972 10 3974 10 3976 98 3977 98 3978 98 3976 98 3979 98 3977 98 3977 2791 3980 2791 3981 2791 3979 2791 3980 2791 3977 2791 3981 2931 3982 2931 3983 2931 3980 2931 3982 2931 3981 2931 3983 1364 3976 1364 3978 1364 3982 1289 3976 1289 3983 1289 3979 2885 3976 2885 3982 2885 3980 8 3979 8 3982 8 3978 10 3977 10 3983 10 3977 10 3981 10 3983 10 3984 99 3985 99 3986 99 3987 99 3985 99 3984 99 3986 2877 3988 2877 3989 2877 3985 2877 3988 2877 3986 2877 3988 2932 3990 2932 3989 2932 3988 2878 3991 2878 3990 2878 3991 1472 3984 1472 3990 1472 3991 1295 3987 1295 3984 1295 3985 1851 3987 1851 3991 1851 3988 8 3985 8 3991 8 3984 10 3986 10 3990 10 3986 10 3989 10 3990 10 3992 2879 3993 2879 3994 2879 3992 2879 3995 2879 3993 2879 3993 2922 3996 2922 3997 2922 3995 2903 3996 2903 3993 2903 3996 2762 3998 2762 3997 2762 3996 2762 3999 2762 3998 2762 3999 1525 3994 1525 3998 1525 3999 1525 3992 1525 3994 1525 3995 2741 3992 2741 3999 2741 3996 2808 3995 2808 3999 2808 3994 10 3993 10 3998 10 3993 10 3997 10 3998 10 4000 2879 4001 2879 4002 2879 4003 2879 4001 2879 4000 2879 4002 2919 4004 2919 4005 2919 4001 2864 4004 2864 4002 2864 4004 2736 4006 2736 4005 2736 4004 2736 4007 2736 4006 2736 4007 1525 4000 1525 4006 1525 4007 1289 4003 1289 4000 1289 4001 2912 4003 2912 4007 2912 4004 8 4001 8 4007 8 4000 10 4002 10 4006 10 4002 10 4005 10 4006 10 4008 99 4009 99 4010 99 4008 1826 4011 1826 4009 1826 4009 2933 4012 2933 4013 2933 4011 2890 4012 2890 4009 2890 4012 2736 4014 2736 4013 2736 4012 2736 4015 2736 4014 2736 4014 2934 4008 2934 4010 2934 4015 1630 4008 1630 4014 1630 4011 2935 4008 2935 4015 2935 4012 8 4011 8 4015 8 4010 10 4009 10 4014 10 4009 10 4013 10 4014 10 4016 2879 4017 2879 4018 2879 4019 2918 4017 2918 4016 2918 4018 2903 4020 2903 4021 2903 4017 2791 4020 2791 4018 2791 4020 2762 4022 2762 4021 2762 4020 2928 4023 2928 4022 2928 4022 1525 4019 1525 4016 1525 4023 1289 4019 1289 4022 1289 4017 2936 4019 2936 4023 2936 4020 2808 4017 2808 4023 2808 4016 10 4018 10 4022 10 4018 10 4021 10 4022 10 4024 2902 4025 2902 4026 2902 4024 99 4027 99 4025 99 4025 2864 4028 2864 4029 2864 4027 2864 4028 2864 4025 2864 4028 2736 4030 2736 4029 2736 4028 2736 4031 2736 4030 2736 4030 1472 4024 1472 4026 1472 4031 1295 4024 1295 4030 1295 4027 2724 4024 2724 4031 2724 4028 8 4027 8 4031 8 4026 10 4025 10 4030 10 4025 10 4029 10 4030 10 4032 1816 4033 1816 4034 1816 4032 98 4035 98 4033 98 4033 2791 4036 2791 4037 2791 4035 2937 4036 2937 4033 2937 4036 2762 4038 2762 4037 2762 4036 2762 4039 2762 4038 2762 4038 1494 4032 1494 4034 1494 4039 1284 4032 1284 4038 1284 4035 2857 4032 2857 4039 2857 4036 2938 4035 2938 4039 2938 4034 10 4033 10 4038 10 4033 10 4037 10 4038 10 4040 2918 4041 2918 4042 2918 4040 2879 4043 2879 4041 2879 4041 2791 4044 2791 4045 2791 4043 2791 4044 2791 4041 2791 4044 2928 4046 2928 4045 2928 4044 2762 4047 2762 4046 2762 4046 1525 4040 1525 4042 1525 4047 1525 4040 1525 4046 1525 4043 2939 4040 2939 4047 2939 4044 2808 4043 2808 4047 2808 4042 10 4041 10 4046 10 4041 10 4045 10 4046 10 4048 28 4049 28 4050 28 4051 29 4049 29 4048 29 4049 30 4052 30 4050 30 4049 61 4053 61 4052 61 4052 52 4054 52 4055 52 4053 23 4054 23 4052 23 4054 67 4048 67 4055 67 4054 68 4051 68 4048 68 4049 8 4051 8 4054 8 4049 27 4054 27 4053 27 4055 10 4050 10 4052 10 4048 10 4050 10 4055 10 4056 0 4057 0 4058 0 4059 1 4057 1 4056 1 4058 2940 4060 2940 4061 2940 4057 3 4060 3 4058 3 4060 2941 4062 2941 4061 2941 4060 2942 4063 2942 4062 2942 4062 203 4059 203 4056 203 4063 202 4059 202 4062 202 4059 2943 4063 2943 4060 2943 4059 9 4060 9 4057 9 4062 10 4056 10 4061 10 4061 10 4056 10 4058 10 4064 2944 4065 2944 4066 2944 4067 2944 4065 2944 4064 2944 4066 2 4068 2 4069 2 4065 3 4068 3 4066 3 4069 2945 4070 2945 4071 2945 4068 2946 4070 2946 4069 2946 4070 203 4064 203 4071 203 4070 2947 4067 2947 4064 2947 4067 2948 4070 2948 4068 2948 4067 2949 4068 2949 4065 2949 4071 10 4064 10 4069 10 4069 10 4064 10 4066 10 4072 2950 4073 2950 4074 2950 4075 2950 4073 2950 4072 2950 4074 231 4076 231 4077 231 4073 3 4076 3 4074 3 4077 5 4078 5 4079 5 4076 201 4078 201 4077 201 4078 203 4072 203 4079 203 4078 2947 4075 2947 4072 2947 4075 8 4078 8 4076 8 4075 2951 4076 2951 4073 2951 4079 10 4072 10 4077 10 4077 10 4072 10 4074 10 4080 2950 4081 2950 4082 2950 4083 2950 4081 2950 4080 2950 4081 3 4084 3 4082 3 4081 2 4085 2 4084 2 4085 201 4086 201 4084 201 4085 5 4087 5 4086 5 4087 202 4080 202 4086 202 4087 203 4083 203 4080 203 4081 8 4087 8 4085 8 4083 8 4087 8 4081 8 4086 10 4082 10 4084 10 4086 10 4080 10 4082 10 4088 2950 4089 2950 4090 2950 4091 2950 4089 2950 4088 2950 4089 2 4092 2 4090 2 4089 3 4093 3 4092 3 4093 5 4094 5 4092 5 4093 201 4095 201 4094 201 4095 202 4088 202 4094 202 4095 203 4091 203 4088 203 4091 8 4095 8 4093 8 4091 2951 4093 2951 4089 2951 4094 10 4090 10 4092 10 4094 10 4088 10 4090 10 4096 2950 4097 2950 4098 2950 4099 2950 4097 2950 4096 2950 4098 231 4100 231 4101 231 4097 3 4100 3 4098 3 4101 201 4102 201 4103 201 4100 5 4102 5 4101 5 4102 2947 4096 2947 4103 2947 4102 203 4099 203 4096 203 4099 8 4102 8 4100 8 4099 2951 4100 2951 4097 2951 4103 10 4096 10 4101 10 4101 10 4096 10 4098 10</p>
        </triangles>
      </mesh>
    </geometry>
  </library_geometries>
  <library_visual_scenes>
    <visual_scene id="Scene" name="Scene">
      <node id="node0_001" name="node0.001" type="NODE">
        <matrix sid="transform">0.9989942 0.04483992 0 0 -0.04483992 0.9989942 0 0 0 0 1 0 0 0 0 1</matrix>
        <instance_geometry url="#Compound_001-mesh" name="node0.001">
          <bind_material>
            <technique_common>
              <instance_material symbol="Compound_001-material" target="#Compound_001-material"/>
            </technique_common>
          </bind_material>
        </instance_geometry>
      </node>
    </visual_scene>
  </library_visual_scenes>
  <scene>
    <instance_visual_scene url="#Scene"/>
  </scene>
</COLLADA>