<?xml version="1.0" encoding="utf-8"?>
<COLLADA xmlns="http://www.collada.org/2005/11/COLLADASchema" version="1.4.1" xmlns:xsi="http://www.w3.org/2001/XMLSchema-instance">
  <asset>
    <contributor>
      <author>Blender User</author>
      <authoring_tool>Blender 3.0.1</authoring_tool>
    </contributor>
    <created>2024-04-23T15:18:49</created>
    <modified>2024-04-23T15:18:49</modified>
    <unit name="meter" meter="1"/>
    <up_axis>Z_UP</up_axis>
  </asset>
  <library_cameras>
    <camera id="Camera-camera" name="Camera">
      <optics>
        <technique_common>
          <perspective>
            <xfov sid="xfov">39.59775</xfov>
            <aspect_ratio>1.777778</aspect_ratio>
            <znear sid="znear">0.1</znear>
            <zfar sid="zfar">100</zfar>
          </perspective>
        </technique_common>
      </optics>
      <extra>
        <technique profile="blender">
          <shiftx sid="shiftx" type="float">0</shiftx>
          <shifty sid="shifty" type="float">0</shifty>
          <dof_distance sid="dof_distance" type="float">10</dof_distance>
        </technique>
      </extra>
    </camera>
  </library_cameras>
  <library_lights>
    <light id="Light-light" name="Light">
      <technique_common>
        <point>
          <color sid="color">1000 1000 1000</color>
          <constant_attenuation>1</constant_attenuation>
          <linear_attenuation>0</linear_attenuation>
          <quadratic_attenuation>0.00111109</quadratic_attenuation>
        </point>
      </technique_common>
      <extra>
        <technique profile="blender">
          <type sid="type" type="int">0</type>
          <flag sid="flag" type="int">0</flag>
          <mode sid="mode" type="int">1</mode>
          <gamma sid="blender_gamma" type="float">1</gamma>
          <red sid="red" type="float">1</red>
          <green sid="green" type="float">1</green>
          <blue sid="blue" type="float">1</blue>
          <shadow_r sid="blender_shadow_r" type="float">0</shadow_r>
          <shadow_g sid="blender_shadow_g" type="float">0</shadow_g>
          <shadow_b sid="blender_shadow_b" type="float">0</shadow_b>
          <energy sid="blender_energy" type="float">1000</energy>
          <dist sid="blender_dist" type="float">29.99998</dist>
          <spotsize sid="spotsize" type="float">75</spotsize>
          <spotblend sid="spotblend" type="float">0.15</spotblend>
          <att1 sid="att1" type="float">0</att1>
          <att2 sid="att2" type="float">1</att2>
          <falloff_type sid="falloff_type" type="int">2</falloff_type>
          <clipsta sid="clipsta" type="float">0.04999995</clipsta>
          <clipend sid="clipend" type="float">30.002</clipend>
          <bias sid="bias" type="float">1</bias>
          <soft sid="soft" type="float">3</soft>
          <bufsize sid="bufsize" type="int">2880</bufsize>
          <samp sid="samp" type="int">3</samp>
          <buffers sid="buffers" type="int">1</buffers>
          <area_shape sid="area_shape" type="int">1</area_shape>
          <area_size sid="area_size" type="float">0.1</area_size>
          <area_sizey sid="area_sizey" type="float">0.1</area_sizey>
          <area_sizez sid="area_sizez" type="float">1</area_sizez>
        </technique>
      </extra>
    </light>
  </library_lights>
  <library_effects>
    <effect id="Compound-effect">
      <profile_COMMON>
        <technique sid="common">
          <lambert>
            <emission>
              <color sid="emission">0 0 0 1</color>
            </emission>
            <diffuse>
              <color sid="diffuse">0.8 0.8 0.8 1</color>
            </diffuse>
            <index_of_refraction>
              <float sid="ior">1.45</float>
            </index_of_refraction>
          </lambert>
        </technique>
      </profile_COMMON>
    </effect>
  </library_effects>
  <library_images/>
  <library_materials>
    <material id="Compound-material" name="Compound">
      <instance_effect url="#Compound-effect"/>
    </material>
  </library_materials>
  <library_geometries>
    <geometry id="Compound-mesh" name="Compound">
      <mesh>
        <source id="Compound-mesh-positions">
          <float_array id="Compound-mesh-positions-array" count="12312">41.97423 81.03646 0 42.07632 80.19261 0.04999995 42.07632 80.19261 0 41.97423 81.03646 0.04999995 39.725 79.90814 0 39.725 79.90814 0.04999995 39.62291 80.75198 0.04999995 39.62291 80.75198 0 164.6372 99.96542 0 165.4815 100.0639 0.00999999 165.4815 100.0639 0 164.6372 99.96542 0.00999999 165.7596 97.67959 0 165.7596 97.67959 0.00999999 164.9153 97.58111 0.00999999 164.9153 97.58111 0 165.5018 100.0617 0.00999999 166.3461 100.1602 0 165.5018 100.0617 0 166.3461 100.1602 0.00999999 166.6242 97.77585 0 166.6242 97.77585 0.00999999 165.78 97.67737 0.00999999 165.78 97.67737 0 166.3665 100.1579 0 167.2108 100.2564 0.00999999 167.2108 100.2564 0 166.3665 100.1579 0.00999999 167.4889 97.87211 0.00999999 167.4889 97.87211 0 166.6446 97.77362 0.00999999 166.6446 97.77362 0 167.2312 100.2542 0 168.0754 100.3527 0.00999999 168.0754 100.3527 0 167.2312 100.2542 0.00999999 168.3536 97.96837 0 168.3536 97.96837 0.00999999 167.5093 97.86988 0.00999999 167.5093 97.86988 0 168.0958 100.3504 0 168.9401 100.4489 0.00999999 168.9401 100.4489 0 168.0958 100.3504 0.00999999 169.2182 98.06463 0 169.2182 98.06463 0.00999999 168.3739 97.96614 0 168.3739 97.96614 0.00999999 168.9605 100.4467 0 169.8048 100.5452 0.00999999 169.8048 100.5452 0 168.9605 100.4467 0.00999999 170.0829 98.16088 0.00999999 170.0829 98.16088 0 169.2386 98.0624 0.00999999 169.2386 98.0624 0 169.8251 100.543 0 170.6694 100.6414 0.00999999 170.6694 100.6414 0 169.8251 100.543 0.00999999 170.9475 98.25714 0 170.9475 98.25714 0.00999999 170.1033 98.15866 0.00999999 170.1033 98.15866 0 170.6898 100.6392 0 171.5341 100.7377 0.00999999 171.5341 100.7377 0 170.6898 100.6392 0.00999999 171.8122 98.35339 0 171.8122 98.35339 0.00999999 170.9679 98.25491 0 170.9679 98.25491 0.00999999 171.5545 100.7355 0 172.3987 100.834 0.00999999 172.3987 100.834 0 171.5545 100.7355 0.00999999 172.6769 98.44965 0.00999999 172.6769 98.44965 0 171.8326 98.35116 0 171.8326 98.35116 0.00999999 172.4191 100.8317 0 173.2634 100.9302 0.00999999 173.2634 100.9302 0 172.4191 100.8317 0.00999999 173.5415 98.54591 0 173.5415 98.54591 0.00999999 172.6972 98.44742 0.00999999 172.6972 98.44742 0 173.2838 100.928 0 174.128 101.0265 0.00999999 174.128 101.0265 0 173.2838 100.928 0.00999999 174.4062 98.64216 0 174.4062 98.64216 0.00999999 173.5619 98.54368 0.00999999 173.5619 98.54368 0 174.1484 101.0242 0 174.9927 101.1227 0.00999999 174.9927 101.1227 0 174.1484 101.0242 0.00999999 175.2708 98.73842 0.00999999 175.2708 98.73842 0 174.4266 98.63994 0 174.4266 98.63994 0.00999999 175.0131 101.1205 0 175.8574 101.219 0.00999999 175.8574 101.219 0 175.0131 101.1205 0.00999999 176.1355 98.83468 0 176.1355 98.83468 0.00999999 175.2912 98.7362 0.00999999 175.2912 98.7362 0 175.8777 101.2168 0 176.722 101.3152 0.00999999 176.722 101.3152 0 175.8777 101.2168 0.00999999 177.0001 98.93093 0 177.0001 98.93093 0.00999999 176.1559 98.83245 0.00999999 176.1559 98.83245 0 176.7424 101.313 0 177.5867 101.4115 0.00999999 177.5867 101.4115 0 176.7424 101.313 0.00999999 177.8648 99.02719 0.00999999 177.8648 99.02719 0 177.0205 98.9287 0.00999999 177.0205 98.9287 0 177.6071 101.4093 0 178.4513 101.5078 0.00999999 178.4513 101.5078 0 177.6071 101.4093 0.00999999 178.7295 99.12345 0.00999999 178.7295 99.12345 0 177.8852 99.02496 0 177.8852 99.02496 0.00999999 178.4717 101.5055 0 179.316 101.604 0.00999999 179.316 101.604 0 178.4717 101.5055 0.00999999 179.5941 99.2197 0 179.5941 99.2197 0.00999999 178.7498 99.12122 0.00999999 178.7498 99.12122 0 179.3364 101.6018 0 180.1807 101.7003 0.00999999 180.1807 101.7003 0 179.3364 101.6018 0.00999999 180.4588 99.31596 0.00999999 180.4588 99.31596 0 179.6145 99.21748 0.00999999 179.6145 99.21748 0 180.201 101.698 0.00999999 181.0453 101.7965 0 180.201 101.698 0 181.0453 101.7965 0.00999999 181.3234 99.41222 0.00999999 181.3234 99.41222 0 180.4792 99.31373 0.00999999 180.4792 99.31373 0 181.0657 101.7943 0.00999999 181.91 101.8928 0 181.0657 101.7943 0 181.91 101.8928 0.00999999 182.1881 99.50848 0 182.1881 99.50848 0.00999999 181.3438 99.40999 0.00999999 181.3438 99.40999 0 181.9304 101.8906 0.00999999 182.7746 101.989 0 181.9304 101.8906 0 182.7746 101.989 0.00999999 183.0528 99.60473 0 183.0528 99.60473 0.00999999 182.2085 99.50624 0 182.2085 99.50624 0.00999999 182.795 101.9868 0.00999999 183.6393 102.0853 0 182.795 101.9868 0 183.6393 102.0853 0.00999999 183.9174 99.70098 0.00999999 183.9174 99.70098 0 183.0731 99.6025 0 183.0731 99.6025 0.00999999 183.6597 102.0831 0.00999999 184.504 102.1816 0 183.6597 102.0831 0 184.504 102.1816 0.00999999 184.7821 99.79724 0 184.7821 99.79724 0.00999999 183.9378 99.69876 0.00999999 183.9378 99.69876 0 184.5243 102.1793 0.00999999 185.3686 102.2778 0 184.5243 102.1793 0 185.3686 102.2778 0.00999999 185.6467 99.8935 0 185.6467 99.8935 0.00999999 184.8025 99.79502 0 184.8025 99.79502 0.00999999 185.389 102.2756 0.00999999 186.2333 102.3741 0 185.389 102.2756 0 186.2333 102.3741 0.00999999 186.5114 99.98976 0.00999999 186.5114 99.98976 0 185.6671 99.89127 0 185.6671 99.89127 0.00999999 2.812053 23.49138 0 2.644492 26.67585 0.04999995 2.644492 26.67585 0 2.812053 23.49138 0.04999995 3.488177 26.77927 0 3.488177 26.77927 0.04999995 3.655738 23.59481 0.04999995 3.655738 23.59481 0 3.851272 0.2904279 0 0.03926092 0.1143535 0.04999995 0.03926092 0.1143535 0 3.851272 0.2904279 0.04999995 0 0.9643535 0 0 0.9643535 0.04999995 3.812011 1.140428 0 3.812011 1.140428 0.04999995 3.81113 1.159501 0.04999995 -8.8099e-4 0.9834269 0 3.81113 1.159501 0 -8.8099e-4 0.9834269 0.04999995 -0.04014194 1.833427 0 -0.04014194 1.833427 0.04999995 3.771869 2.009501 0 3.771869 2.009501 0.04999995 3.770988 2.028575 0 -0.04102289 1.8525 0.04999995 -0.04102289 1.8525 0 3.770988 2.028575 0.04999995 -0.08028388 2.7025 0 -0.08028388 2.7025 0.04999995 3.731727 2.878575 0.04999995 3.731727 2.878575 0 3.730846 2.897648 0 -0.08116489 2.721574 0.04999995 -0.08116489 2.721574 0 3.730846 2.897648 0.04999995 -0.1204259 3.571574 0 -0.1204259 3.571574 0.04999995 3.691585 3.747648 0 3.691585 3.747648 0.04999995 3.690704 3.766722 0 -0.1213069 3.590647 0.04999995 -0.1213069 3.590647 0 3.690704 3.766722 0.04999995 -0.1605678 4.440647 0 -0.1605678 4.440647 0.04999995 3.651443 4.616722 0 3.651443 4.616722 0.04999995 3.650562 4.635795 0 -0.1614488 4.459721 0.04999995 -0.1614488 4.459721 0 3.650562 4.635795 0.04999995 -0.2007098 5.309721 0 -0.2007098 5.309721 0.04999995 3.611301 5.485795 0.04999995 3.611301 5.485795 0 3.61042 5.504869 0 -0.2015908 5.328794 0.04999995 -0.2015908 5.328794 0 3.61042 5.504869 0.04999995 -0.2408518 6.178794 0 -0.2408518 6.178794 0.04999995 3.571159 6.354869 0 3.571159 6.354869 0.04999995 3.570278 6.373942 0 -0.2417327 6.197868 0.04999995 -0.2417327 6.197868 0 3.570278 6.373942 0.04999995 -0.2809937 7.047868 0 -0.2809937 7.047868 0.04999995 3.531017 7.223942 0.04999995 3.531017 7.223942 0 3.530136 7.243015 0.04999995 -0.2818747 7.066941 0 3.530136 7.243015 0 -0.2818747 7.066941 0.04999995 -0.3211357 7.916941 0 -0.3211357 7.916941 0.04999995 3.490875 8.093015 0 3.490875 8.093015 0.04999995 3.489994 8.11209 0 -0.3220167 7.936014 0.04999995 -0.3220167 7.936014 0 3.489994 8.11209 0.04999995 -0.3612776 8.786015 0 -0.3612776 8.786015 0.04999995 3.450733 8.962089 0 3.450733 8.962089 0.04999995 3.449852 8.981163 0.04999995 -0.3621586 8.805088 0 3.449852 8.981163 0 -0.3621586 8.805088 0.04999995 -0.4014196 9.655089 0 -0.4014196 9.655089 0.04999995 3.410591 9.831162 0.04999995 3.410591 9.831162 0 3.40971 9.850235 0 -0.4023006 9.674161 0.04999995 -0.4023006 9.674161 0 3.40971 9.850235 0.04999995 -0.4415616 10.52416 0 -0.4415616 10.52416 0.04999995 3.370449 10.70024 0.04999995 3.370449 10.70024 0 3.369568 10.71931 0 -0.4424425 10.54323 0.04999995 -0.4424425 10.54323 0 3.369568 10.71931 0.04999995 -0.4817035 11.39323 0 -0.4817035 11.39323 0.04999995 3.330307 11.56931 0.04999995 3.330307 11.56931 0 3.329426 11.58838 0.04999995 -0.4825845 11.41231 0 3.329426 11.58838 0 -0.4825845 11.41231 0.04999995 -0.5218455 12.26231 0 -0.5218455 12.26231 0.04999995 3.290165 12.43838 0.04999995 3.290165 12.43838 0 3.289284 12.45746 0 -0.5227264 12.28138 0.04999995 -0.5227264 12.28138 0 3.289284 12.45746 0.04999995 -0.5619874 13.13138 0 -0.5619874 13.13138 0.04999995 3.250023 13.30746 0 3.250023 13.30746 0.04999995 3.249142 13.32653 0 -0.5628684 13.15046 0.04999995 -0.5628684 13.15046 0 3.249142 13.32653 0.04999995 -0.6021294 14.00046 0 -0.6021294 14.00046 0.04999995 3.209881 14.17653 0.04999995 3.209881 14.17653 0 3.209 14.1956 0 -0.6030104 14.01953 0.04999995 -0.6030104 14.01953 0 3.209 14.1956 0.04999995 -0.6422714 14.86953 0 -0.6422714 14.86953 0.04999995 3.16974 15.0456 0.04999995 3.16974 15.0456 0 3.168858 15.06468 0 -0.6431523 14.8886 0.04999995 -0.6431523 14.8886 0 3.168858 15.06468 0.04999995 -0.6824133 15.7386 0 -0.6824133 15.7386 0.04999995 3.129598 15.91468 0 3.129598 15.91468 0.04999995 3.128717 15.93375 0 -0.6832943 15.75767 0.04999995 -0.6832943 15.75767 0 3.128717 15.93375 0.04999995 -0.7225553 16.60768 0 -0.7225553 16.60768 0.04999995 3.089456 16.78375 0 3.089456 16.78375 0.04999995 3.088575 16.80282 0 -0.7234363 16.62675 0.04999995 -0.7234363 16.62675 0 3.088575 16.80282 0.04999995 -0.7626972 17.47675 0 -0.7626972 17.47675 0.04999995 3.049314 17.65282 0 3.049314 17.65282 0.04999995 3.048433 17.6719 0.04999995 -0.7635782 17.49582 0 3.048433 17.6719 0 -0.7635782 17.49582 0.04999995 -0.8028392 18.34582 0 -0.8028392 18.34582 0.04999995 3.009172 18.5219 0.04999995 3.009172 18.5219 0 3.008291 18.54097 0.04999995 -0.8037202 18.3649 0 3.008291 18.54097 0 -0.8037202 18.3649 0.04999995 -0.8429811 19.2149 0 -0.8429811 19.2149 0.04999995 2.96903 19.39097 0 2.96903 19.39097 0.04999995 2.968149 19.41004 0.04999995 -0.8438621 19.23397 0 2.968149 19.41004 0 -0.8438621 19.23397 0.04999995 -0.8831231 20.08397 0 -0.8831231 20.08397 0.04999995 2.928888 20.26004 0 2.928888 20.26004 0.04999995 2.928007 20.27912 0 -0.8840041 20.10304 0.04999995 -0.8840041 20.10304 0 2.928007 20.27912 0.04999995 -0.9232651 20.95304 0 -0.9232651 20.95304 0.04999995 2.888746 21.12912 0 2.888746 21.12912 0.04999995 40.99156 86.19578 0.00999999 38.99354 85.95405 0.04999995 38.99354 85.95405 0 40.99156 86.19578 0 41.34486 86.23852 0.04999995 41.34486 86.23852 0.00999999 41.34445 86.24195 0.00999999 41.24277 87.08237 0 41.34445 86.24195 0 41.24277 87.08237 0.04999995 38.89145 86.7979 0.04999995 38.89145 86.7979 0 40.99388 86.17591 0.00999999 41.34726 86.21867 0.04999995 41.34726 86.21867 0.00999999 38.99595 85.9342 0 40.99388 86.17591 0 38.99595 85.9342 0.04999995 41.44936 85.37482 0.04999995 41.44936 85.37482 0.00999999 41.09237 85.33163 0.00999999 39.09804 85.09035 0.04999995 39.09804 85.09035 0 41.09237 85.33163 0 41.09468 85.31177 0.00999999 41.45176 85.35497 0.04999995 41.45176 85.35497 0.00999999 39.10044 85.0705 0 41.09468 85.31177 0 39.10044 85.0705 0.04999995 41.55385 84.51113 0.04999995 41.55385 84.51113 0.00999999 41.19317 84.46748 0.00999999 39.20253 84.22665 0.04999995 39.20253 84.22665 0 41.19317 84.46748 0 41.63277 83.85884 0.00999999 41.65834 83.64742 0.04999995 41.65834 83.64742 0 41.63277 83.85884 0 41.55625 84.49127 0.04999995 41.55625 84.49127 0.00999999 39.30702 83.36295 0 39.30702 83.36295 0.04999995 39.20493 84.2068 0.04999995 39.20493 84.2068 0 41.19548 84.44762 0.00999999 41.19548 84.44762 0 41.42341 86.25116 0.00999999 41.42341 86.25116 0 -5.44444e-4 -0.002005338 0 4.011837 0.1416923 0 -0.155203 -0.1740303 0 4.225693 0.015046 0 -3.876449 82.94486 0 -3.492021 76.59287 0 -3.491138 76.5738 0 -3.451794 75.7238 0 -3.450911 75.70473 0 -3.411567 74.85473 0 -3.410685 74.83566 0 -3.371341 73.98566 0 -3.370458 73.96659 0 -3.331114 73.11659 0 -3.330231 73.09752 0 -3.290887 72.24752 0 -3.290004 72.22845 0 -3.25066 71.37845 0 -3.249777 71.35938 0 -3.210433 70.50938 0 -3.20955 70.49031 0 -3.170206 69.64031 0 -3.169323 69.62124 0 -3.129979 68.77124 0 -3.129096 68.75217 0 -3.089752 67.90218 0 -3.08887 67.8831 0 -3.049526 67.03311 0 -3.048643 67.01403 0 -0.9575865 21.6961 0 2.887865 21.14819 0 -0.9241461 20.97212 0 -3.009299 66.16404 0 -3.008416 66.14496 0 -2.969072 65.29497 0 -2.968189 65.27589 0 -2.928845 64.4259 0 -2.927962 64.40682 0 -2.888618 63.55683 0 -2.887735 63.53775 0 -2.848391 62.68776 0 -2.847509 62.66869 0 -2.808165 61.81869 0 -2.807281 61.79962 0 -2.767937 60.94962 0 -2.767055 60.93055 0 -2.727711 60.08055 0 -2.726828 60.06148 0 -2.687484 59.21148 0 -2.686601 59.19241 0 -2.647257 58.34241 0 -2.646374 58.32334 0 -2.60703 57.47334 0 -2.606147 57.45427 0 -2.566803 56.60427 0 -2.56592 56.5852 0 -2.526576 55.7352 0 -2.525694 55.71613 0 -2.48635 54.86613 0 -2.485467 54.84706 0 -2.446123 53.99706 0 -2.44524 53.97799 0 -2.405896 53.128 0 -2.405013 53.10892 0 -0.9631452 21.82213 0 2.848604 21.99819 0 -1.001481 22.69129 0 2.847723 22.01726 0 -0.9639865 21.8412 0 -2.365669 52.25893 0 -2.364786 52.23985 0 -2.325442 51.38986 0 -2.324559 51.37078 0 -2.285215 50.52079 0 -2.284332 50.50171 0 -2.244988 49.65171 0 -2.244105 49.63264 0 -2.204761 48.78265 0 -2.203879 48.76357 0 -2.164535 47.91358 0 -2.163652 47.8945 0 -2.124308 47.04451 0 -2.123425 47.02543 0 -2.084081 46.17544 0 -2.083198 46.15636 0 -2.043854 45.30637 0 -2.042971 45.2873 0 -2.003627 44.4373 0 -2.002744 44.41823 0 -1.9634 43.56823 0 -1.962517 43.54916 0 -1.923173 42.69916 0 -1.922291 42.68009 0 -1.882947 41.83009 0 -1.882064 41.81102 0 -1.84272 40.96102 0 -1.841837 40.94195 0 -1.802493 40.09195 0 -1.80161 40.07288 0 -1.762266 39.22288 0 -1.761383 39.20381 0 2.808462 22.86726 0 -1.039817 23.56044 0 2.807581 22.88634 0 -1.002323 22.71036 0 -1.722039 38.35381 0 -1.721156 38.33474 0 -1.681812 37.48474 0 -1.680929 37.46567 0 -1.641585 36.61567 0 -1.640703 36.5966 0 -1.601359 35.74661 0 -1.600476 35.72753 0 -1.561132 34.87754 0 -1.560249 34.85846 0 -1.520905 34.00846 0 -1.520022 33.98939 0 -1.480678 33.13939 0 -1.479795 33.12032 0 -1.440451 32.27033 0 -1.439568 32.25125 0 -1.400224 31.40126 0 -1.399341 31.38218 0 -1.359997 30.53219 0 -1.359114 30.51311 0 -1.31977 29.66312 0 -1.318888 29.64404 0 -1.279544 28.79405 0 -1.278661 28.77497 0 -1.239317 27.92498 0 -1.238434 27.90591 0 -1.19909 27.05591 0 -1.198207 27.03684 0 -1.158863 26.18684 0 -1.15798 26.16777 0 -1.118636 25.31777 0 -1.117753 25.2987 0 -1.078995 24.44867 0 -1.078153 24.4296 0 -1.040659 23.57952 0 2.245594 35.05336 0 2.285735 34.18429 0 2.325877 33.31522 0 2.366019 32.44614 0 2.206333 35.90336 0 2.246474 35.03429 0 2.286616 34.16522 0 2.326758 33.29614 0 193.669 43.94184 0 3.226717 23.16131 0 141.6929 38.5094 0 2.76832 23.73634 0 2.767439 23.75541 0 86.11577 32.50287 0 193.669 44.22059 0 2.934614 23.40962 0 -3.652046 80.05008 0 0.1590925 80.22611 0 -3.612702 79.20008 0 0.1983535 79.37611 0 0.2407021 83.04409 0 -3.781626 82.84955 0 2.835535 26.75289 0 2.937493 26.86812 0 0.361228 83.08784 0 85.42362 35.74809 0 92.56749 36.51716 0 92.73505 33.33283 0 92.55775 36.51611 0 91.7238 36.41387 0 92.75621 33.32395 0 92.58865 36.50842 0 93.59989 33.42738 0 93.43241 36.61027 0 93.3262 36.59883 0 2.728178 24.60541 0 2.727297 24.62448 0 93.62105 33.4185 0 93.45349 36.60296 0 94.46474 33.52192 0 94.29734 36.70338 0 94.09466 36.68156 0 94.48591 33.51304 0 94.31834 36.6975 0 95.32959 33.61646 0 95.16226 36.79649 0 94.86311 36.76429 0 95.35075 33.60758 0 95.18319 36.79205 0 96.19444 33.71101 0 96.02718 36.88961 0 95.63156 36.84702 0 96.2156 33.70213 0 96.04804 36.88659 0 96.40002 36.92974 0 97.05928 33.80555 0 96.89211 36.98272 0 97.08045 33.79667 0 96.91288 36.98114 0 97.16847 37.01247 0 97.92413 33.9001 0 97.9453 33.89121 0 97.77773 37.07568 0 97.93692 37.0952 0 98.78898 33.99464 0 98.81014 33.98576 0 98.64258 37.17023 0 98.70538 37.17792 0 99.65383 34.08918 0 99.67499 34.0803 0 99.50745 37.26427 0 100.5187 34.18373 0 100.5398 34.17485 0 100.3724 37.35738 0 101.3835 34.27827 0 101.4047 34.26939 0 101.2373 37.4505 0 102.2484 34.37282 0 102.2695 34.36393 0 102.1022 37.54361 0 103.1132 34.46736 0 103.1344 34.45848 0 102.9671 37.63672 0 103.9781 34.56191 0 103.9992 34.55302 0 103.8321 37.72983 0 104.8429 34.65645 0 104.8641 34.64757 0 104.697 37.82295 0 105.7078 34.75099 0 105.7289 34.74211 0 105.5619 37.91606 0 106.5726 34.84554 0 106.5938 34.83666 0 106.4268 38.00917 0 107.4375 34.94008 0 107.4586 34.9312 0 107.2918 38.10228 0 108.3023 35.03462 0 108.3235 35.02574 0 108.1567 38.19539 0 109.1671 35.12917 0 109.1883 35.12029 0 109.0216 38.28851 0 110.032 35.22371 0 110.0532 35.21483 0 109.8865 38.38162 0 110.8968 35.31826 0 110.918 35.30938 0 110.7515 38.47473 0 111.7617 35.4128 0 111.7829 35.40392 0 111.6164 38.56785 0 112.6265 35.50734 0 112.6477 35.49846 0 112.4813 38.66096 0 113.4914 35.60189 0 113.5126 35.59301 0 113.3462 38.75407 0 114.3562 35.69643 0 2.688036 25.47448 0 114.3774 35.68755 0 114.2111 38.84718 0 115.2211 35.79098 0 115.2422 35.78209 0 115.0761 38.9403 0 116.0859 35.88552 0 116.1071 35.87664 0 115.941 39.03341 0 116.9508 35.98006 0 116.9719 35.97118 0 116.8059 39.12652 0 117.8156 36.07461 0 117.8368 36.06573 0 117.6708 39.21963 0 118.6805 36.16915 0 118.7016 36.16027 0 118.5358 39.31275 0 119.5453 36.2637 0 119.5665 36.25481 0 119.4007 39.40586 0 120.4102 36.35824 0 120.4313 36.34936 0 120.2656 39.49897 0 121.275 36.45279 0 121.2962 36.4439 0 121.1305 39.59208 0 122.1399 36.54733 0 122.161 36.53845 0 121.9955 39.6852 0 123.0047 36.64187 0 123.0259 36.63299 0 122.8604 39.77831 0 123.8696 36.73641 0 123.8907 36.72754 0 123.7253 39.87142 0 124.7344 36.83096 0 124.7556 36.82208 0 124.5902 39.96454 0 125.5993 36.9255 0 125.6204 36.91662 0 125.4551 40.05764 0 126.4641 37.02005 0 126.4853 37.01116 0 126.3201 40.15076 0 127.329 37.11459 0 127.3501 37.10571 0 127.185 40.24387 0 128.1938 37.20914 0 128.215 37.20025 0 128.0499 40.33698 0 129.0586 37.30368 0 129.0798 37.2948 0 128.9148 40.4301 0 129.9235 37.39822 0 129.9447 37.38934 0 129.7798 40.52321 0 130.7883 37.49277 0 130.8095 37.48389 0 130.6447 40.61632 0 131.6532 37.58731 0 131.6744 37.57843 0 131.5096 40.70943 0 132.518 37.68186 0 132.5392 37.67297 0 132.3745 40.80255 0 133.3829 37.7764 0 133.404 37.76752 0 133.2395 40.89566 0 134.2477 37.87094 0 134.2689 37.86206 0 134.1044 40.98877 0 135.1126 37.96549 0 135.1337 37.95661 0 134.9693 41.08188 0 135.9774 38.06003 0 135.9986 38.05115 0 135.8342 41.175 0 136.8423 38.15457 0 136.8634 38.14569 0 136.6991 41.26811 0 137.7071 38.24912 0 137.7283 38.24024 0 137.5641 41.36132 0 138.572 38.34366 0 138.5931 38.33478 0 138.4289 41.45622 0 139.4368 38.43821 0 139.458 38.42932 0 139.2937 41.55112 0 140.3017 38.53275 0 140.3228 38.52387 0 140.1585 41.64601 0 141.1665 38.62729 0 141.1877 38.61841 0 141.0234 41.74091 0 142.0314 38.72184 0 2.647894 26.34356 0 2.687155 25.49356 0 142.0525 38.71296 0 141.8882 41.83581 0 142.8962 38.81638 0 142.9174 38.8075 0 142.753 41.93071 0 143.7611 38.91093 0 143.7822 38.90204 0 143.6179 42.02561 0 144.6259 39.00547 0 144.6471 38.99659 0 144.4827 42.1205 0 145.4907 39.10002 0 145.5119 39.09113 0 145.3475 42.2154 0 146.3556 39.19456 0 146.3768 39.18568 0 146.2123 42.3103 0 147.2205 39.2891 0 147.2416 39.28022 0 147.0772 42.4052 0 148.0853 39.38364 0 148.1065 39.37477 0 147.942 42.50009 0 148.9501 39.47819 0 148.9713 39.46931 0 148.8068 42.59499 0 149.815 39.57273 0 149.8362 39.56385 0 149.6717 42.68989 0 150.6798 39.66728 0 150.701 39.65839 0 150.5365 42.78479 0 151.5447 39.76182 0 151.5658 39.75294 0 151.4013 42.87968 0 152.4095 39.85637 0 152.4307 39.84748 0 152.2662 42.97458 0 153.2744 39.95091 0 153.2955 39.94203 0 153.131 43.06948 0 154.1392 40.04545 0 154.1604 40.03657 0 153.9958 43.16437 0 155.0041 40.14 0 155.0252 40.13112 0 154.8606 43.25927 0 155.8689 40.23454 0 155.8901 40.22566 0 155.7255 43.35417 0 156.7338 40.32909 0 156.7549 40.3202 0 156.5903 43.44907 0 157.5986 40.42363 0 157.6198 40.41475 0 157.4551 43.54396 0 158.4635 40.51817 0 158.4846 40.50929 0 158.32 43.63886 0 159.3283 40.61272 0 159.3495 40.60384 0 159.1848 43.73376 0 160.1932 40.70726 0 160.2143 40.69838 0 160.0496 43.82866 0 161.058 40.8018 0 161.0792 40.79292 0 160.9144 43.92355 0 161.9229 40.89635 0 161.944 40.88747 0 161.7793 44.01845 0 162.7877 40.99089 0 162.8089 40.98201 0 162.6441 44.11335 0 163.6525 41.08544 0 163.6737 41.07655 0 163.5089 44.20825 0 164.5174 41.17998 0 164.5386 41.1711 0 164.3738 44.30315 0 165.3822 41.27452 0 165.4034 41.26564 0 165.2386 44.39804 0 166.2471 41.36907 0 166.2682 41.36019 0 166.1034 44.49294 0 167.1119 41.46361 0 167.1331 41.45473 0 166.9683 44.58784 0 167.9768 41.55816 0 167.998 41.54927 0 167.8331 44.68274 0 168.8416 41.6527 0 168.8628 41.64382 0 168.6979 44.77763 0 169.7065 41.74724 0 169.7276 41.73836 0 169.5627 44.87253 0 170.5713 41.84179 0 170.5925 41.83291 0 170.4276 44.96743 0 171.4362 41.93633 0 171.4573 41.92745 0 171.2924 45.06233 0 172.301 42.03088 0 172.3222 42.022 0 172.1572 45.15723 0 173.1659 42.12542 0 173.187 42.11654 0 173.022 45.25212 0 174.0307 42.21996 0 174.0519 42.21108 0 173.8869 45.34702 0 174.8956 42.31451 0 174.9167 42.30562 0 174.7517 45.44192 0 175.7604 42.40905 0 175.7816 42.40017 0 175.6165 45.53682 0 176.6253 42.50359 0 176.6464 42.49471 0 176.4814 45.63171 0 177.4901 42.59814 0 177.5113 42.58926 0 177.3462 45.72661 0 178.355 42.69268 0 178.3761 42.6838 0 178.211 45.82151 0 179.2198 42.78723 0 179.241 42.77835 0 179.0759 45.91641 0 180.0847 42.88177 0 180.1058 42.87289 0 179.9407 46.0113 0 180.9495 42.97632 0 180.9707 42.96743 0 180.8055 46.1062 0 181.8144 43.07086 0 181.8355 43.06198 0 181.6703 46.2011 0 182.6792 43.1654 0 182.7004 43.15652 0 182.5352 46.296 0 183.544 43.25995 0 183.5652 43.25107 0 183.4 46.39089 0 184.4089 43.35449 0 184.4301 43.34561 0 184.2648 46.48579 0 185.2737 43.44904 0 185.2949 43.44015 0 185.1297 46.58069 0 186.1386 43.54358 0 186.1598 43.5347 0 185.9945 46.67559 0 187.0034 43.63812 0 187.0246 43.62924 0 186.8593 46.77048 0 187.8683 43.73267 0 187.8895 43.72379 0 187.7241 46.86538 0 188.7331 43.82721 0 188.7543 43.81833 0 188.589 46.96028 0 189.598 43.92175 0 189.6191 43.91287 0 189.4538 47.05518 0 190.4628 44.0163 0 190.484 44.00742 0 190.3186 47.15007 0 191.3277 44.11084 0 191.3488 44.10196 0 191.1835 47.24497 0 192.1925 44.20539 0 192.2137 44.1965 0 192.0483 47.33987 0 193.0574 44.29993 0 193.0785 44.29105 0 192.9131 47.43477 0 193.9002 44.81377 0 193.9222 44.39447 0 193.976 44.169 0 196.5687 44.47397 0 193.5775 47.55721 0 187.1132 102.5112 0 189.6676 102.758 0 2.607752 27.21263 0 2.647013 26.36263 0 189.6676 79.36175 0 193.338 47.52786 0 192.7491 47.80352 0 187.3584 100.0164 0 187.3003 99.89324 0 146.7472 95.4411 0 42.17692 80.14462 0 41.73702 83.7213 0 41.79326 83.69492 0 38.53609 89.41006 0 39.69591 79.82346 0 39.67066 79.7928 0 38.49 89.46 0 40.99805 89.78259 0 41.03513 89.83261 0 2.56761 28.08171 0 2.606871 27.23171 0 2.527468 28.95078 0 2.566729 28.10078 0 2.487326 29.81985 0 2.526587 28.96985 0 2.447184 30.68892 0 2.486445 29.83892 0 2.407042 31.558 0 2.446303 30.708 0 2.3669 32.42707 0 2.406161 31.57707 0 2.16619 36.77244 0 2.205451 35.92244 0 2.126049 37.64151 0 2.16531 36.79151 0 2.085906 38.51059 0 2.125167 37.66059 0 2.045765 39.37966 0 2.085026 38.52966 0 2.005623 40.24873 0 2.044884 39.39873 0 1.965481 41.1178 0 2.004742 40.2678 0 1.925339 41.98688 0 1.9646 41.13688 0 1.885197 42.85595 0 1.924458 42.00595 0 1.845055 43.72503 0 1.884316 42.87503 0 1.804913 44.5941 0 1.844174 43.7441 0 1.764771 45.46317 0 1.804032 44.61317 0 1.724629 46.33225 0 1.76389 45.48225 0 1.684487 47.20132 0 1.723748 46.35132 0 1.644345 48.07039 0 1.683606 47.22039 0 1.604203 48.93946 0 1.643464 48.08946 0 1.564061 49.80854 0 1.603322 48.95854 0 1.523919 50.67761 0 1.56318 49.82761 0 1.483777 51.54669 0 1.523038 50.69669 0 1.443635 52.41576 0 1.482896 51.56576 0 1.403493 53.28483 0 1.442754 52.43483 0 1.363351 54.15391 0 1.402612 53.30391 0 1.323209 55.02298 0 1.36247 54.17298 0 1.283067 55.89205 0 1.322328 55.04205 0 1.242925 56.76113 0 1.282186 55.91113 0 1.202783 57.6302 0 1.242044 56.7802 0 1.162641 58.49927 0 1.201902 57.64927 0 1.1225 59.36835 0 1.16176 58.51835 0 1.082358 60.23742 0 1.121619 59.38742 0 1.042216 61.1065 0 1.081477 60.2565 0 1.002074 61.97557 0 1.041335 61.12557 0 0.9619317 62.84464 0 1.001193 61.99464 0 0.9217898 63.71371 0 0.9610507 62.86371 0 0.8816478 64.58279 0 0.9209088 63.73279 0 0.8415059 65.45186 0 0.8807668 64.60186 0 0.8013639 66.32094 0 0.8406249 65.47093 0 0.7612219 67.19001 0 0.8004829 66.34001 0 0.72108 68.05908 0 0.7603409 67.20908 0 0.680938 68.92816 0 0.720199 68.07816 0 0.640796 69.79723 0 0.680057 68.94723 0 0.6006541 70.6663 0 0.639915 69.8163 0 0.5605121 71.53538 0 0.5997731 70.68538 0 0.5203702 72.40445 0 0.5596312 71.55445 0 0.4802282 73.27352 0 0.5194892 72.42352 0 0.4400862 74.14259 0 0.4793472 73.29259 0 0.3999443 75.01167 0 0.4392053 74.16167 0 0.3598023 75.88074 0 0.3990633 75.03074 0 0.3196604 76.74981 0 0.3589213 75.89981 0 -3.531365 77.44287 0 0.2795184 77.61889 0 0.3187794 76.76889 0 -3.571592 78.31194 0 0.2393764 78.48796 0 -3.532248 77.46194 0 0.2786374 77.63796 0 -3.572475 78.33101 0 -3.611819 79.18101 0 -3.652929 80.06915 0 -3.692273 80.91915 0 -3.693156 80.93822 0 -3.7325 81.78821 0 -3.733382 81.80729 0 -3.772726 82.65728 0 0.1992345 79.35704 0 0.2384955 78.50704 0 0.1189506 81.09518 0 0.1582115 80.24518 0 0.0788086 81.96426 0 0.1180696 81.11426 0 0.0386666 82.83333 0 0.07792758 81.98333 0 42.21257 80.10034 0 42.11339 83.9149 0 41.83755 86.27954 0 41.48841 86.30826 0 91.89136 33.22941 0 41.85743 86.28173 0 42.70233 86.3748 0 42.13377 83.91267 0 42.97805 84.01116 0 42.7222 86.37698 0 43.56711 86.47005 0 42.99843 84.00893 0 43.84271 84.10741 0 43.58698 86.47223 0 44.43188 86.5653 0 43.86309 84.10519 0 44.70737 84.20367 0 44.45175 86.56748 0 45.29666 86.66055 0 44.72775 84.20144 0 45.57203 84.29992 0 45.31653 86.66273 0 46.16144 86.7558 0 45.59241 84.2977 0 46.43668 84.39618 0 46.1813 86.75798 0 47.02621 86.85105 0 46.45707 84.39395 0 47.30134 84.49244 0 97.75703 37.07583 0 47.04608 86.85323 0 47.89099 86.9463 0 47.32173 84.49021 0 48.166 84.5887 0 98.62195 37.16894 0 47.91086 86.94849 0 48.75577 87.04155 0 48.18639 84.58647 0 49.03066 84.68495 0 99.48687 37.26205 0 48.77563 87.04374 0 49.62054 87.1368 0 49.05104 84.68273 0 49.89532 84.78121 0 100.3518 37.35517 0 49.64041 87.13899 0 50.48532 87.23205 0 49.9157 84.77898 0 50.75998 84.87746 0 101.2167 37.44828 0 50.50518 87.23424 0 51.35009 87.3273 0 50.78036 84.87523 0 51.62464 84.97372 0 102.0816 37.54139 0 51.36996 87.32949 0 52.21487 87.42255 0 51.64502 84.97149 0 52.4893 85.06998 0 102.9466 37.6345 0 52.23474 87.42474 0 53.07964 87.5178 0 52.50968 85.06775 0 53.35395 85.16623 0 103.8115 37.72762 0 53.09951 87.51999 0 53.94442 87.61305 0 53.37434 85.16401 0 54.21861 85.26249 0 104.6764 37.82073 0 53.96429 87.61525 0 54.8092 87.70831 0 54.239 85.26027 0 55.08327 85.35875 0 105.5413 37.91384 0 54.82906 87.7105 0 55.67397 87.80356 0 55.10366 85.35652 0 55.94793 85.45501 0 106.4063 38.00696 0 55.69384 87.80575 0 56.53875 87.89881 0 55.96831 85.45277 0 56.81259 85.55126 0 107.2712 38.10007 0 56.55862 87.901 0 57.40352 87.99406 0 56.83297 85.54903 0 57.67725 85.64752 0 108.1361 38.19318 0 57.42339 87.99625 0 58.2683 88.08931 0 57.69763 85.64529 0 58.54191 85.74377 0 109.001 38.28629 0 58.28817 88.0915 0 59.13307 88.18456 0 58.56229 85.74155 0 59.40657 85.84003 0 109.866 38.37941 0 59.15295 88.18675 0 59.99785 88.27981 0 59.42695 85.8378 0 60.27122 85.93629 0 110.7309 38.47252 0 60.01772 88.28201 0 60.86263 88.37507 0 60.29161 85.93406 0 61.13588 86.03255 0 111.5958 38.56563 0 60.8825 88.37726 0 61.7274 88.47032 0 61.15627 86.03031 0 62.00054 86.1288 0 112.4607 38.65874 0 61.74727 88.47251 0 62.59218 88.56557 0 62.02093 86.12657 0 62.8652 86.22505 0 113.3256 38.75186 0 62.61205 88.56776 0 63.45696 88.66082 0 62.88558 86.22283 0 63.72986 86.32131 0 114.1906 38.84497 0 63.47682 88.66301 0 64.32173 88.75607 0 63.75024 86.31909 0 64.59452 86.41757 0 115.0555 38.93808 0 64.3416 88.75826 0 65.18651 88.85132 0 64.6149 86.41534 0 65.45918 86.51383 0 115.9204 39.03119 0 65.20638 88.85351 0 66.05128 88.94658 0 65.47956 86.5116 0 66.32384 86.61009 0 116.7853 39.1243 0 66.07115 88.94877 0 66.91606 89.04183 0 66.34422 86.60786 0 67.18849 86.70634 0 117.6503 39.21742 0 66.93593 89.04402 0 67.78084 89.13708 0 67.20888 86.70411 0 68.05316 86.80259 0 118.5152 39.31053 0 67.8007 89.13927 0 68.64561 89.23233 0 68.07354 86.80037 0 68.91781 86.89885 0 119.3801 39.40364 0 68.66548 89.23452 0 69.51039 89.32758 0 68.9382 86.89663 0 69.78247 86.99511 0 120.245 39.49675 0 69.53026 89.32977 0 70.37516 89.42283 0 69.80285 86.99288 0 70.64713 87.09137 0 121.1099 39.58987 0 70.39503 89.42502 0 71.23994 89.51808 0 70.66752 87.08914 0 71.51179 87.18762 0 121.9749 39.68298 0 71.2598 89.52027 0 72.10472 89.61334 0 71.53217 87.1854 0 72.37645 87.28388 0 122.8398 39.77609 0 72.12459 89.61552 0 72.96949 89.70859 0 72.39683 87.28166 0 73.2411 87.38014 0 123.7047 39.86921 0 72.98936 89.71077 0 73.83427 89.80384 0 73.26148 87.37791 0 74.10577 87.47639 0 124.5696 39.96232 0 73.85413 89.80602 0 74.69905 89.89909 0 74.12615 87.47416 0 74.97042 87.57265 0 125.4346 40.05543 0 74.71891 89.90127 0 75.56382 89.99434 0 74.9908 87.57042 0 75.83508 87.66891 0 126.2995 40.14854 0 75.58369 89.99652 0 76.42859 90.08959 0 75.85546 87.66668 0 76.69974 87.76516 0 127.1644 40.24166 0 76.44846 90.09177 0 77.29337 90.18484 0 76.72012 87.76294 0 77.5644 87.86142 0 128.0293 40.33477 0 77.31324 90.18703 0 78.15815 90.28009 0 77.58478 87.8592 0 78.42905 87.95768 0 128.8943 40.42788 0 78.17802 90.28228 0 79.02292 90.37534 0 78.44944 87.95545 0 79.29372 88.05394 0 129.7592 40.52099 0 79.04279 90.37753 0 79.8877 90.47059 0 79.3141 88.0517 0 80.15838 88.15019 0 130.6241 40.61411 0 79.90757 90.47278 0 80.75248 90.56584 0 80.17876 88.14796 0 81.02303 88.24645 0 131.489 40.70722 0 80.77234 90.56803 0 81.61725 90.66109 0 81.04341 88.24422 0 81.8877 88.3427 0 132.354 40.80033 0 81.90808 88.34048 0 82.48203 90.75634 0 82.75235 88.43896 0 81.63712 90.66328 0 133.2189 40.89344 0 82.5019 90.75853 0 83.3468 90.85159 0 82.77273 88.43673 0 83.61701 88.53522 0 134.0838 40.98655 0 83.36667 90.85379 0 84.21158 90.94685 0 83.63739 88.53299 0 84.48166 88.63148 0 134.9487 41.07967 0 84.23145 90.94904 0 85.07636 91.0421 0 84.50205 88.62924 0 85.34633 88.72773 0 135.8136 41.17278 0 85.09623 91.04429 0 85.94107 91.1379 0 85.36671 88.7255 0 86.21098 88.82398 0 136.6786 41.26589 0 85.96093 91.14012 0 86.80566 91.23476 0 86.23137 88.82176 0 87.07564 88.92024 0 137.5435 41.35906 0 86.82552 91.23698 0 87.67024 91.33162 0 87.09602 88.91802 0 87.9403 89.0165 0 138.4083 41.45396 0 87.69011 91.33384 0 88.53484 91.42847 0 87.96069 89.01427 0 88.80496 89.11276 0 139.2731 41.54886 0 88.5547 91.4307 0 89.39942 91.52533 0 88.82534 89.11053 0 89.66962 89.20902 0 140.138 41.64375 0 89.41929 91.52755 0 90.26401 91.62218 0 89.69 89.20679 0 90.53428 89.30527 0 141.0028 41.73865 0 90.28388 91.62441 0 91.1286 91.71904 0 90.55466 89.30304 0 91.39894 89.40152 0 141.8676 41.83355 0 91.14846 91.72127 0 91.99319 91.8159 0 91.41932 89.3993 0 92.26359 89.49778 0 142.7325 41.92845 0 92.01305 91.81812 0 92.85778 91.91275 0 92.28398 89.49555 0 93.12826 89.59404 0 143.5973 42.02335 0 92.87764 91.91498 0 93.72237 92.00961 0 93.14864 89.59181 0 93.99291 89.6903 0 144.4621 42.11824 0 93.74223 92.01184 0 94.58695 92.10646 0 94.0133 89.68807 0 94.85757 89.78655 0 145.3269 42.21314 0 94.60682 92.10869 0 95.45155 92.20332 0 94.87795 89.78433 0 95.72223 89.88281 0 146.1918 42.30804 0 95.47141 92.20555 0 96.31613 92.30018 0 95.74262 89.88058 0 96.58689 89.97906 0 147.0566 42.40294 0 96.33601 92.30241 0 97.18072 92.39703 0 96.60727 89.97684 0 97.45155 90.07532 0 147.9214 42.49784 0 97.20059 92.39926 0 98.04531 92.49389 0 97.47193 90.07309 0 98.3162 90.17158 0 148.7863 42.59273 0 98.06517 92.49612 0 98.9099 92.59075 0 98.33659 90.16935 0 99.18087 90.26784 0 149.6511 42.68763 0 98.92977 92.59297 0 99.77448 92.6876 0 99.20125 90.26561 0 100.0455 90.36409 0 150.5159 42.78253 0 99.79435 92.68983 0 100.6391 92.78446 0 100.0659 90.36187 0 100.9102 90.46035 0 151.3808 42.87743 0 100.6589 92.78669 0 101.5037 92.88131 0 100.9306 90.45812 0 101.7748 90.55661 0 152.2456 42.97232 0 101.5235 92.88354 0 102.3683 92.97817 0 101.7952 90.55438 0 102.6395 90.65286 0 153.1104 43.06722 0 102.3881 92.9804 0 103.2328 93.07503 0 102.6599 90.65063 0 103.5042 90.74912 0 153.9752 43.16212 0 103.2527 93.07725 0 104.0974 93.17188 0 103.5245 90.74689 0 104.3688 90.84538 0 154.8401 43.25702 0 104.1173 93.17411 0 104.962 93.26874 0 104.3892 90.84315 0 105.2335 90.94163 0 155.7049 43.35191 0 104.9819 93.27097 0 105.8266 93.36559 0 105.2539 90.93941 0 106.0981 91.03789 0 156.5697 43.44681 0 105.8465 93.36782 0 106.6912 93.46245 0 106.1185 91.03566 0 106.9628 91.13415 0 157.4345 43.54171 0 106.7111 93.46468 0 107.5558 93.55931 0 106.9832 91.13192 0 107.8275 91.23041 0 158.2994 43.63661 0 107.5756 93.56154 0 108.4204 93.65616 0 107.8478 91.22817 0 108.6921 91.32666 0 159.1642 43.7315 0 108.4402 93.65839 0 109.285 93.75302 0 108.7125 91.32443 0 109.5568 91.42291 0 160.029 43.8264 0 109.3048 93.75525 0 110.1496 93.84988 0 109.5772 91.42069 0 110.4214 91.51917 0 160.8939 43.9213 0 110.1694 93.8521 0 111.0141 93.94673 0 110.4418 91.51695 0 111.2861 91.61543 0 161.7587 44.0162 0 111.034 93.94896 0 111.8787 94.04359 0 111.3065 91.6132 0 112.1508 91.71169 0 162.6235 44.11109 0 111.8986 94.04582 0 112.7433 94.14045 0 112.1711 91.70946 0 113.0154 91.80795 0 163.4884 44.20599 0 112.7632 94.14267 0 113.6079 94.2373 0 113.0358 91.80571 0 113.8801 91.9042 0 164.3532 44.30089 0 113.6278 94.23953 0 114.4725 94.33416 0 113.9004 91.90197 0 114.7447 92.00045 0 165.218 44.39579 0 114.4924 94.33638 0 115.3371 94.43102 0 114.7651 91.99823 0 115.6094 92.09671 0 166.0828 44.49068 0 115.3569 94.43324 0 116.2017 94.52788 0 115.6298 92.09448 0 116.474 92.19297 0 166.9477 44.58558 0 116.2215 94.5301 0 117.0663 94.62473 0 116.4944 92.19074 0 117.3387 92.28923 0 167.8125 44.68048 0 117.0861 94.62695 0 117.9309 94.72159 0 117.3591 92.28701 0 118.2034 92.38548 0 168.6773 44.77538 0 117.9507 94.72381 0 118.7954 94.81845 0 118.2237 92.38326 0 119.068 92.48174 0 169.5422 44.87027 0 118.8153 94.82067 0 119.66 94.9153 0 119.0884 92.47951 0 119.9327 92.57799 0 170.407 44.96517 0 119.6799 94.91752 0 120.5246 95.01216 0 119.9531 92.57577 0 120.7973 92.67425 0 171.2718 45.06007 0 120.5445 95.01438 0 121.3892 95.10902 0 120.8177 92.67202 0 121.662 92.77051 0 172.1366 45.15497 0 121.4091 95.11123 0 122.2538 95.20587 0 121.6824 92.76828 0 122.5266 92.86677 0 173.0015 45.24986 0 122.2737 95.20809 0 123.1184 95.30273 0 122.547 92.86454 0 123.3913 92.96302 0 173.8663 45.34476 0 123.1382 95.30495 0 123.983 95.39958 0 123.4117 92.9608 0 124.256 93.05928 0 174.7311 45.43966 0 124.0028 95.4018 0 124.8476 95.49644 0 124.2764 93.05705 0 125.1206 93.15554 0 175.596 45.53456 0 124.8674 95.49866 0 125.7121 95.5933 0 125.141 93.1533 0 125.9853 93.25179 0 176.4608 45.62945 0 125.732 95.59552 0 126.5767 95.69015 0 126.0057 93.24956 0 126.8499 93.34805 0 177.3256 45.72435 0 126.5966 95.69237 0 127.4413 95.78701 0 126.8703 93.34582 0 127.7146 93.4443 0 178.1905 45.81925 0 127.4612 95.78923 0 128.3059 95.88386 0 127.735 93.44208 0 128.5793 93.54056 0 179.0553 45.91415 0 128.3258 95.88609 0 129.1705 95.98072 0 128.5996 93.53834 0 129.4439 93.63682 0 179.9201 46.00905 0 129.1904 95.98295 0 130.0351 96.07758 0 129.4643 93.63459 0 130.3086 93.73308 0 180.7849 46.10394 0 130.055 96.0798 0 130.8997 96.17443 0 130.329 93.73084 0 131.1732 93.82933 0 181.6498 46.19884 0 130.9195 96.17666 0 131.7643 96.27129 0 131.1936 93.8271 0 132.0379 93.92559 0 182.5146 46.29374 0 131.7841 96.27352 0 132.6289 96.36815 0 132.0583 93.92336 0 132.9026 94.02184 0 183.3794 46.38864 0 132.6487 96.37037 0 133.4935 96.46501 0 132.9229 94.01962 0 133.7672 94.1181 0 184.2442 46.48354 0 133.5133 96.46723 0 134.358 96.56186 0 133.7876 94.11588 0 134.6319 94.21436 0 185.1091 46.57843 0 134.3779 96.56409 0 135.2226 96.65871 0 134.6523 94.21213 0 135.4965 94.31062 0 185.9739 46.67333 0 135.2425 96.66094 0 136.0872 96.75557 0 135.5169 94.30839 0 136.3612 94.40687 0 186.8387 46.76823 0 136.1071 96.7578 0 136.9518 96.85243 0 136.3816 94.40464 0 137.2258 94.50312 0 187.7036 46.86313 0 136.9717 96.85465 0 137.8164 96.94928 0 137.2462 94.5009 0 138.0905 94.59938 0 188.5684 46.95802 0 137.8363 96.95151 0 138.681 97.04614 0 138.1109 94.59716 0 138.9552 94.69564 0 189.4332 47.05292 0 138.7008 97.04837 0 139.5456 97.14299 0 138.9755 94.69341 0 139.8198 94.7919 0 190.298 47.14782 0 139.5654 97.14522 0 140.4102 97.23985 0 139.8402 94.78967 0 140.6845 94.88816 0 191.1629 47.24271 0 140.43 97.24208 0 141.2748 97.33671 0 140.7049 94.88593 0 141.5491 94.98441 0 192.0277 47.33761 0 141.2946 97.33894 0 142.1393 97.43356 0 141.5695 94.98218 0 142.4138 95.08067 0 192.8925 47.43251 0 142.1592 97.43579 0 143.0039 97.53042 0 142.4342 95.07844 0 143.2785 95.17692 0 143.0238 97.53265 0 143.8685 97.62728 0 143.2988 95.1747 0 144.1431 95.27318 0 143.8884 97.6295 0 144.7331 97.72413 0 144.1635 95.27095 0 145.0078 95.36944 0 144.753 97.72636 0 145.5977 97.82099 0 145.0282 95.36721 0 145.8724 95.4657 0 145.6175 97.82322 0 146.4622 97.91822 0 145.8928 95.46347 0 146.7371 95.56195 0 146.4821 97.92046 0 147.3268 98.01576 0 146.7575 95.55973 0 147.6018 95.65821 0 147.3466 98.01801 0 148.1912 98.1133 0 147.6221 95.65598 0 148.4664 95.75446 0 148.2111 98.11554 0 149.0558 98.21084 0 148.4868 95.75223 0 149.3311 95.85072 0 149.0756 98.21308 0 149.9203 98.30837 0 149.3515 95.84849 0 150.1957 95.94698 0 149.9401 98.31062 0 150.7848 98.40591 0 150.2161 95.94475 0 151.0604 96.04323 0 150.8046 98.40816 0 151.6493 98.50345 0 151.0808 96.04101 0 151.925 96.13949 0 151.6692 98.5057 0 152.5138 98.60099 0 151.9454 96.13727 0 152.7897 96.23575 0 152.5337 98.60323 0 153.3783 98.69853 0 152.8101 96.23352 0 153.6544 96.33201 0 153.3982 98.70077 0 154.2428 98.79607 0 153.6748 96.32977 0 154.519 96.42826 0 154.2627 98.7983 0 155.1073 98.89361 0 154.5394 96.42603 0 155.3837 96.52452 0 155.1272 98.89584 0 155.9718 98.99115 0 155.4041 96.52229 0 156.2483 96.62077 0 155.9917 98.99338 0 156.8363 99.08868 0 156.2687 96.61855 0 157.113 96.71703 0 156.8562 99.09092 0 157.7009 99.18622 0 157.1334 96.7148 0 157.9777 96.81329 0 157.7207 99.18846 0 158.5654 99.28376 0 157.998 96.81106 0 158.8423 96.90955 0 158.5852 99.28601 0 159.4299 99.3813 0 158.8627 96.90731 0 159.707 97.0058 0 159.4497 99.38354 0 160.2944 99.47884 0 159.7274 97.00357 0 160.5716 97.10205 0 160.3143 99.48108 0 161.1589 99.57637 0 160.592 97.09983 0 161.4363 97.19831 0 161.1788 99.57862 0 162.0234 99.67391 0 161.4567 97.19609 0 162.301 97.29457 0 162.0433 99.67616 0 162.8879 99.77145 0 162.3213 97.29234 0 163.1656 97.39083 0 163.186 97.3886 0 163.1162 99.79722 0 164.0303 97.48709 0 163.7524 99.86899 0 163.7725 99.86916 0 164.3206 99.93309 0 164.0507 97.48486 0 164.8949 97.58334 0 164.6169 99.96653 0 187.0569 102.5446 0 187.0569 102.4983 0 162.9079 99.77291 0 85.85476 88.62274 0 42.11339 83.9149 0.00999999 41.42546 86.23415 0.00999999 41.83755 86.27954 0.00999999 41.85743 86.28173 0.00999999 42.13377 83.91267 0.00999999 42.70233 86.3748 0.00999999 42.97805 84.01116 0.00999999 42.7222 86.37698 0.00999999 42.99843 84.00893 0.00999999 43.56711 86.47005 0.00999999 43.84271 84.10741 0.00999999 43.58698 86.47223 0.00999999 43.86309 84.10519 0.00999999 44.43188 86.5653 0.00999999 44.70737 84.20367 0.00999999 44.45175 86.56748 0.00999999 44.72775 84.20144 0.00999999 45.29666 86.66055 0.00999999 45.57203 84.29992 0.00999999 45.31653 86.66273 0.00999999 45.59241 84.2977 0.00999999 46.16144 86.7558 0.00999999 46.43668 84.39618 0.00999999 46.1813 86.75798 0.00999999 46.45707 84.39395 0.00999999 47.02621 86.85105 0.00999999 47.30134 84.49244 0.00999999 47.04608 86.85323 0.00999999 47.32173 84.49021 0.00999999 47.89099 86.9463 0.00999999 48.166 84.5887 0.00999999 47.91086 86.94849 0.00999999 48.18639 84.58647 0.00999999 48.75577 87.04155 0.00999999 49.03066 84.68495 0.00999999 48.77563 87.04374 0.00999999 49.05104 84.68273 0.00999999 49.89532 84.78121 0.00999999 49.62054 87.1368 0.00999999 49.64041 87.13899 0.00999999 49.9157 84.77898 0.00999999 50.48532 87.23205 0.00999999 50.75998 84.87746 0.00999999 50.50518 87.23424 0.00999999 50.78036 84.87523 0.00999999 51.35009 87.3273 0.00999999 51.62464 84.97372 0.00999999 51.36996 87.32949 0.00999999 51.64502 84.97149 0.00999999 52.4893 85.06998 0.00999999 52.21487 87.42255 0.00999999 52.23474 87.42474 0.00999999 52.50968 85.06775 0.00999999 53.07964 87.5178 0.00999999 53.35395 85.16623 0.00999999 53.37434 85.16401 0.00999999 53.09951 87.51999 0.00999999 53.94442 87.61305 0.00999999 54.21861 85.26249 0.00999999 53.96429 87.61525 0.00999999 54.239 85.26027 0.00999999 55.08327 85.35875 0.00999999 54.8092 87.70831 0.00999999 54.82906 87.7105 0.00999999 55.10366 85.35652 0.00999999 55.67397 87.80356 0.00999999 55.94793 85.45501 0.00999999 55.69384 87.80575 0.00999999 55.96831 85.45277 0.00999999 56.81259 85.55126 0.00999999 56.53875 87.89881 0.00999999 56.55862 87.901 0.00999999 56.83297 85.54903 0.00999999 57.67725 85.64752 0.00999999 57.40352 87.99406 0.00999999 57.42339 87.99625 0.00999999 57.69763 85.64529 0.00999999 58.2683 88.08931 0.00999999 58.54191 85.74377 0.00999999 58.28817 88.0915 0.00999999 58.56229 85.74155 0.00999999 59.13307 88.18456 0.00999999 59.40657 85.84003 0.00999999 59.15295 88.18675 0.00999999 59.42695 85.8378 0.00999999 60.27122 85.93629 0.00999999 59.99785 88.27981 0.00999999 60.01772 88.28201 0.00999999 60.29161 85.93406 0.00999999 60.86263 88.37507 0.00999999 61.13588 86.03255 0.00999999 60.8825 88.37726 0.00999999 61.15627 86.03031 0.00999999 61.7274 88.47032 0.00999999 62.00054 86.1288 0.00999999 61.74727 88.47251 0.00999999 62.02093 86.12657 0.00999999 62.59218 88.56557 0.00999999 62.8652 86.22505 0.00999999 62.61205 88.56776 0.00999999 62.88558 86.22283 0.00999999 63.45696 88.66082 0.00999999 63.72986 86.32131 0.00999999 63.47682 88.66301 0.00999999 63.75024 86.31909 0.00999999 64.59452 86.41757 0.00999999 64.32173 88.75607 0.00999999 64.3416 88.75826 0.00999999 64.6149 86.41534 0.00999999 65.45918 86.51383 0.00999999 65.18651 88.85132 0.00999999 65.20638 88.85351 0.00999999 65.47956 86.5116 0.00999999 66.32384 86.61009 0.00999999 66.05128 88.94658 0.00999999 66.07115 88.94877 0.00999999 66.34422 86.60786 0.00999999 66.91606 89.04183 0.00999999 67.18849 86.70634 0.00999999 66.93593 89.04402 0.00999999 67.20888 86.70411 0.00999999 67.78084 89.13708 0.00999999 68.05316 86.80259 0.00999999 68.07354 86.80037 0.00999999 67.8007 89.13927 0.00999999 68.64561 89.23233 0.00999999 68.91781 86.89885 0.00999999 68.66548 89.23452 0.00999999 68.9382 86.89663 0.00999999 69.51039 89.32758 0.00999999 69.78247 86.99511 0.00999999 69.53026 89.32977 0.00999999 69.80285 86.99288 0.00999999 70.64713 87.09137 0.00999999 70.37516 89.42283 0.00999999 70.39503 89.42502 0.00999999 70.66752 87.08914 0.00999999 71.23994 89.51808 0.00999999 71.51179 87.18762 0.00999999 71.2598 89.52027 0.00999999 71.53217 87.1854 0.00999999 72.10472 89.61334 0.00999999 72.37645 87.28388 0.00999999 72.39683 87.28166 0.00999999 72.12459 89.61552 0.00999999 72.96949 89.70859 0.00999999 73.2411 87.38014 0.00999999 72.98936 89.71077 0.00999999 73.26148 87.37791 0.00999999 74.10577 87.47639 0.00999999 73.83427 89.80384 0.00999999 73.85413 89.80602 0.00999999 74.12615 87.47416 0.00999999 74.69905 89.89909 0.00999999 74.97042 87.57265 0.00999999 74.9908 87.57042 0.00999999 74.71891 89.90127 0.00999999 75.56382 89.99434 0.00999999 75.83508 87.66891 0.00999999 75.58369 89.99652 0.00999999 75.85546 87.66668 0.00999999 76.42859 90.08959 0.00999999 76.69974 87.76516 0.00999999 76.44846 90.09177 0.00999999 76.72012 87.76294 0.00999999 77.29337 90.18484 0.00999999 77.5644 87.86142 0.00999999 77.31324 90.18703 0.00999999 77.58478 87.8592 0.00999999 78.15815 90.28009 0.00999999 78.42905 87.95768 0.00999999 78.17802 90.28228 0.00999999 78.44944 87.95545 0.00999999 79.29372 88.05394 0.00999999 79.02292 90.37534 0.00999999 79.3141 88.0517 0.00999999 79.04279 90.37753 0.00999999 79.8877 90.47059 0.00999999 80.15838 88.15019 0.00999999 79.90757 90.47278 0.00999999 80.17876 88.14796 0.00999999 80.75248 90.56584 0.00999999 81.02303 88.24645 0.00999999 80.77234 90.56803 0.00999999 81.04341 88.24422 0.00999999 81.61725 90.66109 0.00999999 81.8877 88.3427 0.00999999 81.63712 90.66328 0.00999999 81.90808 88.34048 0.00999999 82.48203 90.75634 0.00999999 82.75235 88.43896 0.00999999 82.5019 90.75853 0.00999999 82.77273 88.43673 0.00999999 83.3468 90.85159 0.00999999 83.61701 88.53522 0.00999999 83.36667 90.85379 0.00999999 83.63739 88.53299 0.00999999 84.21158 90.94685 0.00999999 84.48166 88.63148 0.00999999 84.50205 88.62924 0.00999999 84.23145 90.94904 0.00999999 85.34633 88.72773 0.00999999 85.07636 91.0421 0.00999999 85.09623 91.04429 0.00999999 85.36671 88.7255 0.00999999 85.94107 91.1379 0.00999999 86.21098 88.82398 0.00999999 85.64467 91.1047 0.00999999 85.96093 91.14012 0.00999999 86.23137 88.82176 0.00999999 86.80566 91.23476 0.00999999 87.07564 88.92024 0.00999999 87.09602 88.91802 0.00999999 86.82552 91.23698 0.00999999 87.67024 91.33162 0.00999999 87.9403 89.0165 0.00999999 87.69011 91.33384 0.00999999 87.96069 89.01427 0.00999999 88.53484 91.42847 0.00999999 88.80496 89.11276 0.00999999 88.5547 91.4307 0.00999999 88.82534 89.11053 0.00999999 89.39942 91.52533 0.00999999 89.66962 89.20902 0.00999999 89.41929 91.52755 0.00999999 89.69 89.20679 0.00999999 90.26401 91.62218 0.00999999 90.53428 89.30527 0.00999999 90.28388 91.62441 0.00999999 90.55466 89.30304 0.00999999 91.1286 91.71904 0.00999999 91.39894 89.40152 0.00999999 91.14846 91.72127 0.00999999 91.41932 89.3993 0.00999999 91.99319 91.8159 0.00999999 92.26359 89.49778 0.00999999 92.01305 91.81812 0.00999999 92.28398 89.49555 0.00999999 92.85778 91.91275 0.00999999 93.12826 89.59404 0.00999999 92.87764 91.91498 0.00999999 93.14864 89.59181 0.00999999 93.99291 89.6903 0.00999999 93.72237 92.00961 0.00999999 93.74223 92.01184 0.00999999 94.0133 89.68807 0.00999999 94.58695 92.10646 0.00999999 94.85757 89.78655 0.00999999 94.60682 92.10869 0.00999999 94.87795 89.78433 0.00999999 95.72223 89.88281 0.00999999 95.45155 92.20332 0.00999999 95.47141 92.20555 0.00999999 95.74262 89.88058 0.00999999 96.31613 92.30018 0.00999999 96.58689 89.97906 0.00999999 96.33601 92.30241 0.00999999 96.60727 89.97684 0.00999999 97.18072 92.39703 0.00999999 97.45155 90.07532 0.00999999 97.20059 92.39926 0.00999999 97.47193 90.07309 0.00999999 98.04531 92.49389 0.00999999 98.3162 90.17158 0.00999999 98.33659 90.16935 0.00999999 98.06517 92.49612 0.00999999 98.9099 92.59075 0.00999999 99.18087 90.26784 0.00999999 99.20125 90.26561 0.00999999 98.92977 92.59297 0.00999999 99.77448 92.6876 0.00999999 100.0455 90.36409 0.00999999 99.79435 92.68983 0.00999999 100.0659 90.36187 0.00999999 100.6391 92.78446 0.00999999 100.9102 90.46035 0.00999999 100.6589 92.78669 0.00999999 100.9306 90.45812 0.00999999 101.7748 90.55661 0.00999999 101.5037 92.88131 0.00999999 101.7952 90.55438 0.00999999 101.5235 92.88354 0.00999999 102.6395 90.65286 0.00999999 102.3683 92.97817 0.00999999 102.6599 90.65063 0.00999999 102.3881 92.9804 0.00999999 103.2328 93.07503 0.00999999 103.5042 90.74912 0.00999999 103.2527 93.07725 0.00999999 103.5245 90.74689 0.00999999 104.0974 93.17188 0.00999999 104.3688 90.84538 0.00999999 104.3892 90.84315 0.00999999 104.1173 93.17411 0.00999999 104.962 93.26874 0.00999999 105.2335 90.94163 0.00999999 105.2539 90.93941 0.00999999 104.9819 93.27097 0.00999999 105.8266 93.36559 0.00999999 106.0981 91.03789 0.00999999 105.8465 93.36782 0.00999999 106.1185 91.03566 0.00999999 106.6912 93.46245 0.00999999 106.9628 91.13415 0.00999999 106.7111 93.46468 0.00999999 106.9832 91.13192 0.00999999 107.8275 91.23041 0.00999999 107.5558 93.55931 0.00999999 107.5756 93.56154 0.00999999 107.8478 91.22817 0.00999999 108.4204 93.65616 0.00999999 108.6921 91.32666 0.00999999 108.4402 93.65839 0.00999999 108.7125 91.32443 0.00999999 109.285 93.75302 0.00999999 109.5568 91.42291 0.00999999 109.3048 93.75525 0.00999999 109.5772 91.42069 0.00999999 110.1496 93.84988 0.00999999 110.4214 91.51917 0.00999999 110.1694 93.8521 0.00999999 110.4418 91.51695 0.00999999 111.2861 91.61543 0.00999999 111.0141 93.94673 0.00999999 111.034 93.94896 0.00999999 111.3065 91.6132 0.00999999 111.8787 94.04359 0.00999999 112.1508 91.71169 0.00999999 112.1711 91.70946 0.00999999 111.8986 94.04582 0.00999999 112.7433 94.14045 0.00999999 113.0154 91.80795 0.00999999 112.7632 94.14267 0.00999999 113.0358 91.80571 0.00999999 113.6079 94.2373 0.00999999 113.8801 91.9042 0.00999999 113.6278 94.23953 0.00999999 113.9004 91.90197 0.00999999 114.4725 94.33416 0.00999999 114.7447 92.00045 0.00999999 114.4924 94.33638 0.00999999 114.7651 91.99823 0.00999999 115.3371 94.43102 0.00999999 115.6094 92.09671 0.00999999 115.3569 94.43324 0.00999999 115.6298 92.09448 0.00999999 116.2017 94.52788 0.00999999 116.474 92.19297 0.00999999 116.2215 94.5301 0.00999999 116.4944 92.19074 0.00999999 117.3387 92.28923 0.00999999 117.0663 94.62473 0.00999999 117.0861 94.62695 0.00999999 117.3591 92.28701 0.00999999 117.9309 94.72159 0.00999999 118.2034 92.38548 0.00999999 117.9507 94.72381 0.00999999 118.2237 92.38326 0.00999999 119.068 92.48174 0.00999999 118.7954 94.81845 0.00999999 118.8153 94.82067 0.00999999 119.0884 92.47951 0.00999999 119.9327 92.57799 0.00999999 119.66 94.9153 0.00999999 119.6799 94.91752 0.00999999 119.9531 92.57577 0.00999999 120.5246 95.01216 0.00999999 120.7973 92.67425 0.00999999 120.5445 95.01438 0.00999999 120.8177 92.67202 0.00999999 121.3892 95.10902 0.00999999 121.662 92.77051 0.00999999 121.6824 92.76828 0.00999999 121.4091 95.11123 0.00999999 122.2538 95.20587 0.00999999 122.5266 92.86677 0.00999999 122.2737 95.20809 0.00999999 122.547 92.86454 0.00999999 123.1184 95.30273 0.00999999 123.3913 92.96302 0.00999999 123.4117 92.9608 0.00999999 123.1382 95.30495 0.00999999 124.256 93.05928 0.00999999 123.983 95.39958 0.00999999 124.2764 93.05705 0.00999999 124.0028 95.4018 0.00999999 124.8476 95.49644 0.00999999 125.1206 93.15554 0.00999999 124.8674 95.49866 0.00999999 125.141 93.1533 0.00999999 125.7121 95.5933 0.00999999 125.9853 93.25179 0.00999999 126.0057 93.24956 0.00999999 125.732 95.59552 0.00999999 126.5767 95.69015 0.00999999 126.8499 93.34805 0.00999999 126.5966 95.69237 0.00999999 126.8703 93.34582 0.00999999 127.4413 95.78701 0.00999999 127.7146 93.4443 0.00999999 127.4612 95.78923 0.00999999 127.735 93.44208 0.00999999 128.5793 93.54056 0.00999999 128.3059 95.88386 0.00999999 128.3258 95.88609 0.00999999 128.5996 93.53834 0.00999999 129.1705 95.98072 0.00999999 129.4439 93.63682 0.00999999 129.4643 93.63459 0.00999999 129.1904 95.98295 0.00999999 130.0351 96.07758 0.00999999 130.3086 93.73308 0.00999999 130.055 96.0798 0.00999999 130.329 93.73084 0.00999999 130.8997 96.17443 0.00999999 131.1732 93.82933 0.00999999 130.9195 96.17666 0.00999999 131.1936 93.8271 0.00999999 131.7643 96.27129 0.00999999 132.0379 93.92559 0.00999999 132.0583 93.92336 0.00999999 131.7841 96.27352 0.00999999 132.6289 96.36815 0.00999999 132.9026 94.02184 0.00999999 132.9229 94.01962 0.00999999 132.6487 96.37037 0.00999999 133.4935 96.46501 0.00999999 133.7672 94.1181 0.00999999 133.5133 96.46723 0.00999999 133.7876 94.11588 0.00999999 134.358 96.56186 0.00999999 134.6319 94.21436 0.00999999 134.6523 94.21213 0.00999999 134.3779 96.56409 0.00999999 135.2226 96.65871 0.00999999 135.4965 94.31062 0.00999999 135.2425 96.66094 0.00999999 135.5169 94.30839 0.00999999 136.0872 96.75557 0.00999999 136.3612 94.40687 0.00999999 136.3816 94.40464 0.00999999 136.1071 96.7578 0.00999999 136.9518 96.85243 0.00999999 137.2258 94.50312 0.00999999 137.2462 94.5009 0.00999999 136.9717 96.85465 0.00999999 137.8164 96.94928 0.00999999 138.0905 94.59938 0.00999999 137.8363 96.95151 0.00999999 138.1109 94.59716 0.00999999 138.681 97.04614 0.00999999 138.9552 94.69564 0.00999999 138.7008 97.04837 0.00999999 138.9755 94.69341 0.00999999 139.5456 97.14299 0.00999999 139.8198 94.7919 0.00999999 139.5654 97.14522 0.00999999 139.8402 94.78967 0.00999999 140.6845 94.88816 0.00999999 140.4102 97.23985 0.00999999 140.43 97.24208 0.00999999 140.7049 94.88593 0.00999999 141.5491 94.98441 0.00999999 141.2748 97.33671 0.00999999 141.5695 94.98218 0.00999999 141.2946 97.33894 0.00999999 142.1393 97.43356 0.00999999 142.4138 95.08067 0.00999999 142.4342 95.07844 0.00999999 142.1592 97.43579 0.00999999 143.2785 95.17692 0.00999999 143.0039 97.53042 0.00999999 143.0238 97.53265 0.00999999 143.2988 95.1747 0.00999999 143.8685 97.62728 0.00999999 144.1431 95.27318 0.00999999 144.1635 95.27095 0.00999999 143.8884 97.6295 0.00999999 144.7331 97.72413 0.00999999 145.0078 95.36944 0.00999999 145.0282 95.36721 0.00999999 144.753 97.72636 0.00999999 145.5977 97.82099 0.00999999 145.8724 95.4657 0.00999999 145.8928 95.46347 0.00999999 145.6175 97.82322 0.00999999 146.4622 97.91822 0.00999999 146.7371 95.56195 0.00999999 145.9918 97.86514 0.00999999 146.7575 95.55973 0.00999999 146.4821 97.92046 0.00999999 147.6018 95.65821 0.00999999 147.3268 98.01576 0.00999999 147.3466 98.01801 0.00999999 147.6221 95.65598 0.00999999 148.4664 95.75446 0.00999999 148.1912 98.1133 0.00999999 148.4868 95.75223 0.00999999 148.2111 98.11554 0.00999999 149.0558 98.21084 0.00999999 149.3311 95.85072 0.00999999 149.0756 98.21308 0.00999999 149.3515 95.84849 0.00999999 149.9203 98.30837 0.00999999 150.1957 95.94698 0.00999999 149.9401 98.31062 0.00999999 150.2161 95.94475 0.00999999 151.0604 96.04323 0.00999999 150.7848 98.40591 0.00999999 150.8046 98.40816 0.00999999 151.0808 96.04101 0.00999999 151.925 96.13949 0.00999999 151.6493 98.50345 0.00999999 151.9454 96.13727 0.00999999 151.6692 98.5057 0.00999999 152.5138 98.60099 0.00999999 152.7897 96.23575 0.00999999 152.5337 98.60323 0.00999999 152.8101 96.23352 0.00999999 153.3783 98.69853 0.00999999 153.6544 96.33201 0.00999999 153.6748 96.32977 0.00999999 153.3982 98.70077 0.00999999 154.2428 98.79607 0.00999999 154.519 96.42826 0.00999999 154.5394 96.42603 0.00999999 154.2627 98.7983 0.00999999 155.3837 96.52452 0.00999999 155.1073 98.89361 0.00999999 155.4041 96.52229 0.00999999 155.1272 98.89584 0.00999999 155.9718 98.99115 0.00999999 156.2483 96.62077 0.00999999 156.2687 96.61855 0.00999999 155.9917 98.99338 0.00999999 156.8363 99.08868 0.00999999 157.113 96.71703 0.00999999 156.8562 99.09092 0.00999999 157.1334 96.7148 0.00999999 157.7009 99.18622 0.00999999 157.9777 96.81329 0.00999999 157.7207 99.18846 0.00999999 157.998 96.81106 0.00999999 158.5654 99.28376 0.00999999 158.8423 96.90955 0.00999999 158.8627 96.90731 0.00999999 158.5852 99.28601 0.00999999 159.707 97.0058 0.00999999 159.4299 99.3813 0.00999999 159.4497 99.38354 0.00999999 159.7274 97.00357 0.00999999 160.2944 99.47884 0.00999999 160.5716 97.10205 0.00999999 160.592 97.09983 0.00999999 160.3143 99.48108 0.00999999 161.1589 99.57637 0.00999999 161.4363 97.19831 0.00999999 161.4567 97.19609 0.00999999 161.1788 99.57862 0.00999999 162.0234 99.67391 0.00999999 162.301 97.29457 0.00999999 162.0433 99.67616 0.00999999 162.3213 97.29234 0.00999999 162.8879 99.77145 0.00999999 163.1656 97.39083 0.00999999 163.1162 99.79722 0.00999999 162.9079 99.77291 0.00999999 163.186 97.3886 0.00999999 164.0303 97.48709 0.00999999 163.7524 99.86899 0.00999999 164.3206 99.93309 0.00999999 163.7725 99.86916 0.00999999 164.0507 97.48486 0.00999999 164.8949 97.58334 0.00999999 164.6169 99.96653 0.00999999 41.42546 86.23415 0.1 85.64467 91.1047 0.1 145.9918 97.86514 0.1 187.0569 102.4983 0.1 196.5687 44.47397 0.00999999 193.9002 44.81377 0.00999999 193.976 44.169 0.00999999 193.7547 47.57894 0.00999999 187.1132 102.5112 0.00999999 193.5775 47.55721 0.00999999 189.6676 102.758 0.00999999 193.7547 47.57894 0.04999995 193.338 47.52786 0.04999995 192.9131 47.43477 0.04999995 193.0785 44.29105 0.04999995 193.9222 44.39447 0.04999995 193.3433 47.48197 0.04999995 192.8925 47.43251 0.04999995 193.0574 44.29993 0.04999995 192.0483 47.33987 0.04999995 192.2137 44.1965 0.04999995 192.0277 47.33761 0.04999995 192.1925 44.20539 0.04999995 191.1835 47.24497 0.04999995 191.3488 44.10196 0.04999995 191.1629 47.24271 0.04999995 191.3277 44.11084 0.04999995 190.3186 47.15007 0.04999995 190.484 44.00742 0.04999995 190.298 47.14782 0.04999995 190.4628 44.0163 0.04999995 189.4538 47.05518 0.04999995 189.6191 43.91287 0.04999995 189.4332 47.05292 0.04999995 189.598 43.92175 0.04999995 188.589 46.96028 0.04999995 188.7543 43.81833 0.04999995 188.5684 46.95802 0.04999995 188.7331 43.82721 0.04999995 187.7241 46.86538 0.04999995 187.8895 43.72379 0.04999995 187.8683 43.73267 0.04999995 187.7036 46.86313 0.04999995 186.8593 46.77048 0.04999995 187.0246 43.62924 0.04999995 186.8387 46.76823 0.04999995 187.0034 43.63812 0.04999995 186.1598 43.5347 0.04999995 185.9945 46.67559 0.04999995 185.9739 46.67333 0.04999995 186.1386 43.54358 0.04999995 185.2949 43.44015 0.04999995 185.1297 46.58069 0.04999995 185.1091 46.57843 0.04999995 185.2737 43.44904 0.04999995 184.4301 43.34561 0.04999995 184.2648 46.48579 0.04999995 184.2442 46.48354 0.04999995 184.4089 43.35449 0.04999995 183.4 46.39089 0.04999995 183.5652 43.25107 0.04999995 183.3794 46.38864 0.04999995 183.544 43.25995 0.04999995 182.5352 46.296 0.04999995 182.7004 43.15652 0.04999995 182.5146 46.29374 0.04999995 182.6792 43.1654 0.04999995 181.6703 46.2011 0.04999995 181.8355 43.06198 0.04999995 181.6498 46.19884 0.04999995 181.8144 43.07086 0.04999995 180.9707 42.96743 0.04999995 180.8055 46.1062 0.04999995 180.7849 46.10394 0.04999995 180.9495 42.97632 0.04999995 180.1058 42.87289 0.04999995 179.9407 46.0113 0.04999995 179.9201 46.00905 0.04999995 180.0847 42.88177 0.04999995 179.0759 45.91641 0.04999995 179.241 42.77835 0.04999995 179.0553 45.91415 0.04999995 179.2198 42.78723 0.04999995 178.211 45.82151 0.04999995 178.3761 42.6838 0.04999995 178.1905 45.81925 0.04999995 178.355 42.69268 0.04999995 177.5113 42.58926 0.04999995 177.3462 45.72661 0.04999995 177.3256 45.72435 0.04999995 177.4901 42.59814 0.04999995 176.4814 45.63171 0.04999995 176.6464 42.49471 0.04999995 176.4608 45.62945 0.04999995 176.6253 42.50359 0.04999995 175.6165 45.53682 0.04999995 175.7816 42.40017 0.04999995 175.596 45.53456 0.04999995 175.7604 42.40905 0.04999995 174.7517 45.44192 0.04999995 174.9167 42.30562 0.04999995 174.7311 45.43966 0.04999995 174.8956 42.31451 0.04999995 174.0519 42.21108 0.04999995 173.8869 45.34702 0.04999995 173.8663 45.34476 0.04999995 174.0307 42.21996 0.04999995 173.022 45.25212 0.04999995 173.187 42.11654 0.04999995 173.0015 45.24986 0.04999995 173.1659 42.12542 0.04999995 172.3222 42.022 0.04999995 172.1572 45.15723 0.04999995 172.1366 45.15497 0.04999995 172.301 42.03088 0.04999995 171.4573 41.92745 0.04999995 171.2924 45.06233 0.04999995 171.2718 45.06007 0.04999995 171.4362 41.93633 0.04999995 170.5925 41.83291 0.04999995 170.4276 44.96743 0.04999995 170.407 44.96517 0.04999995 170.5713 41.84179 0.04999995 169.7276 41.73836 0.04999995 169.5627 44.87253 0.04999995 169.5422 44.87027 0.04999995 169.7065 41.74724 0.04999995 168.8628 41.64382 0.04999995 168.6979 44.77763 0.04999995 168.6773 44.77538 0.04999995 168.8416 41.6527 0.04999995 167.8331 44.68274 0.04999995 167.998 41.54927 0.04999995 167.8125 44.68048 0.04999995 167.9768 41.55816 0.04999995 167.1331 41.45473 0.04999995 166.9683 44.58784 0.04999995 166.9477 44.58558 0.04999995 167.1119 41.46361 0.04999995 166.2682 41.36019 0.04999995 166.1034 44.49294 0.04999995 166.2471 41.36907 0.04999995 166.0828 44.49068 0.04999995 165.4034 41.26564 0.04999995 165.2386 44.39804 0.04999995 165.218 44.39579 0.04999995 165.3822 41.27452 0.04999995 164.3738 44.30315 0.04999995 164.5386 41.1711 0.04999995 164.3532 44.30089 0.04999995 164.5174 41.17998 0.04999995 163.6737 41.07655 0.04999995 163.5089 44.20825 0.04999995 163.6525 41.08544 0.04999995 163.4884 44.20599 0.04999995 162.6441 44.11335 0.04999995 162.8089 40.98201 0.04999995 162.6235 44.11109 0.04999995 162.7877 40.99089 0.04999995 161.944 40.88747 0.04999995 161.7793 44.01845 0.04999995 161.7587 44.0162 0.04999995 161.9229 40.89635 0.04999995 160.9144 43.92355 0.04999995 161.0792 40.79292 0.04999995 160.8939 43.9213 0.04999995 161.058 40.8018 0.04999995 160.2143 40.69838 0.04999995 160.0496 43.82866 0.04999995 160.029 43.8264 0.04999995 160.1932 40.70726 0.04999995 159.1848 43.73376 0.04999995 159.3495 40.60384 0.04999995 159.1642 43.7315 0.04999995 159.3283 40.61272 0.04999995 158.4846 40.50929 0.04999995 158.32 43.63886 0.04999995 158.2994 43.63661 0.04999995 158.4635 40.51817 0.04999995 157.4551 43.54396 0.04999995 157.6198 40.41475 0.04999995 157.4345 43.54171 0.04999995 157.5986 40.42363 0.04999995 156.7549 40.3202 0.04999995 156.5903 43.44907 0.04999995 156.5697 43.44681 0.04999995 156.7338 40.32909 0.04999995 155.8901 40.22566 0.04999995 155.7255 43.35417 0.04999995 155.7049 43.35191 0.04999995 155.8689 40.23454 0.04999995 155.0252 40.13112 0.04999995 154.8606 43.25927 0.04999995 154.8401 43.25702 0.04999995 155.0041 40.14 0.04999995 154.1604 40.03657 0.04999995 153.9958 43.16437 0.04999995 153.9752 43.16212 0.04999995 154.1392 40.04545 0.04999995 153.2955 39.94203 0.04999995 153.131 43.06948 0.04999995 153.1104 43.06722 0.04999995 153.2744 39.95091 0.04999995 152.2662 42.97458 0.04999995 152.4307 39.84748 0.04999995 152.2456 42.97232 0.04999995 152.4095 39.85637 0.04999995 151.5658 39.75294 0.04999995 151.4013 42.87968 0.04999995 151.3808 42.87743 0.04999995 151.5447 39.76182 0.04999995 150.701 39.65839 0.04999995 150.5365 42.78479 0.04999995 150.5159 42.78253 0.04999995 150.6798 39.66728 0.04999995 149.6717 42.68989 0.04999995 149.8362 39.56385 0.04999995 149.6511 42.68763 0.04999995 149.815 39.57273 0.04999995 148.9713 39.46931 0.04999995 148.8068 42.59499 0.04999995 148.7863 42.59273 0.04999995 148.9501 39.47819 0.04999995 147.942 42.50009 0.04999995 148.1065 39.37477 0.04999995 147.9214 42.49784 0.04999995 148.0853 39.38364 0.04999995 147.0772 42.4052 0.04999995 147.2416 39.28022 0.04999995 147.0566 42.40294 0.04999995 147.2205 39.2891 0.04999995 146.2123 42.3103 0.04999995 146.3768 39.18568 0.04999995 146.1918 42.30804 0.04999995 146.3556 39.19456 0.04999995 145.3475 42.2154 0.04999995 145.5119 39.09113 0.04999995 145.3269 42.21314 0.04999995 145.4907 39.10002 0.04999995 144.4827 42.1205 0.04999995 144.6471 38.99659 0.04999995 144.4621 42.11824 0.04999995 144.6259 39.00547 0.04999995 143.7822 38.90204 0.04999995 143.6179 42.02561 0.04999995 143.5973 42.02335 0.04999995 143.7611 38.91093 0.04999995 142.753 41.93071 0.04999995 142.9174 38.8075 0.04999995 142.7325 41.92845 0.04999995 142.8962 38.81638 0.04999995 141.8882 41.83581 0.04999995 142.0525 38.71296 0.04999995 141.8676 41.83355 0.04999995 142.0314 38.72184 0.04999995 141.0234 41.74091 0.04999995 141.1877 38.61841 0.04999995 141.0028 41.73865 0.04999995 141.1665 38.62729 0.04999995 140.3228 38.52387 0.04999995 140.1585 41.64601 0.04999995 140.138 41.64375 0.04999995 140.3017 38.53275 0.04999995 139.2937 41.55112 0.04999995 139.458 38.42932 0.04999995 139.2731 41.54886 0.04999995 139.4368 38.43821 0.04999995 138.4289 41.45622 0.04999995 138.5931 38.33478 0.04999995 138.4083 41.45396 0.04999995 138.572 38.34366 0.04999995 137.5641 41.36132 0.04999995 137.7283 38.24024 0.04999995 137.5435 41.35906 0.04999995 137.7071 38.24912 0.04999995 136.6991 41.26811 0.04999995 136.8634 38.14569 0.04999995 137.5159 41.35603 0.04999995 136.6786 41.26589 0.04999995 136.8423 38.15457 0.04999995 135.8342 41.175 0.04999995 135.9986 38.05115 0.04999995 135.8136 41.17278 0.04999995 135.9774 38.06003 0.04999995 134.9693 41.08188 0.04999995 135.1337 37.95661 0.04999995 135.1126 37.96549 0.04999995 134.9487 41.07967 0.04999995 134.1044 40.98877 0.04999995 134.2689 37.86206 0.04999995 134.0838 40.98655 0.04999995 134.2477 37.87094 0.04999995 133.404 37.76752 0.04999995 133.2395 40.89566 0.04999995 133.2189 40.89344 0.04999995 133.3829 37.7764 0.04999995 132.3745 40.80255 0.04999995 132.5392 37.67297 0.04999995 132.354 40.80033 0.04999995 132.518 37.68186 0.04999995 131.6744 37.57843 0.04999995 131.5096 40.70943 0.04999995 131.6532 37.58731 0.04999995 131.489 40.70722 0.04999995 130.8095 37.48389 0.04999995 130.6447 40.61632 0.04999995 130.6241 40.61411 0.04999995 130.7883 37.49277 0.04999995 129.9447 37.38934 0.04999995 129.7798 40.52321 0.04999995 129.7592 40.52099 0.04999995 129.9235 37.39822 0.04999995 129.0798 37.2948 0.04999995 128.9148 40.4301 0.04999995 128.8943 40.42788 0.04999995 129.0586 37.30368 0.04999995 128.215 37.20025 0.04999995 128.0499 40.33698 0.04999995 128.0293 40.33477 0.04999995 128.1938 37.20914 0.04999995 127.3501 37.10571 0.04999995 127.185 40.24387 0.04999995 127.1644 40.24166 0.04999995 127.329 37.11459 0.04999995 126.4853 37.01116 0.04999995 126.3201 40.15076 0.04999995 126.2995 40.14854 0.04999995 126.4641 37.02005 0.04999995 125.6204 36.91662 0.04999995 125.4551 40.05764 0.04999995 125.4346 40.05543 0.04999995 125.5993 36.9255 0.04999995 124.7556 36.82208 0.04999995 124.5902 39.96454 0.04999995 124.7344 36.83096 0.04999995 124.5696 39.96232 0.04999995 123.8907 36.72754 0.04999995 123.7253 39.87142 0.04999995 123.7047 39.86921 0.04999995 123.8696 36.73641 0.04999995 123.0259 36.63299 0.04999995 122.8604 39.77831 0.04999995 123.0047 36.64187 0.04999995 122.8398 39.77609 0.04999995 122.161 36.53845 0.04999995 121.9955 39.6852 0.04999995 122.1399 36.54733 0.04999995 121.9749 39.68298 0.04999995 121.2962 36.4439 0.04999995 121.1305 39.59208 0.04999995 121.1099 39.58987 0.04999995 121.275 36.45279 0.04999995 120.4313 36.34936 0.04999995 120.2656 39.49897 0.04999995 120.245 39.49675 0.04999995 120.4102 36.35824 0.04999995 119.5665 36.25481 0.04999995 119.4007 39.40586 0.04999995 119.3801 39.40364 0.04999995 119.5453 36.2637 0.04999995 118.7016 36.16027 0.04999995 118.5358 39.31275 0.04999995 118.5152 39.31053 0.04999995 118.6805 36.16915 0.04999995 117.8368 36.06573 0.04999995 117.6708 39.21963 0.04999995 117.8156 36.07461 0.04999995 117.6503 39.21742 0.04999995 116.9719 35.97118 0.04999995 116.8059 39.12652 0.04999995 116.7853 39.1243 0.04999995 116.9508 35.98006 0.04999995 116.1071 35.87664 0.04999995 115.941 39.03341 0.04999995 115.9204 39.03119 0.04999995 116.0859 35.88552 0.04999995 115.2422 35.78209 0.04999995 115.0761 38.9403 0.04999995 115.0555 38.93808 0.04999995 115.2211 35.79098 0.04999995 114.3774 35.68755 0.04999995 114.2111 38.84718 0.04999995 114.1906 38.84497 0.04999995 114.3562 35.69643 0.04999995 113.5126 35.59301 0.04999995 113.3462 38.75407 0.04999995 113.3256 38.75186 0.04999995 113.4914 35.60189 0.04999995 112.6477 35.49846 0.04999995 112.4813 38.66096 0.04999995 112.4607 38.65874 0.04999995 112.6265 35.50734 0.04999995 111.7829 35.40392 0.04999995 111.6164 38.56785 0.04999995 111.5958 38.56563 0.04999995 111.7617 35.4128 0.04999995 110.918 35.30938 0.04999995 110.7515 38.47473 0.04999995 110.7309 38.47252 0.04999995 110.8968 35.31826 0.04999995 110.0532 35.21483 0.04999995 109.8865 38.38162 0.04999995 109.866 38.37941 0.04999995 110.032 35.22371 0.04999995 109.1883 35.12029 0.04999995 109.0216 38.28851 0.04999995 109.001 38.28629 0.04999995 109.1671 35.12917 0.04999995 108.3235 35.02574 0.04999995 108.1567 38.19539 0.04999995 108.1361 38.19318 0.04999995 108.3023 35.03462 0.04999995 107.4586 34.9312 0.04999995 107.2918 38.10228 0.04999995 107.4375 34.94008 0.04999995 107.2712 38.10007 0.04999995 106.5938 34.83666 0.04999995 106.4268 38.00917 0.04999995 106.4063 38.00696 0.04999995 106.5726 34.84554 0.04999995 105.7289 34.74211 0.04999995 105.5619 37.91606 0.04999995 105.5413 37.91384 0.04999995 105.7078 34.75099 0.04999995 104.8641 34.64757 0.04999995 104.697 37.82295 0.04999995 104.6764 37.82073 0.04999995 104.8429 34.65645 0.04999995 103.9992 34.55302 0.04999995 103.8321 37.72983 0.04999995 103.8115 37.72762 0.04999995 103.9781 34.56191 0.04999995 103.1344 34.45848 0.04999995 102.9671 37.63672 0.04999995 102.9466 37.6345 0.04999995 103.1132 34.46736 0.04999995 102.2695 34.36393 0.04999995 102.1022 37.54361 0.04999995 102.0816 37.54139 0.04999995 102.2484 34.37282 0.04999995 101.4047 34.26939 0.04999995 101.2373 37.4505 0.04999995 101.2167 37.44828 0.04999995 101.3835 34.27827 0.04999995 100.5398 34.17485 0.04999995 100.3724 37.35738 0.04999995 100.3518 37.35517 0.04999995 100.5187 34.18373 0.04999995 99.67499 34.0803 0.04999995 99.50745 37.26427 0.04999995 99.65383 34.08918 0.04999995 99.48687 37.26205 0.04999995 98.81014 33.98576 0.04999995 98.64258 37.17023 0.04999995 98.70538 37.17792 0.04999995 98.62195 37.16894 0.04999995 98.78898 33.99464 0.04999995 97.9453 33.89121 0.04999995 97.77773 37.07568 0.04999995 97.93692 37.0952 0.04999995 97.75703 37.07583 0.04999995 97.92413 33.9001 0.04999995 96.91288 36.98114 0.04999995 97.08045 33.79667 0.04999995 97.16847 37.01247 0.04999995 96.89211 36.98272 0.04999995 97.05928 33.80555 0.04999995 96.04804 36.88659 0.04999995 96.2156 33.70213 0.04999995 96.40002 36.92974 0.04999995 96.02718 36.88961 0.04999995 96.19444 33.71101 0.04999995 95.18319 36.79205 0.04999995 95.35075 33.60758 0.04999995 95.63156 36.84702 0.04999995 95.16226 36.79649 0.04999995 95.32959 33.61646 0.04999995 94.48591 33.51304 0.04999995 94.31834 36.6975 0.04999995 94.86311 36.76429 0.04999995 94.29734 36.70338 0.04999995 94.46474 33.52192 0.04999995 93.62105 33.4185 0.04999995 93.45349 36.60296 0.04999995 94.09466 36.68156 0.04999995 93.43241 36.61027 0.04999995 93.59989 33.42738 0.04999995 92.75621 33.32395 0.04999995 92.58865 36.50842 0.04999995 93.3262 36.59883 0.04999995 92.56749 36.51716 0.04999995 92.73505 33.33283 0.04999995 91.89136 33.22941 0.04999995 91.7238 36.41387 0.04999995 92.55775 36.51611 0.04999995 193.3433 47.48197 0.1 189.6676 79.36175 0.1 137.5159 41.35603 0.1 85.42362 35.74809 0.1 -0.9575865 21.6961 0.04999995 -5.44444e-4 -0.002005338 0.1 -0.9639865 21.8412 0.04999995 -0.9631452 21.82213 0.04999995 -1.002323 22.71036 0.04999995 -1.001481 22.69129 0.04999995 -1.040659 23.57952 0.04999995 -1.039817 23.56044 0.04999995 -1.078153 24.4296 0.04999995 -1.078995 24.44867 0.04999995 -1.090865 24.71779 0.1 -1.090865 24.71779 0.04999995 40.99805 89.78259 0.1 38.53609 89.41006 0.1 39.69591 79.82346 0.1 42.17692 80.14462 0.1 41.73702 83.7213 0.1 85.85476 88.62274 0.1 146.7472 95.4411 0.1 187.3584 100.0164 0.1 2.835535 26.75289 0.1 0.2407021 83.04409 0.1 -3.781626 82.84955 0.1 -1.117753 25.2987 0.04999995 -1.118636 25.31777 0.04999995 -1.15798 26.16777 0.04999995 -1.158863 26.18684 0.04999995 -1.198207 27.03684 0.04999995 -1.19909 27.05591 0.04999995 -1.239317 27.92498 0.04999995 -1.238434 27.90591 0.04999995 -1.278661 28.77497 0.04999995 -1.279544 28.79405 0.04999995 -1.318888 29.64404 0.04999995 -1.31977 29.66312 0.04999995 -1.359997 30.53219 0.04999995 -1.359114 30.51311 0.04999995 -1.399341 31.38218 0.04999995 -1.400224 31.40126 0.04999995 -1.439568 32.25125 0.04999995 -1.440451 32.27033 0.04999995 -1.480678 33.13939 0.04999995 -1.479795 33.12032 0.04999995 -1.520905 34.00846 0.04999995 -1.520022 33.98939 0.04999995 -1.560249 34.85846 0.04999995 -1.561132 34.87754 0.04999995 -1.601359 35.74661 0.04999995 -1.600476 35.72753 0.04999995 -1.640703 36.5966 0.04999995 -1.641585 36.61567 0.04999995 -1.680929 37.46567 0.04999995 -1.681812 37.48474 0.04999995 -1.722039 38.35381 0.04999995 -1.721156 38.33474 0.04999995 -1.762266 39.22288 0.04999995 -1.761383 39.20381 0.04999995 -1.80161 40.07288 0.04999995 -1.802493 40.09195 0.04999995 -1.84272 40.96102 0.04999995 -1.841837 40.94195 0.04999995 -1.882947 41.83009 0.04999995 -1.882064 41.81102 0.04999995 -1.923173 42.69916 0.04999995 -1.922291 42.68009 0.04999995 -1.9634 43.56823 0.04999995 -1.962517 43.54916 0.04999995 -2.003627 44.4373 0.04999995 -2.002744 44.41823 0.04999995 -2.043854 45.30637 0.04999995 -2.042971 45.2873 0.04999995 -2.083198 46.15636 0.04999995 -2.084081 46.17544 0.04999995 -2.124308 47.04451 0.04999995 -2.123425 47.02543 0.04999995 -2.164535 47.91358 0.04999995 -2.163652 47.8945 0.04999995 -2.203879 48.76357 0.04999995 -2.204761 48.78265 0.04999995 -2.244988 49.65171 0.04999995 -2.244105 49.63264 0.04999995 -2.285215 50.52079 0.04999995 -2.284332 50.50171 0.04999995 -2.325442 51.38986 0.04999995 -2.324559 51.37078 0.04999995 -2.364786 52.23985 0.04999995 -2.365669 52.25893 0.04999995 -2.405013 53.10892 0.04999995 -2.405896 53.128 0.04999995 -2.44524 53.97799 0.04999995 -2.446123 53.99706 0.04999995 -2.48635 54.86613 0.04999995 -2.485467 54.84706 0.04999995 -2.526576 55.7352 0.04999995 -2.525694 55.71613 0.04999995 -2.566803 56.60427 0.04999995 -2.56592 56.5852 0.04999995 -2.606147 57.45427 0.04999995 -2.60703 57.47334 0.04999995 -2.647257 58.34241 0.04999995 -2.646374 58.32334 0.04999995 -2.686601 59.19241 0.04999995 -2.687484 59.21148 0.04999995 -2.727711 60.08055 0.04999995 -2.726828 60.06148 0.04999995 -2.767937 60.94962 0.04999995 -2.767055 60.93055 0.04999995 -2.807281 61.79962 0.04999995 -2.808165 61.81869 0.04999995 -2.848391 62.68776 0.04999995 -2.847509 62.66869 0.04999995 -2.888618 63.55683 0.04999995 -2.887735 63.53775 0.04999995 -2.928845 64.4259 0.04999995 -2.927962 64.40682 0.04999995 -2.969072 65.29497 0.04999995 -2.968189 65.27589 0.04999995 -3.009299 66.16404 0.04999995 -3.008416 66.14496 0.04999995 -3.049526 67.03311 0.04999995 -3.048643 67.01403 0.04999995 -3.089752 67.90218 0.04999995 -3.08887 67.8831 0.04999995 -3.129096 68.75217 0.04999995 -3.129979 68.77124 0.04999995 -3.170206 69.64031 0.04999995 -3.169323 69.62124 0.04999995 -3.210433 70.50938 0.04999995 -3.20955 70.49031 0.04999995 -3.249777 71.35938 0.04999995 -3.25066 71.37845 0.04999995 -3.290887 72.24752 0.04999995 -3.290004 72.22845 0.04999995 -3.330231 73.09752 0.04999995 -3.331114 73.11659 0.04999995 -3.370458 73.96659 0.04999995 -3.371341 73.98566 0.04999995 -3.411567 74.85473 0.04999995 -3.410685 74.83566 0.04999995 -3.450911 75.70473 0.04999995 -3.451794 75.7238 0.04999995 -3.492021 76.59287 0.04999995 -3.491138 76.5738 0.04999995 -3.531365 77.44287 0.04999995 -3.532248 77.46194 0.04999995 -3.572475 78.33101 0.04999995 -3.571592 78.31194 0.04999995 -3.612702 79.20008 0.04999995 -3.611819 79.18101 0.04999995 -3.652929 80.06915 0.04999995 -3.652046 80.05008 0.04999995 -3.693156 80.93822 0.04999995 -3.692273 80.91915 0.04999995 -3.733382 81.80729 0.04999995 -3.7325 81.78821 0.04999995 -3.772726 82.65728 0.04999995 4.011837 0.1416923 0.1 2.934614 23.40962 0.1 86.11577 32.50287 0.1 141.6929 38.5094 0.1 193.669 44.22059 0.1 193.669 43.94184 0.1 3.226717 23.16131 0.1 4.225693 0.015046 0.1 -0.155203 -0.1740303 0.1 -3.876449 82.94486 0.1 0.361228 83.08784 0.1 2.937493 26.86812 0.1 192.7491 47.80352 0.1 187.3003 99.89324 0.1 41.79326 83.69492 0.1 42.21257 80.10034 0.1 39.67066 79.7928 0.1 38.49 89.46 0.1 41.03513 89.83261 0.1 41.48841 86.30826 0.1 187.0569 102.5446 0.1 0.07792758 81.98333 0.04999995 0.0386666 82.83333 0.04999995 0.1180696 81.11426 0.04999995 0.0788086 81.96426 0.04999995 0.1582115 80.24518 0.04999995 0.1189506 81.09518 0.04999995 0.1983535 79.37611 0.04999995 0.1590925 80.22611 0.04999995 0.2384955 78.50704 0.04999995 0.1992345 79.35704 0.04999995 0.2786374 77.63796 0.04999995 0.2393764 78.48796 0.04999995 0.3187794 76.76889 0.04999995 0.2795184 77.61889 0.04999995 0.3589213 75.89981 0.04999995 0.3196604 76.74981 0.04999995 0.3990633 75.03074 0.04999995 0.3598023 75.88074 0.04999995 0.4392053 74.16167 0.04999995 0.3999443 75.01167 0.04999995 0.4793472 73.29259 0.04999995 0.4400862 74.14259 0.04999995 0.5194892 72.42352 0.04999995 0.4802282 73.27352 0.04999995 0.5596312 71.55445 0.04999995 0.5203702 72.40445 0.04999995 0.5997731 70.68538 0.04999995 0.5605121 71.53538 0.04999995 0.639915 69.8163 0.04999995 0.6006541 70.6663 0.04999995 0.680057 68.94723 0.04999995 0.640796 69.79723 0.04999995 0.720199 68.07816 0.04999995 0.680938 68.92816 0.04999995 0.7603409 67.20908 0.04999995 0.72108 68.05908 0.04999995 0.8004829 66.34001 0.04999995 0.7612219 67.19001 0.04999995 0.8406249 65.47093 0.04999995 0.8013639 66.32094 0.04999995 0.8807668 64.60186 0.04999995 0.8415059 65.45186 0.04999995 0.9209088 63.73279 0.04999995 0.8816478 64.58279 0.04999995 0.9610507 62.86371 0.04999995 0.9217898 63.71371 0.04999995 1.001193 61.99464 0.04999995 0.9619317 62.84464 0.04999995 1.041335 61.12557 0.04999995 1.002074 61.97557 0.04999995 1.081477 60.2565 0.04999995 1.042216 61.1065 0.04999995 1.121619 59.38742 0.04999995 1.082358 60.23742 0.04999995 1.16176 58.51835 0.04999995 1.1225 59.36835 0.04999995 1.201902 57.64927 0.04999995 1.162641 58.49927 0.04999995 1.242044 56.7802 0.04999995 1.202783 57.6302 0.04999995 1.282186 55.91113 0.04999995 1.242925 56.76113 0.04999995 1.322328 55.04205 0.04999995 1.283067 55.89205 0.04999995 1.36247 54.17298 0.04999995 1.323209 55.02298 0.04999995 1.402612 53.30391 0.04999995 1.363351 54.15391 0.04999995 1.442754 52.43483 0.04999995 1.403493 53.28483 0.04999995 1.482896 51.56576 0.04999995 1.443635 52.41576 0.04999995 1.523038 50.69669 0.04999995 1.483777 51.54669 0.04999995 1.56318 49.82761 0.04999995 1.523919 50.67761 0.04999995 1.603322 48.95854 0.04999995 1.564061 49.80854 0.04999995 1.643464 48.08946 0.04999995 1.604203 48.93946 0.04999995 1.683606 47.22039 0.04999995 1.644345 48.07039 0.04999995 1.723748 46.35132 0.04999995 1.684487 47.20132 0.04999995 1.76389 45.48225 0.04999995 1.724629 46.33225 0.04999995 1.804032 44.61317 0.04999995 1.764771 45.46317 0.04999995 1.844174 43.7441 0.04999995 1.804913 44.5941 0.04999995 1.884316 42.87503 0.04999995 1.845055 43.72503 0.04999995 1.924458 42.00595 0.04999995 1.885197 42.85595 0.04999995 1.9646 41.13688 0.04999995 1.925339 41.98688 0.04999995 2.004742 40.2678 0.04999995 1.965481 41.1178 0.04999995 2.044884 39.39873 0.04999995 2.005623 40.24873 0.04999995 2.085026 38.52966 0.04999995 2.045765 39.37966 0.04999995 2.125167 37.66059 0.04999995 2.085906 38.51059 0.04999995 2.16531 36.79151 0.04999995 2.126049 37.64151 0.04999995 2.205451 35.92244 0.04999995 2.16619 36.77244 0.04999995 2.245594 35.05336 0.04999995 2.206333 35.90336 0.04999995 2.285735 34.18429 0.04999995 2.246474 35.03429 0.04999995 2.325877 33.31522 0.04999995 2.286616 34.16522 0.04999995 2.366019 32.44614 0.04999995 2.326758 33.29614 0.04999995 2.406161 31.57707 0.04999995 2.3669 32.42707 0.04999995 2.446303 30.708 0.04999995 2.407042 31.558 0.04999995 2.486445 29.83892 0.04999995 2.447184 30.68892 0.04999995 2.526587 28.96985 0.04999995 2.487326 29.81985 0.04999995 2.566729 28.10078 0.04999995 2.527468 28.95078 0.04999995 2.606871 27.23171 0.04999995 2.56761 28.08171 0.04999995 2.647013 26.36263 0.04999995 2.607752 27.21263 0.04999995 2.687155 25.49356 0.04999995 2.647894 26.34356 0.04999995 2.688036 25.47448 0.04999995 2.727297 24.62448 0.04999995 2.767439 23.75541 0.04999995 2.728178 24.60541 0.04999995 2.807581 22.88634 0.04999995 2.76832 23.73634 0.04999995 2.847723 22.01726 0.04999995 2.808462 22.86726 0.04999995 -0.9241461 20.97212 0.04999995 2.887865 21.14819 0.04999995 2.848604 21.99819 0.04999995 3.676901 23.58593 0 3.50934 26.77039 0.04999995 3.50934 26.77039 0 3.676901 23.58593 0.04999995 4.353024 26.87382 0 4.353024 26.87382 0.04999995 4.520585 23.68935 0 4.520585 23.68935 0.04999995 4.541749 23.68047 0.04999995 4.374187 26.86494 0 4.541749 23.68047 0 4.374187 26.86494 0.04999995 5.217872 26.96836 0.04999995 5.217872 26.96836 0 5.385433 23.78389 0.04999995 5.385433 23.78389 0 5.406596 23.77501 0.04999995 5.239035 26.95948 0 5.406596 23.77501 0 5.239035 26.95948 0.04999995 6.08272 27.06291 0.04999995 6.08272 27.06291 0 6.25028 23.87844 0.04999995 6.25028 23.87844 0 6.271444 23.86956 0.04999995 6.103883 27.05402 0 6.271444 23.86956 0 6.103883 27.05402 0.04999995 6.947567 27.15745 0.04999995 6.947567 27.15745 0 7.115128 23.97298 0.04999995 7.115128 23.97298 0 7.136292 23.9641 0 6.96873 27.14857 0.04999995 6.96873 27.14857 0 7.136292 23.9641 0.04999995 7.812415 27.25199 0.04999995 7.812415 27.25199 0 7.979976 24.06753 0.04999995 7.979976 24.06753 0 8.001139 24.05865 0 7.833578 27.24311 0.04999995 7.833578 27.24311 0 8.001139 24.05865 0.04999995 8.677264 27.34654 0.04999995 8.677264 27.34654 0 8.844823 24.16207 0.04999995 8.844823 24.16207 0 8.865986 24.15319 0 8.698427 27.33766 0.04999995 8.698427 27.33766 0 8.865986 24.15319 0.04999995 9.54211 27.44108 0 9.54211 27.44108 0.04999995 9.709671 24.25662 0.04999995 9.709671 24.25662 0 9.730834 24.24773 0 9.563274 27.4322 0.04999995 9.563274 27.4322 0 9.730834 24.24773 0.04999995 10.40696 27.53562 0.04999995 10.40696 27.53562 0 10.57452 24.35116 0.04999995 10.57452 24.35116 0 10.59568 24.34228 0.04999995 10.42812 27.52674 0 10.59568 24.34228 0 10.42812 27.52674 0.04999995 11.27181 27.63017 0 11.27181 27.63017 0.04999995 11.43937 24.4457 0.04999995 11.43937 24.4457 0 11.46053 24.43682 0.04999995 11.29297 27.62129 0 11.46053 24.43682 0 11.29297 27.62129 0.04999995 12.13665 27.72471 0 12.13665 27.72471 0.04999995 12.30421 24.54025 0.04999995 12.30421 24.54025 0 12.32538 24.53137 0.04999995 12.15782 27.71583 0 12.32538 24.53137 0 12.15782 27.71583 0.04999995 13.0015 27.81926 0 13.0015 27.81926 0.04999995 13.16906 24.63479 0.04999995 13.16906 24.63479 0 13.19022 24.62591 0.04999995 13.02266 27.81038 0 13.19022 24.62591 0 13.02266 27.81038 0.04999995 13.86635 27.9138 0 13.86635 27.9138 0.04999995 14.03391 24.72933 0 14.03391 24.72933 0.04999995 14.05507 24.72045 0.04999995 13.88751 27.90492 0 14.05507 24.72045 0 13.88751 27.90492 0.04999995 14.7312 28.00835 0 14.7312 28.00835 0.04999995 14.89876 24.82388 0 14.89876 24.82388 0.04999995 14.91992 24.815 0.04999995 14.75236 27.99946 0 14.91992 24.815 0 14.75236 27.99946 0.04999995 15.59604 28.10289 0 15.59604 28.10289 0.04999995 15.7636 24.91842 0 15.7636 24.91842 0.04999995 15.78477 24.90954 0.04999995 15.61721 28.09401 0 15.78477 24.90954 0 15.61721 28.09401 0.04999995 16.46089 28.19743 0 16.46089 28.19743 0.04999995 16.62845 25.01297 0.04999995 16.62845 25.01297 0 16.64962 25.00409 0.04999995 16.48205 28.18855 0 16.64962 25.00409 0 16.48205 28.18855 0.04999995 17.32574 28.29198 0.04999995 17.32574 28.29198 0 17.4933 25.10751 0 17.4933 25.10751 0.04999995 17.51446 25.09863 0.04999995 17.3469 28.2831 0 17.51446 25.09863 0 17.3469 28.2831 0.04999995 18.19059 28.38652 0.04999995 18.19059 28.38652 0 18.35815 25.20205 0.04999995 18.35815 25.20205 0 18.37931 25.19317 0.04999995 18.21175 28.37764 0 18.37931 25.19317 0 18.21175 28.37764 0.04999995 19.05543 28.48106 0.04999995 19.05543 28.48106 0 19.22299 25.2966 0 19.22299 25.2966 0.04999995 19.24416 25.28772 0.04999995 19.0766 28.47218 0 19.24416 25.28772 0 19.0766 28.47218 0.04999995 19.92028 28.57561 0.04999995 19.92028 28.57561 0 20.08784 25.39114 0 20.08784 25.39114 0.04999995 20.10901 25.38226 0.04999995 19.94145 28.56673 0 20.10901 25.38226 0 19.94145 28.56673 0.04999995 20.78513 28.67015 0 20.78513 28.67015 0.04999995 20.95269 25.48569 0 20.95269 25.48569 0.04999995 20.97385 25.4768 0.04999995 20.80629 28.66127 0 20.97385 25.4768 0 20.80629 28.66127 0.04999995 21.64998 28.7647 0 21.64998 28.7647 0.04999995 21.81754 25.58023 0 21.81754 25.58023 0.04999995 21.8387 25.57135 0.04999995 21.67114 28.75581 0 21.8387 25.57135 0 21.67114 28.75581 0.04999995 22.51482 28.85924 0 22.51482 28.85924 0.04999995 22.68238 25.67477 0 22.68238 25.67477 0.04999995 22.70355 25.66589 0.04999995 22.53599 28.85036 0 22.70355 25.66589 0 22.53599 28.85036 0.04999995 23.37967 28.95378 0.04999995 23.37967 28.95378 0 23.54723 25.76932 0 23.54723 25.76932 0.04999995 23.5684 25.76044 0.04999995 23.40084 28.9449 0 23.5684 25.76044 0 23.40084 28.9449 0.04999995 24.24452 29.04833 0.04999995 24.24452 29.04833 0 24.41208 25.86386 0.04999995 24.41208 25.86386 0 24.43324 25.85498 0.04999995 24.26568 29.03945 0 24.43324 25.85498 0 24.26568 29.03945 0.04999995 25.10937 29.14287 0.04999995 25.10937 29.14287 0 25.27693 25.95841 0 25.27693 25.95841 0.04999995 25.29809 25.94953 0.04999995 25.13053 29.13399 0 25.29809 25.94953 0 25.13053 29.13399 0.04999995 25.97421 29.23742 0.04999995 25.97421 29.23742 0 26.14178 26.05295 0 26.14178 26.05295 0.04999995 26.16294 26.04407 0.04999995 25.99538 29.22854 0 26.16294 26.04407 0 25.99538 29.22854 0.04999995 26.83906 29.33196 0.04999995 26.83906 29.33196 0 27.00662 26.14749 0.04999995 27.00662 26.14749 0 27.02779 26.13861 0.04999995 26.86023 29.32308 0 27.02779 26.13861 0 26.86023 29.32308 0.04999995 27.70391 29.4265 0.04999995 27.70391 29.4265 0 27.87147 26.24204 0.04999995 27.87147 26.24204 0 27.89263 26.23316 0.04999995 27.72507 29.41762 0 27.89263 26.23316 0 27.72507 29.41762 0.04999995 28.56876 29.52105 0.04999995 28.56876 29.52105 0 28.73632 26.33658 0 28.73632 26.33658 0.04999995 28.75748 26.3277 0 28.58992 29.51217 0.04999995 28.58992 29.51217 0 28.75748 26.3277 0.04999995 29.43361 29.61559 0 29.43361 29.61559 0.04999995 29.60117 26.43113 0 29.60117 26.43113 0.04999995 29.62233 26.42224 0.04999995 29.45477 29.60671 0 29.62233 26.42224 0 29.45477 29.60671 0.04999995 30.29845 29.71013 0 30.29845 29.71013 0.04999995 30.46601 26.52567 0.04999995 30.46601 26.52567 0 30.48718 26.51679 0 30.31962 29.70125 0.04999995 30.31962 29.70125 0 30.48718 26.51679 0.04999995 31.1633 29.80468 0 31.1633 29.80468 0.04999995 31.33086 26.62021 0.04999995 31.33086 26.62021 0 31.35203 26.61133 0.04999995 31.18446 29.7958 0 31.35203 26.61133 0 31.18446 29.7958 0.04999995 32.02815 29.89922 0 32.02815 29.89922 0.04999995 32.19571 26.71476 0.04999995 32.19571 26.71476 0 32.21687 26.70588 0.04999995 32.04931 29.89034 0 32.21687 26.70588 0 32.04931 29.89034 0.04999995 32.893 29.99377 0.04999995 32.893 29.99377 0 33.06056 26.8093 0 33.06056 26.8093 0.04999995 33.08172 26.80042 0.04999995 32.91416 29.98489 0 33.08172 26.80042 0 32.91416 29.98489 0.04999995 33.75784 30.08831 0 33.75784 30.08831 0.04999995 33.92541 26.90385 0 33.92541 26.90385 0.04999995 33.94657 26.89496 0 33.77901 30.07943 0.04999995 33.77901 30.07943 0 33.94657 26.89496 0.04999995 34.62269 30.18286 0 34.62269 30.18286 0.04999995 34.79025 26.99839 0.04999995 34.79025 26.99839 0 34.81141 26.98951 0 34.64386 30.17397 0.04999995 34.64386 30.17397 0 34.81141 26.98951 0.04999995 35.48754 30.2774 0.04999995 35.48754 30.2774 0 35.6551 27.09293 0 35.6551 27.09293 0.04999995 35.67626 27.08405 0 35.5087 30.26852 0.04999995 35.5087 30.26852 0 35.67626 27.08405 0.04999995 36.35239 30.37194 0.04999995 36.35239 30.37194 0 36.51995 27.18748 0.04999995 36.51995 27.18748 0 36.54111 27.1786 0.04999995 36.37355 30.36306 0 36.54111 27.1786 0 36.37355 30.36306 0.04999995 37.21723 30.46649 0 37.21723 30.46649 0.04999995 37.3848 27.28202 0.04999995 37.3848 27.28202 0 37.40596 27.27314 0 37.2384 30.45761 0.04999995 37.2384 30.45761 0 37.40596 27.27314 0.04999995 38.08208 30.56103 0 38.08208 30.56103 0.04999995 38.24964 27.37656 0.04999995 38.24964 27.37656 0 38.2708 27.36768 0.04999995 38.10325 30.55215 0 38.2708 27.36768 0 38.10325 30.55215 0.04999995 38.94693 30.65557 0 38.94693 30.65557 0.04999995 39.11449 27.47111 0.04999995 39.11449 27.47111 0 39.13565 27.46223 0.04999995 38.96809 30.64669 0 39.13565 27.46223 0 38.96809 30.64669 0.04999995 39.81178 30.75012 0 39.81178 30.75012 0.04999995 39.97934 27.56565 0.04999995 39.97934 27.56565 0 40.0005 27.55677 0.04999995 39.83294 30.74124 0 40.0005 27.55677 0 39.83294 30.74124 0.04999995 40.67663 30.84466 0.04999995 40.67663 30.84466 0 40.84419 27.6602 0.04999995 40.84419 27.6602 0 40.86535 27.65132 0.04999995 40.69779 30.83578 0 40.86535 27.65132 0 40.69779 30.83578 0.04999995 41.54147 30.93921 0 41.54147 30.93921 0.04999995 41.70904 27.75474 0 41.70904 27.75474 0.04999995 41.7302 27.74586 0.04999995 41.56264 30.93033 0 41.7302 27.74586 0 41.56264 30.93033 0.04999995 42.40632 31.03375 0 42.40632 31.03375 0.04999995 42.57388 27.84929 0 42.57388 27.84929 0.04999995 42.59504 27.8404 0.04999995 42.42748 31.02487 0 42.59504 27.8404 0 42.42748 31.02487 0.04999995 43.27117 31.12829 0 43.27117 31.12829 0.04999995 43.43873 27.94383 0 43.43873 27.94383 0.04999995 43.45989 27.93495 0.04999995 43.29233 31.11941 0 43.45989 27.93495 0 43.29233 31.11941 0.04999995 44.13602 31.22284 0 44.13602 31.22284 0.04999995 44.30358 28.03837 0.04999995 44.30358 28.03837 0 44.32474 28.02949 0 44.15718 31.21396 0.04999995 44.15718 31.21396 0 44.32474 28.02949 0.04999995 45.00086 31.31738 0.04999995 45.00086 31.31738 0 45.16843 28.13292 0.04999995 45.16843 28.13292 0 45.18959 28.12404 0.04999995 45.02203 31.3085 0 45.18959 28.12404 0 45.02203 31.3085 0.04999995 45.86571 31.41193 0.04999995 45.86571 31.41193 0 46.03327 28.22746 0.04999995 46.03327 28.22746 0 46.05443 28.21858 0.04999995 45.88688 31.40304 0 46.05443 28.21858 0 45.88688 31.40304 0.04999995 46.73056 31.50647 0.04999995 46.73056 31.50647 0 46.89812 28.322 0.04999995 46.89812 28.322 0 46.91928 28.31312 0 46.75172 31.49759 0.04999995 46.75172 31.49759 0 46.91928 28.31312 0.04999995 47.59541 31.60101 0.04999995 47.59541 31.60101 0 47.76297 28.41655 0.04999995 47.76297 28.41655 0 47.78413 28.40767 0 47.61657 31.59213 0.04999995 47.61657 31.59213 0 47.78413 28.40767 0.04999995 48.46025 31.69556 0.04999995 48.46025 31.69556 0 48.62782 28.51109 0.04999995 48.62782 28.51109 0 48.64898 28.50221 0 48.48142 31.68668 0.04999995 48.48142 31.68668 0 48.64898 28.50221 0.04999995 49.3251 31.7901 0.04999995 49.3251 31.7901 0 49.49266 28.60564 0.04999995 49.49266 28.60564 0 49.51382 28.59675 0 49.34627 31.78122 0.04999995 49.34627 31.78122 0 49.51382 28.59675 0.04999995 50.18995 31.88465 0 50.18995 31.88465 0.04999995 50.35751 28.70018 0.04999995 50.35751 28.70018 0 50.37867 28.6913 0 50.21111 31.87577 0.04999995 50.21111 31.87577 0 50.37867 28.6913 0.04999995 51.0548 31.97919 0 51.0548 31.97919 0.04999995 51.22236 28.79472 0 51.22236 28.79472 0.04999995 51.24352 28.78584 0 51.07596 31.97031 0.04999995 51.07596 31.97031 0 51.24352 28.78584 0.04999995 51.91964 32.07373 0 51.91964 32.07373 0.04999995 52.08721 28.88927 0 52.08721 28.88927 0.04999995 52.10837 28.88039 0 51.94081 32.06485 0.04999995 51.94081 32.06485 0 52.10837 28.88039 0.04999995 52.78449 32.16828 0 52.78449 32.16828 0.04999995 52.95205 28.98381 0.04999995 52.95205 28.98381 0 52.97321 28.97493 0 52.80566 32.1594 0.04999995 52.80566 32.1594 0 52.97321 28.97493 0.04999995 53.64934 32.26282 0 53.64934 32.26282 0.04999995 53.8169 29.07836 0.04999995 53.8169 29.07836 0 53.83806 29.06947 0.04999995 53.6705 32.25394 0 53.83806 29.06947 0 53.6705 32.25394 0.04999995 54.51419 32.35737 0 54.51419 32.35737 0.04999995 54.68175 29.1729 0.04999995 54.68175 29.1729 0 54.70291 29.16402 0.04999995 54.53535 32.34848 0 54.70291 29.16402 0 54.53535 32.34848 0.04999995 55.37904 32.45191 0.04999995 55.37904 32.45191 0 55.5466 29.26744 0.04999995 55.5466 29.26744 0 55.56776 29.25856 0 55.4002 32.44303 0.04999995 55.4002 32.44303 0 55.56776 29.25856 0.04999995 56.24388 32.54645 0.04999995 56.24388 32.54645 0 56.41145 29.36199 0.04999995 56.41145 29.36199 0 56.43261 29.35311 0 56.26505 32.53757 0.04999995 56.26505 32.53757 0 56.43261 29.35311 0.04999995 57.10873 32.641 0.04999995 57.10873 32.641 0 57.27629 29.45653 0.04999995 57.27629 29.45653 0 57.29745 29.44765 0 57.12989 32.63212 0.04999995 57.12989 32.63212 0 57.29745 29.44765 0.04999995 57.97358 32.73554 0 57.97358 32.73554 0.04999995 58.14114 29.55108 0 58.14114 29.55108 0.04999995 58.1623 29.54219 0 57.99474 32.72666 0.04999995 57.99474 32.72666 0 58.1623 29.54219 0.04999995 58.83843 32.83009 0 58.83843 32.83009 0.04999995 59.00599 29.64562 0.04999995 59.00599 29.64562 0 59.02715 29.63674 0 58.85959 32.8212 0.04999995 58.85959 32.8212 0 59.02715 29.63674 0.04999995 59.70327 32.92463 0 59.70327 32.92463 0.04999995 59.87084 29.74016 0.04999995 59.87084 29.74016 0 59.892 29.73128 0 59.72444 32.91575 0.04999995 59.72444 32.91575 0 59.892 29.73128 0.04999995 60.56812 33.01917 0 60.56812 33.01917 0.04999995 60.73568 29.83471 0.04999995 60.73568 29.83471 0 60.75684 29.82583 0 60.58929 33.01029 0.04999995 60.58929 33.01029 0 60.75684 29.82583 0.04999995 61.43297 33.11372 0 61.43297 33.11372 0.04999995 61.60053 29.92925 0 61.60053 29.92925 0.04999995 61.62169 29.92037 0.04999995 61.45413 33.10484 0 61.62169 29.92037 0 61.45413 33.10484 0.04999995 62.29782 33.20826 0.04999995 62.29782 33.20826 0 62.46538 30.02379 0 62.46538 30.02379 0.04999995 62.48654 30.01491 0.04999995 62.31898 33.19938 0 62.48654 30.01491 0 62.31898 33.19938 0.04999995 63.16266 33.3028 0.04999995 63.16266 33.3028 0 63.33023 30.11834 0 63.33023 30.11834 0.04999995 63.35139 30.10946 0 63.18383 33.29393 0.04999995 63.18383 33.29393 0 63.35139 30.10946 0.04999995 64.02751 33.39735 0.04999995 64.02751 33.39735 0 64.19507 30.21288 0 64.19507 30.21288 0.04999995 64.21623 30.204 0 64.04868 33.38847 0.04999995 64.04868 33.38847 0 64.21623 30.204 0.04999995 64.89236 33.49189 0.04999995 64.89236 33.49189 0 65.05992 30.30743 0 65.05992 30.30743 0.04999995 65.08108 30.29854 0 64.91352 33.48301 0.04999995 64.91352 33.48301 0 65.08108 30.29854 0.04999995 65.7572 33.58644 0 65.7572 33.58644 0.04999995 65.92477 30.40197 0 65.92477 30.40197 0.04999995 65.94593 30.39309 0.04999995 65.77837 33.57755 0 65.94593 30.39309 0 65.77837 33.57755 0.04999995 66.62205 33.68098 0.04999995 66.62205 33.68098 0 66.78962 30.49652 0.04999995 66.78962 30.49652 0 66.81078 30.48763 0.04999995 66.64322 33.6721 0 66.81078 30.48763 0 66.64322 33.6721 0.04999995 67.4869 33.77552 0 67.4869 33.77552 0.04999995 67.65446 30.59106 0 67.65446 30.59106 0.04999995 67.67562 30.58218 0.04999995 67.50806 33.76664 0 67.67562 30.58218 0 67.50806 33.76664 0.04999995 68.35175 33.87007 0.04999995 68.35175 33.87007 0 68.51931 30.6856 0.04999995 68.51931 30.6856 0 68.54048 30.67672 0.04999995 68.37291 33.86119 0 68.54048 30.67672 0 68.37291 33.86119 0.04999995 69.21659 33.96461 0 69.21659 33.96461 0.04999995 69.38416 30.78015 0 69.38416 30.78015 0.04999995 69.40532 30.77127 0.04999995 69.23776 33.95573 0 69.40532 30.77127 0 69.23776 33.95573 0.04999995 70.08145 34.05916 0.04999995 70.08145 34.05916 0 70.24901 30.87469 0 70.24901 30.87469 0.04999995 70.27017 30.86581 0 70.10261 34.05027 0.04999995 70.10261 34.05027 0 70.27017 30.86581 0.04999995 70.94629 34.1537 0.04999995 70.94629 34.1537 0 71.11385 30.96923 0 71.11385 30.96923 0.04999995 71.13502 30.96035 0.04999995 70.96745 34.14482 0 71.13502 30.96035 0 70.96745 34.14482 0.04999995 71.81114 34.24825 0.04999995 71.81114 34.24825 0 71.9787 31.06378 0 71.9787 31.06378 0.04999995 71.99987 31.0549 0 71.8323 34.23936 0.04999995 71.8323 34.23936 0 71.99987 31.0549 0.04999995 72.67598 34.34279 0.04999995 72.67598 34.34279 0 72.84355 31.15832 0 72.84355 31.15832 0.04999995 72.86471 31.14944 0 72.69715 34.33391 0.04999995 72.69715 34.33391 0 72.86471 31.14944 0.04999995 73.54084 34.43733 0.04999995 73.54084 34.43733 0 73.7084 31.25287 0 73.7084 31.25287 0.04999995 73.72956 31.24398 0.04999995 73.56201 34.42845 0 73.72956 31.24398 0 73.56201 34.42845 0.04999995 74.40568 34.53187 0.04999995 74.40568 34.53187 0 74.57324 31.34741 0 74.57324 31.34741 0.04999995 74.59441 31.33853 0 74.42684 34.523 0.04999995 74.42684 34.523 0 74.59441 31.33853 0.04999995 75.27053 34.62642 0.04999995 75.27053 34.62642 0 75.43809 31.44196 0.04999995 75.43809 31.44196 0 75.45926 31.43307 0.04999995 75.2917 34.61754 0 75.45926 31.43307 0 75.2917 34.61754 0.04999995 76.13537 34.72096 0.04999995 76.13537 34.72096 0 76.30294 31.5365 0 76.30294 31.5365 0.04999995 76.3241 31.52762 0 76.15654 34.71208 0.04999995 76.15654 34.71208 0 76.3241 31.52762 0.04999995 77.00023 34.81551 0.04999995 77.00023 34.81551 0 77.16779 31.63104 0.04999995 77.16779 31.63104 0 77.18895 31.62216 0.04999995 77.02139 34.80663 0 77.18895 31.62216 0 77.02139 34.80663 0.04999995 77.86507 34.91005 0.04999995 77.86507 34.91005 0 78.03263 31.72559 0 78.03263 31.72559 0.04999995 78.0538 31.71671 0.04999995 77.88623 34.90117 0 78.0538 31.71671 0 77.88623 34.90117 0.04999995 78.72992 35.0046 0.04999995 78.72992 35.0046 0 78.89748 31.82013 0 78.89748 31.82013 0.04999995 78.91865 31.81125 0 78.75109 34.99571 0.04999995 78.75109 34.99571 0 78.91865 31.81125 0.04999995 79.59477 35.09914 0.04999995 79.59477 35.09914 0 79.76233 31.91467 0 79.76233 31.91467 0.04999995 79.78349 31.90579 0.04999995 79.61593 35.09026 0 79.78349 31.90579 0 79.61593 35.09026 0.04999995 80.45962 35.19368 0.04999995 80.45962 35.19368 0 80.62718 32.00922 0 80.62718 32.00922 0.04999995 80.64834 32.00034 0.04999995 80.48078 35.1848 0 80.64834 32.00034 0 80.48078 35.1848 0.04999995 81.32446 35.28823 0.04999995 81.32446 35.28823 0 81.49202 32.10376 0 81.49202 32.10376 0.04999995 81.51319 32.09488 0 81.34562 35.27935 0.04999995 81.34562 35.27935 0 81.51319 32.09488 0.04999995 82.18931 35.38277 0.04999995 82.18931 35.38277 0 82.35688 32.19831 0 82.35688 32.19831 0.04999995 82.37804 32.18942 0.04999995 82.21048 35.37389 0 82.37804 32.18942 0 82.21048 35.37389 0.04999995 83.05416 35.47732 0.04999995 83.05416 35.47732 0 83.22172 32.29285 0 83.22172 32.29285 0.04999995 83.24288 32.28397 0 83.07532 35.46843 0.04999995 83.07532 35.46843 0 83.24288 32.28397 0.04999995 83.91901 35.57186 0 83.91901 35.57186 0.04999995 84.08657 32.38739 0 84.08657 32.38739 0.04999995 84.10773 32.37851 0.04999995 83.94017 35.56298 0 84.10773 32.37851 0 83.94017 35.56298 0.04999995 84.78385 35.6664 0.04999995 84.78385 35.6664 0 84.95141 32.48194 0.04999995 84.95141 32.48194 0 84.97258 32.47306 0 84.80502 35.65752 0.04999995 84.80502 35.65752 0 84.97258 32.47306 0.04999995 85.6487 35.76095 0.04999995 85.6487 35.76095 0 85.81627 32.57648 0 85.81627 32.57648 0.04999995 85.83743 32.5676 0.04999995 85.66987 35.75207 0 85.83743 32.5676 0 85.66987 35.75207 0.04999995 86.51355 35.85549 0.04999995 86.51355 35.85549 0 86.68111 32.67103 0 86.68111 32.67103 0.04999995 86.70227 32.66214 0 86.53471 35.84661 0.04999995 86.53471 35.84661 0 86.70227 32.66214 0.04999995 87.3784 35.95004 0.04999995 87.3784 35.95004 0 87.54596 32.76557 0 87.54596 32.76557 0.04999995 87.56713 32.75669 0.04999995 87.39956 35.94115 0 87.56713 32.75669 0 87.39956 35.94115 0.04999995 88.24324 36.04458 0.04999995 88.24324 36.04458 0 88.4108 32.86011 0 88.4108 32.86011 0.04999995 88.43197 32.85123 0 88.26441 36.0357 0.04999995 88.26441 36.0357 0 88.43197 32.85123 0.04999995 89.10809 36.13912 0.04999995 89.10809 36.13912 0 89.27566 32.95466 0 89.27566 32.95466 0.04999995 89.29682 32.94578 0.04999995 89.12926 36.13024 0 89.29682 32.94578 0 89.12926 36.13024 0.04999995 89.97294 36.23367 0.04999995 89.97294 36.23367 0 90.1405 33.0492 0 90.1405 33.0492 0.04999995 90.16166 33.04032 0.04999995 89.9941 36.22479 0 90.16166 33.04032 0 89.9941 36.22479 0.04999995 90.83779 36.32821 0.04999995 90.83779 36.32821 0 91.00535 33.14375 0 91.00535 33.14375 0.04999995 91.02652 33.13486 0.04999995 90.85895 36.31933 0 91.02652 33.13486 0 90.85895 36.31933 0.04999995 91.70263 36.42275 0.04999995 91.70263 36.42275 0 91.8702 33.23829 0 91.8702 33.23829 0.04999995 186.2536 102.3718 0 187.0979 102.4703 0.00999999 187.0979 102.4703 0 186.2536 102.3718 0.00999999 187.376 100.086 0 187.376 100.086 0.00999999 186.5318 99.98753 0.00999999 186.5318 99.98753 0 41.86973 81.90016 0 41.97182 81.05631 0.04999995 41.97182 81.05631 0 41.86973 81.90016 0.04999995 39.62051 80.77184 0.04999995 39.62051 80.77184 0 39.51841 81.61569 0 39.51841 81.61569 0.04999995 41.76524 82.76386 0 41.86733 81.92002 0.04999995 41.86733 81.92002 0 41.76524 82.76386 0.04999995 39.51601 81.63555 0.04999995 39.51601 81.63555 0 39.41392 82.47939 0.04999995 39.41392 82.47939 0 41.66075 83.62756 0 41.76284 82.78372 0.04999995 41.76284 82.78372 0 41.66075 83.62756 0.04999995 39.41152 82.49925 0.04999995 39.41152 82.49925 0 39.30943 83.34309 0.04999995 39.30943 83.34309 0 41.13828 87.94608 0 41.24037 87.10223 0.04999995 41.24037 87.10223 0 41.13828 87.94608 0.04999995 38.88905 86.81776 0 38.88905 86.81776 0.04999995 38.78696 87.6616 0 38.78696 87.6616 0.04999995 41.03378 88.80977 0 41.13587 87.96593 0.04999995 41.13587 87.96593 0 41.03378 88.80977 0.04999995 38.78455 87.68146 0 38.78455 87.68146 0.04999995 38.68246 88.5253 0 38.68246 88.5253 0.04999995 40.92929 89.67348 0 41.03138 88.82963 0.04999995 41.03138 88.82963 0 40.92929 89.67348 0.04999995 38.68006 88.54516 0.04999995 38.68006 88.54516 0 38.57797 89.38901 0.04999995 38.57797 89.38901 0</float_array>
          <technique_common>
            <accessor source="#Compound-mesh-positions-array" count="4104" stride="3">
              <param name="X" type="float"/>
              <param name="Y" type="float"/>
              <param name="Z" type="float"/>
            </accessor>
          </technique_common>
        </source>
        <source id="Compound-mesh-normals">
          <float_array id="Compound-mesh-normals-array" count="8847">0.9927623 0.1200954 0 0.9927597 0.1201176 0 0.1201106 -0.9927605 0 0.1201104 -0.9927605 0 -0.9927603 -0.1201131 0 -0.9927609 -0.1201076 0 -0.1201138 0.9927601 0 -0.1201133 0.9927602 0 0 0 1 0 0 1 0 0 -1 -0.1158574 0.9932659 0 -0.1158542 0.9932663 0 0.9932658 0.1158585 0 0.1158574 -0.9932659 0 0.1158542 -0.9932663 0 -0.9932658 -0.1158585 0 0 0 1 -0.1158751 0.9932638 0 -0.1158719 0.9932642 0 0.9932683 0.115837 0 0.993266 0.1158567 0 0.1158736 -0.9932641 0 0.1158671 -0.9932647 0 -0.9932613 -0.1158966 0 -0.9932624 -0.1158868 0 0 0 1 -0.115884 0.9932627 0 -0.1158808 0.9932633 0 0.993268 0.1158396 0 0.9932656 0.1158592 0 0.1158631 -0.9932653 0 0.1158663 -0.9932649 0 -0.9932656 -0.11586 0 -0.9932679 -0.1158404 0 0 0 1 0 0 1 -0.1158937 0.9932617 0 -0.1159002 0.9932609 0 0.9932624 0.1158868 0 0.9932613 0.1158966 0 -0.9932681 -0.1158385 0 -0.9932658 -0.1158581 0 0 0 1 0.9932655 0.1158604 0 0.9932667 0.1158505 0 -0.9932667 -0.1158513 0 -0.9932655 -0.1158611 0 0 0 1 0 0 1 0.9932658 0.1158581 0 -0.9932657 -0.1158589 0 0 0 1 -0.1157479 0.9932787 0 0.9932677 0.1158415 0 0.9932655 0.1158611 0 -0.9932614 -0.1158959 0 0 0 1 0.9932669 0.1158487 0 -0.9932668 -0.1158494 0 -0.9932656 -0.1158592 0 -0.1159026 0.9932606 0 0.9932615 0.1158952 0 0.9932626 0.1158853 0 -0.993266 -0.115857 0 0 0 1 0 0 1 0 0 1 -0.1158848 0.9932627 0 0.9932637 0.1158766 0 0.9932625 0.1158865 0 -0.9932681 -0.1158382 0 -0.9932658 -0.1158577 0 0 0 1 0.9932656 0.11586 0 0.9932667 0.1158502 0 0.1158704 -0.9932644 0 -0.9932621 -0.1158901 0 -0.993261 -0.1158999 0 0 0 1 0.9932658 0.1158577 0 0.9932669 0.115848 0 -0.9932669 -0.1158491 0 -0.1157656 0.9932765 0 0.9932679 0.1158407 0 -0.9932625 -0.115886 0 0.9932681 0.1158389 0 0.1158751 -0.9932638 0 0.1158719 -0.9932642 0 -0.9932681 -0.1158389 0 0 0 1 0.9932625 0.115886 0 0.9932614 0.1158959 0 -0.9932683 -0.1158375 0 0 0 1 0 0 1 -0.9932656 -0.1158596 0 -0.9932668 -0.1158498 0 0 0 1 0 0 1 0.993266 0.115857 0 0.9932671 0.1158472 0 -0.9932669 -0.115848 0 -0.1158784 0.9932635 0 0.9932668 0.1158498 0 0.9932656 0.1158596 0 0.115876 -0.9932638 0 0.1158824 -0.993263 0 -0.9932622 -0.1158894 0 0 0 1 -0.9932669 -0.1158487 0 0 0 1 -0.1157906 0.9932736 0 -0.1157874 0.993274 0 0.993261 0.1158992 0 0.9932622 0.1158894 0 -0.9932671 -0.1158465 0 -0.9932661 -0.1158563 0 0 0 1 0.9932681 0.1158385 0 -0.9932681 -0.1158393 0 -0.1158687 0.9932646 0 0.9932683 0.1158367 0 0.9932671 0.1158465 0 0 0 1 0.9932668 0.1158494 0 -0.993261 -0.1158992 0 -0.1158872 0.9932624 0 -0.9932683 -0.1158378 0 -0.9932659 -0.1158574 0 0 0 1 -0.9986186 -0.05254548 0 -0.9986186 -0.0525453 0 -0.1216708 0.9925706 0 -0.1216709 0.9925705 0 0.9986186 0.05254548 0 0.9986186 0.05254566 0 0.1216819 -0.9925692 0 0.1216819 -0.9925692 0 0 0 1 0 0 1 0.04614013 -0.9989351 0 -0.998935 -0.04614013 0 -0.04614019 0.9989351 0 0.998935 0.04614019 0 0 0 1 0.04614007 -0.9989351 0 -0.998935 -0.04614013 0 -0.998935 -0.04614013 0 -0.04614007 0.9989351 0 0 0 1 0 0 1 0.04614031 -0.9989351 0 -0.998935 -0.04614013 0 -0.998935 -0.04614013 0 -0.04614037 0.9989351 0 0.998935 0.04614019 0 0 0 1 -0.998935 -0.04614019 0 -0.998935 -0.04614019 0 -0.04614007 0.9989351 0 0.998935 0.04614019 0 0 0 1 0 0 1 0.04614031 -0.9989351 0 -0.998935 -0.04614007 0 -0.998935 -0.04614007 0 -0.04614031 0.9989351 0 0.04614007 -0.9989351 0 -0.998935 -0.04614025 0 -0.04614007 0.998935 0 0.9989351 0.0461409 0 0 0 1 0.04614031 -0.998935 0 -0.04614031 0.998935 0 0.04614007 -0.998935 0 0 0 1 -0.9989351 -0.04614013 0 -0.9989351 -0.04614013 0 -0.04613995 0.998935 0 -0.04613995 0.9989351 0 0.9989351 0.04613947 0 0 0 1 -0.9989351 -0.04614001 0 -0.9989351 -0.04614007 0 0.9989351 0.04614019 0 0 0 1 -0.9989351 -0.04614025 0 -0.04613983 0.998935 0 -0.04613983 0.998935 0 0.9989351 0.0461409 0 0 0 1 0.04614007 -0.998935 0 -0.9989351 -0.04614025 0 -0.0461418 0.9989349 0 -0.0461418 0.998935 0 0.9989351 0.04613989 0 0.9989351 0.04613918 0 0.04614156 -0.998935 0 0.04614156 -0.9989349 0 -0.9989351 -0.04614031 0 -0.9989351 -0.04614019 0 -0.04614156 0.998935 0 -0.04614156 0.998935 0 0 0 1 0.04613906 -0.9989351 0 0.04613906 -0.9989351 0 -0.04613882 0.9989351 0 0 0 1 0.04614156 -0.998935 0 0.9989351 0.04613947 0 0.9989351 0.04614084 0 -0.04613906 0.9989351 0 0.9989351 0.04614013 0 -0.04613906 0.9989351 0 0.9989351 0.04613876 0 -0.04614156 0.9989349 0 0.04614156 -0.9989349 0 -0.9989351 -0.04613965 0 -0.04613882 0.9989351 0 0.9989351 0.04613953 0 0.04613929 -0.9989351 0 -0.04613882 0.9989351 0 0.9989351 0.04614025 0 0.0461418 -0.998935 0 0.0461418 -0.9989349 0 -0.0461418 0.998935 0 -0.04613929 0.9989351 0 0.0461418 -0.9989349 0 -0.0461418 0.9989349 0 0.1201088 -0.9927608 0 0.1201085 -0.9927608 0 0.1200955 -0.9927623 0 0.1201068 -0.992761 -3.22123e-4 0.9929013 0.1189413 0 0.9927613 0.1201043 0 0.992761 0.1201065 4.38268e-5 0.9927597 0.1201182 0 -0.9927611 -0.1201065 0 -0.9927617 -0.120101 0 -0.1201072 0.992761 0 -0.120107 0.992761 0 0 0 1 -0.1201138 0.9927602 0 -0.1201066 0.992761 0 -0.1201066 0.992761 0 -0.1201071 0.992761 -1.61062e-4 0.9927594 0.1201204 0 0.9927603 0.1201134 0 0.1201071 -0.992761 0 0.1201066 -0.992761 0 0.1201079 -0.9927608 0 0.1201068 -0.9927611 0 0 0 1 -0.1200991 0.9927619 0 -0.1201082 0.9927609 0 -0.1201085 0.9927608 0 -0.1201068 0.992761 2.41592e-4 0.9927617 0.1201018 0 0.9927608 0.1201086 0 0.120105 -0.9927613 0 0.1201055 -0.9927611 0 0.1201595 -0.9927546 0 0.1201137 -0.9927601 3.22125e-4 -0.9927604 -0.1201121 0 0 0 1 0.9927671 0.1200566 0 0.9927657 0.1200677 0 0.9927594 0.1201195 0 0.992761 0.1201065 2.10369e-4 0.120107 -0.992761 0 0.1201068 -0.9927611 0 -0.1201075 0.9927609 0 -0.1201063 0.9927611 0 -0.1201068 0.9927611 0 -0.1201071 0.992761 0 -0.1158334 0.9932687 0 -0.115842 0.9932677 0 -0.9932877 -0.1156705 0 -0.993322 -0.1153764 0 0 0 1 0 0 1 0 0 1 0 0 1 0 0 1 0 0 1 0 0 1 0 0 1 0 0 1 0.9932647 0.1158678 0 0.993265 0.1158653 0 0.1158425 -0.9932677 0 0.1158411 -0.9932678 0 -0.9932585 -0.1159207 0 -0.9932656 -0.1158593 0 -0.9932653 -0.1158617 0 0.9932647 0.1158671 0 0.9932651 0.1158646 0 0.1158679 -0.9932646 0 0.1158671 -0.9932648 0 0 0 1 -0.9932655 -0.1158614 0 -0.9932651 -0.1158639 0 0.9932652 0.1158635 0 0.9932649 0.115866 0 0.1158583 -0.9932658 0 0 0 1 -0.9932652 -0.1158631 0 0.9932647 0.1158677 0 0.115859 -0.9932657 0 0 0 1 -0.993265 -0.1158649 0 -0.9932647 -0.1158673 0 0.9932647 0.115867 0 0.9932651 0.1158645 0 0 0 1 -0.9932652 -0.1158642 0 0.9932652 0.1158638 0 0.9932657 0.1158589 0 0.1158599 -0.9932656 0 0 0 1 -0.9932646 -0.115868 0 -0.9932649 -0.1158655 0 0.9932653 0.1158631 0 0.993265 0.1158656 0 0.1158687 -0.9932646 0 0 0 1 -0.993265 -0.1158652 0 -0.9932647 -0.1158677 0 0.993265 0.1158652 0 0.9932647 0.1158677 0 0 0 1 -0.9932652 -0.1158641 0 -0.9932649 -0.1158666 0 0.9932652 0.1158638 0 0.9932657 0.1158588 0 0.115851 -0.9932666 0 0 0 1 -0.9932649 -0.1158658 0 0.9932649 0.1158659 0 0.9932655 0.1158609 0 0.1158502 -0.9932668 0 0 0 1 -0.993265 -0.1158648 0 -0.9932653 -0.1158623 0 0.9932653 0.1158623 0 0 0 1 0 0 1 -0.9932649 -0.1158661 0 -0.9932655 -0.1158612 0 0.9932649 0.1158666 0 0 0 1 -0.9932649 -0.1158654 0 0.9932649 0.1158662 0 0 0 1 -0.9932656 -0.1158601 0 -0.993265 -0.1158651 0 0.9932656 0.1158602 0 0.993265 0.1158651 0 0.1158607 -0.9932656 0 0 0 1 -0.993265 -0.1158643 0 -0.9932645 -0.1158693 0 0.993265 0.1158648 0 0.9932656 0.1158598 0 0 0 1 -0.9932646 -0.1158682 0 -0.9932653 -0.1158633 0 0.9932651 0.1158637 0 0.9932658 0.1158587 0 0 0 1 -0.9932653 -0.1158626 0 -0.9932647 -0.1158675 0 0.9932653 0.115863 0 0.9932647 0.1158679 0 0 0 1 -0.9932655 -0.1158611 0 0.9932654 0.1158615 0 0 0 1 -0.9932661 -0.1158554 0 -0.993265 -0.1158654 0 0.9932643 0.1158711 0 0.9932649 0.1158661 0 0 0 1 -0.993265 -0.115865 0 -0.9932656 -0.11586 0 0.9932656 0.1158601 0 0.9932644 0.11587 0 0 0 1 -0.9932651 -0.1158643 0 0.9932644 0.1158697 0 0 0 1 -0.9932658 -0.1158586 0 -0.9932652 -0.1158636 0 0.9932651 0.1158639 0 0.1158695 -0.9932644 0 0 0 1 0 0 1 -0.9932647 -0.1158674 0 -0.9932653 -0.1158624 0 0.9932652 0.1158629 0 0 0 1 -0.9932649 -0.1158663 0 -0.9932655 -0.1158614 0 0.9932648 0.1158671 0 0.9932653 0.1158621 0 0 0 1 -0.9932644 -0.1158702 0 -0.993265 -0.1158652 0 0.9932655 0.1158607 0 0.9932649 0.1158656 0 0 0 1 -0.993265 -0.1158649 0 -0.9932656 -0.1158599 0 0.993265 0.1158649 0 0.9932656 0.1158599 0 0 0 1 -0.9932657 -0.1158592 0 -0.9932646 -0.1158691 0 0.993265 0.1158645 0 0 0 1 -0.9932652 -0.1158634 0 0.9932657 0.1158588 0 0.9932646 0.1158688 0 0 0 1 -0.9932647 -0.1158677 0 -0.9932653 -0.1158627 0 0.9932653 0.1158627 0 0.9932641 0.1158727 0 0 0 1 -0.9932655 -0.1158616 0 0.9932654 0.115862 0 0 0 1 -0.9932649 -0.1158658 0 -0.9932655 -0.1158609 0 0.9932649 0.1158659 0 0.9932644 0.1158709 0 0 0 1 -0.9932644 -0.1158701 0 0.993265 0.1158652 0 0.9932656 0.1158602 0 0 0 1 -0.993265 -0.1158644 0 -0.9932645 -0.1158694 0 0.993265 0.1158648 0 0 0 1 0 0 1 -0.9932658 -0.1158583 0 -0.9932652 -0.1158633 0 0.9932646 0.1158691 0 0.9932651 0.1158641 0 0.1158767 -0.9932636 0 0 0 1 -0.9932641 -0.1158726 0 -0.9932647 -0.1158676 0 0.9932647 0.115868 0 0.9932653 0.115863 0 0 0 1 -0.9932648 -0.1158668 0 0.9932653 0.1158619 0 0 0 1 -0.9932654 -0.1158615 0 0.9932655 0.1158611 0 0 0 1 -0.9932662 -0.1158554 0 -0.993265 -0.1158654 0 0.993265 0.1158651 0 0.1158558 -0.9932661 0 0 0 1 -0.9932645 -0.1158697 0 -0.9932651 -0.1158647 0 0.993265 0.1158647 0 0.9932662 0.1158547 0 0 0 1 -0.9932651 -0.1158639 0 -0.9932658 -0.1158589 0 0.9932657 0.115859 0 0.9932651 0.115864 0 0 0 1 -0.9932652 -0.1158632 0 0.9932653 0.1158633 0 0.9932646 0.1158683 0 0 0 1 -0.9932647 -0.1158679 0 -0.9932652 -0.1158629 0 0.9932641 0.1158726 0 0.9932653 0.1158625 0 0 0 1 -0.9932653 -0.1158618 0 0.9932653 0.1158618 0 0.993266 0.1158568 0 0 0 1 -0.993265 -0.1158653 0 0.9932649 0.1158664 0 0.9932643 0.1158715 0 0 0 1 0 0 1 -0.9932656 -0.1158595 0 -0.9932645 -0.1158696 0 0.993265 0.1158649 0 0.9932644 0.11587 0 0 0 1 -0.9932646 -0.1158689 0 -0.9932658 -0.1158588 0 0.9932656 0.1158596 0 0 0 1 -0.9932647 -0.1158682 0 -0.9932652 -0.1158631 0 0.9932646 0.1158685 0 0.9932652 0.1158635 0 0 0 1 -0.9932647 -0.1158678 0 0.9932653 0.1158628 0 0.9932647 0.1158678 0 0 0 1 -0.9932659 -0.1158566 0 -0.9932654 -0.1158617 0 0.9932653 0.1158624 0 0.9932642 0.1158725 0 0 0 1 -0.9932649 -0.1158655 0 -0.9932655 -0.1158605 0 0.9932655 0.1158613 0 0 0 1 -0.9932651 -0.1158645 0 -0.9932656 -0.1158594 0 0.993265 0.1158652 0 0 0 1 -0.9932657 -0.1158587 0 0.9932653 0.1158618 0 0.9932665 0.1158518 0 0 0 1 -0.9932645 -0.1158697 0 0.9932647 0.1158678 0 0.9932658 0.1158577 0 0 0 1 -0.993265 -0.1158655 0 -0.9932661 -0.1158555 0 0.9932647 0.1158683 0 0 0 1 0 0 1 -0.9932656 -0.1158607 0 -0.993265 -0.1158657 0 0.9932651 0.1158645 0 0.9932656 0.1158595 0 0 0 1 -0.9932648 -0.1158666 0 -0.9932654 -0.1158615 0 0.993265 0.1158651 0 0.9932644 0.1158701 0 0 0 1 -0.9932659 -0.1158574 0 -0.9932653 -0.1158624 0 0.9932649 0.115866 0 0 0 1 -0.9932652 -0.1158629 0 0.9932655 0.1158611 0 0.9932649 0.1158661 0 0 0 1 -0.9932652 -0.1158635 0 0.9932653 0.115862 0 0 0 1 -0.9932645 -0.115869 0 0.9932647 0.1158679 0 0.9932653 0.1158629 0 0.1158784 -0.9932635 0 0 0 1 -0.9932651 -0.1158645 0 -0.9932656 -0.1158595 0 0.9932658 0.1158587 0 0.9932652 0.1158637 0 0 0 1 0 0 1 -0.9932644 -0.11587 0 -0.993265 -0.115865 0 0.9932651 0.1158639 0 0.9932646 0.1158689 0 0 0 1 -0.9932655 -0.1158612 0 -0.993266 -0.1158562 0 0.9932651 0.1158648 0 0.9932656 0.1158597 0 0 0 1 -0.9932649 -0.1158664 0 0.9932645 0.1158699 0 0.993265 0.1158649 0 0 0 1 -0.9932659 -0.1158573 0 -0.9932654 -0.1158623 0 0.9932649 0.1158661 0 0.9932655 0.1158611 0 0 0 1 -0.9932653 -0.1158628 0 -0.9932658 -0.1158577 0 0.9932655 0.1158617 0 0 0 1 -0.9932646 -0.1158687 0 -0.9932658 -0.1158586 0 0.9932647 0.1158676 0 0.9932653 0.1158625 0 0 0 1 -0.993265 -0.1158649 0 -0.9932656 -0.1158599 0 0.9932664 0.115853 0 0.9932658 0.115858 0 0.1158623 -0.9932653 0 0.1158639 -0.9932651 0 0 0 1 -0.9932655 -0.1158604 0 -0.9932661 -0.1158554 0 0.9932663 0.1158539 0 0.9932652 0.1158639 0 0 0 1 0 0 1 -0.9932615 -0.1158953 0 0.9932698 0.1158246 0 0.9932686 0.1158347 0 0.1158881 -0.9932623 0 0 0 1 -0.9932648 -0.1158664 0 0.9932662 0.1158549 0 0.9932685 0.1158348 0 0 0 1 -0.9932637 -0.1158766 0 0.9932614 0.1158956 0 0.9932603 0.1159057 0 0 0 1 -0.9932671 -0.1158478 0 0.9932637 0.1158768 0 0.9932649 0.1158667 0 0 0 1 -0.9932647 -0.1158683 0 -0.9932658 -0.1158583 0 0.9932637 0.1158769 0 0 0 1 -0.9932634 -0.1158792 0 0.9932669 0.1158481 0 0.9932658 0.1158581 0 0 0 1 -0.9932668 -0.1158497 0 0.9932646 0.1158686 0 0 0 1 -0.9932643 -0.1158707 0 -0.9932667 -0.1158506 0 0.9932634 0.1158792 0 0 0 1 -0.9932644 -0.1158704 0 -0.9932656 -0.1158604 0 0.9932667 0.11585 0 0 0 1 -0.9932631 -0.1158817 0 0.9932656 0.1158598 0 0 0 1 -0.9932619 -0.1158922 0 0.9932679 0.1158406 0 0.9932702 0.1158206 0 0 0 1 -0.9932652 -0.1158634 0 0.993263 0.115882 0 0.9932619 0.115892 0 0 0 1 -0.9932641 -0.1158736 0 0.9932618 0.1158925 0 0.9932606 0.1159025 0 0 0 1 0 0 1 -0.9932674 -0.1158444 0 0.9932653 0.1158629 0 0.9932641 0.115873 0 0 0 1 -0.9932662 -0.115855 0 -0.993265 -0.1158649 0 0.9932628 0.1158838 0 0 0 1 -0.9932696 -0.1158258 0 -0.9932684 -0.1158359 0 0.9932663 0.115854 0 0 0 1 -0.9932671 -0.1158468 0 0.993265 0.1158649 0 0 0 1 -0.9932613 -0.1158968 0 0.9932672 0.1158453 0 0.9932684 0.1158353 0 0.1158848 -0.9932627 0 0 0 1 -0.9932647 -0.1158674 0 0.9932672 0.1158466 0 0 0 1 -0.9932634 -0.115879 0 -0.9932622 -0.115889 0 0.9932648 0.1158664 0 0.993266 0.1158564 0 0.1158453 -0.9932674 0 0.1158486 -0.9932669 0 0 0 1 0 0 1 -0.9932668 -0.1158491 0 0.9932637 0.1158769 0 0 0 1 -0.9932657 -0.1158593 0 0.9932624 0.1158878 0 0.9932636 0.1158778 0 0 0 1 -0.9932632 -0.1158805 0 0.993267 0.1158483 0 0.9932658 0.1158583 0 0 0 1 -0.9932679 -0.1158407 0 -0.9932656 -0.1158607 0 0.9932645 0.1158692 0 0 0 1 -0.9932653 -0.1158619 0 0.9932678 0.1158404 0 0.1158792 -0.9932634 0 0 0 1 -0.9932675 -0.1158429 0 -0.9932687 -0.1158329 0 0.9932667 0.1158506 0 0 0 1 -0.9932629 -0.1158832 0 0.9932653 0.1158618 0 0.9932643 0.1158718 0 0 0 1 -0.9932617 -0.1158937 0 -0.9932605 -0.1159037 0 0.9932688 0.1158324 0 0.9932677 0.1158424 0 0 0 1 -0.993264 -0.1158739 0 0.9932607 0.115902 0 0.9932631 0.1158821 0 0 0 1 -0.993264 -0.1158744 0 -0.9932627 -0.1158844 0 0.9932652 0.1158633 0 0 0 1 -0.9932661 -0.1158558 0 0.9932641 0.1158735 0 0 0 1 -0.9932649 -0.1158663 0 -0.9932637 -0.1158762 0 0.9932627 0.1158847 0 0.9932616 0.1158947 0 0 0 1 -0.9932683 -0.1158373 0 -0.9932671 -0.1158472 0 0.993265 0.1158653 0 0.9932672 0.1158453 0 0 0 1 -0.9932671 -0.1158474 0 0.9932649 0.1158661 0 0.9932638 0.1158761 0 0 0 1 0 0 1 -0.9932647 -0.1158678 0 -0.9932659 -0.1158578 0 0.9932671 0.1158467 0 0.9932684 0.1158367 0 0.1158913 -0.993262 0 0 0 1 -0.9932634 -0.1158782 0 0.9932647 0.1158676 0 0.993267 0.1158476 0 0 0 1 -0.9932634 -0.1158791 0 -0.9932622 -0.115889 0 0.9932648 0.1158673 0 0 0 1 -0.9932656 -0.1158601 0 0.993267 0.1158483 0 0.9932693 0.1158283 0 0 0 1 -0.9932632 -0.1158809 0 -0.9932643 -0.1158709 0 0.9932622 0.115889 0 0 0 1 -0.993262 -0.1158909 0 -0.9932643 -0.115871 0 0.9932655 0.1158604 0 0 0 1 -0.9932653 -0.1158623 0 -0.9932665 -0.1158524 0 0.9932644 0.1158704 0 0 0 1 0 0 1 -0.9932642 -0.1158725 0 -0.9932665 -0.1158525 0 0.9932678 0.1158411 0 0.9932667 0.1158511 0 0 0 1 -0.9932675 -0.1158439 0 0.9932665 0.1158519 0 0.9932653 0.1158619 0 0 0 1 -0.9932674 -0.1158444 0 -0.9932662 -0.1158543 0 0.9932641 0.1158727 0 0 0 1 -0.9932652 -0.115864 0 0.9932675 0.1158438 0 0.9932686 0.1158338 0 0 0 1 -0.993265 -0.1158652 0 -0.9932639 -0.1158752 0 0.9932674 0.1158447 0 0.9932662 0.1158546 0 0 0 1 -0.9932614 -0.1158955 0 -0.9932625 -0.1158856 0 0.9932697 0.1158245 0 0 0 1 -0.993266 -0.1158564 0 0.9932639 0.1158755 0 0.9932627 0.1158854 0 0 0 1 0 0 1 -0.9932647 -0.1158671 0 0.9932614 0.1158955 0 0.115851 -0.9932667 0 0 0 1 -0.9932682 -0.1158383 0 0.993266 0.1158562 0 0.9932649 0.1158662 0 0 0 1 -0.9932669 -0.1158487 0 -0.9932658 -0.1158586 0 0.9932647 0.1158674 0 0.9932636 0.1158773 0 0 0 1 -0.9932656 -0.1158595 0 -0.9932646 -0.1158694 0 0.9932669 0.1158485 0 0.9932681 0.1158385 0 0 0 1 -0.9932633 -0.1158798 0 0.9932633 0.1158801 0 0 0 1 -0.9932641 -0.1158721 0 -0.9932653 -0.1158622 0 0.9932658 0.1158579 0 0 0 1 -0.9932681 -0.1158387 0 -0.9932658 -0.1158584 0 0.9932628 0.1158842 0 0 0 1 -0.9932639 -0.1158756 0 0.9932655 0.1158617 0 0.9932665 0.1158518 0 0 0 1 0 0 1 -0.9932618 -0.115893 0 -0.9932606 -0.1159029 0 0.9932679 0.11584 0 0 0 1 0 0 1 -0.9932633 -0.1158804 0 -0.9932643 -0.1158705 0 0.9932648 0.1158666 0 0.993266 0.1158567 0 0 0 1 -0.9932624 -0.1158876 0 -0.9932613 -0.1158974 0 0.9932662 0.115854 0 0.9932674 0.1158441 0 0 0 1 -0.9932696 -0.1158257 0 -0.9932672 -0.1158455 0 0.9932654 0.1158612 0 0.9932643 0.1158711 0 0 0 1 0 0 1 -0.9932664 -0.115853 0 0.9932635 0.1158787 0 0.9932623 0.1158885 0 0 0 1 -0.9932634 -0.1158791 0 -0.9932657 -0.1158595 0 0.9932649 0.1158658 0 0.9932639 0.1158756 0 0.1158816 -0.9932631 0 0 0 1 -0.993267 -0.1158477 0 -0.9932659 -0.1158575 0 0.993263 0.1158828 0 0 0 1 -0.9932628 -0.1158844 0 -0.993265 -0.1158647 0 0.9932668 0.1158498 0 0.9932657 0.1158597 0 0 0 1 0 0 1 -0.9932677 -0.1158424 0 -0.9932653 -0.115862 0 0.9932612 0.1158971 0 0.9932624 0.1158873 0 0 0 1 -0.9932646 -0.1158688 0 0.993265 0.1158649 0 0.9932662 0.1158551 0 0 0 1 -0.9932671 -0.1158465 0 -0.9932649 -0.1158662 0 0.9932676 0.1158426 0 0.9932665 0.1158524 0 0 0 1 0 0 1 -0.9932641 -0.1158729 0 -0.993263 -0.1158828 0 0.9932645 0.1158694 0 0 0 1 -0.9932609 -0.1159001 0 0.9932683 0.1158369 0 0 0 1 -0.9932681 -0.1158385 0 0.993264 0.1158739 0 0.9932652 0.1158641 0 0 0 1 0 0 1 -0.9932672 -0.1158457 0 -0.9932661 -0.1158555 0 0.993262 0.1158913 0 0 0 1 0 0 1 0.9932645 0.1158689 0 0.9932668 0.1158493 0 0 0 1 0 0 1 -0.1159166 0.993259 0 -0.1159035 0.9932606 0 0.9932625 0.1158859 0 -0.9932669 -0.1158483 0 -0.1158565 0.993266 0 -0.1158615 0.9932655 0 0.9932641 0.1158727 0 0.9932664 0.1158531 0 -0.9932622 -0.1158882 0 -0.9932612 -0.1158981 0 0.1094959 -0.9939873 0 0.1094582 -0.9939914 0 0.1094906 -0.9939879 0 0.1094573 -0.9939826 -0.004237592 0.1094847 -0.9939886 0 0.1091137 -0.9940293 0 0.1091784 -0.9940223 0 0.1091524 -0.9938803 -0.01696223 0.1094928 -0.9939875 5.98371e-4 0.1091518 -0.9938805 -0.01696223 0.1088012 -0.9940636 0 0.1087689 -0.9940671 0 0.109146 -0.9940257 0 0.1092107 -0.9940186 0 0.1087367 -0.9940706 0 0.1095556 -0.9939807 0 0.1096206 -0.9939736 0 0.109588 -0.9939771 0 0.1096531 -0.9939699 0 0.1095231 -0.9939843 0 0.1103425 -0.9938936 0 0.1102771 -0.9939009 0 0.1099001 -0.9939426 0 0.1099653 -0.9939354 0 0.1100305 -0.9939283 0 0.1088981 -0.994053 0 0.1102117 -0.9939081 0 0.1094864 -0.9939884 0 0.1095209 -0.9937723 -0.02053791 0.109486 -0.9939782 -0.004503607 0.1094758 -0.9939892 7.97834e-4 0.1094833 -0.9939886 3.98912e-4 0.1094835 -0.9939886 -2.05798e-4 0.1094935 -0.9939866 0.001396179 0.1083641 -0.9906372 0.08303713 0.1094915 -0.9939838 -0.002792358 0.1079527 -0.9829252 0.1490114 0.1094911 -0.9939647 -0.006781399 0.09739893 -0.8863586 0.4526389 0.1094868 -0.9939256 -0.01116895 0.09498035 -0.8688811 0.4858235 0.1094894 -0.9939493 -0.00877577 0.1076093 -0.9764081 -0.18721 0.1094812 -0.9939684 0.006382405 0.1090953 -0.988836 -0.1014969 0.1094695 -0.9939709 0.006182849 0.1068197 -0.9687268 -0.2239599 0.1094823 -0.9939782 0.004587411 0.1093834 -0.9919765 -0.06338804 0.1094825 -0.9939707 -0.005983591 0.1078732 -0.9788023 0.1740963 0.1094733 -0.9939897 3.98907e-4 0.1095064 -0.9936223 -0.02689403 0.1094852 -0.9939827 0.003390789 0.1040157 -0.9438012 -0.3137195 0.1094715 -0.993961 0.007579088 0.1088537 -0.9809117 -0.161131 0.1094732 -0.9939893 9.97268e-4 0.1090389 -0.988474 0.105022 0.1094806 -0.993963 -0.007180213 0.1084549 -0.9840813 0.1407892 0.1094834 -0.9939877 0.001396179 0.1092795 -0.9920917 -0.06174129 0.1094759 -0.993979 0.004587531 0.105865 -0.9605816 -0.2570517 0.1094813 -0.9939696 0.006182968 0.1074381 -0.9748548 -0.1952309 0.109471 -0.9939476 0.009174704 0.1079207 -0.9802778 -0.1655557 0.1094861 -0.9939876 -0.001196742 0.1096914 -0.9918684 -0.06453752 0.1094848 -0.9939886 0 0.1057722 -0.9598845 -0.2596808 0.109474 -0.9939839 0.003390729 0.1096554 -0.9915434 0.06940799 0.1094735 -0.9939792 0.004587411 0.1086224 -0.985076 -0.1335161 0.1094827 -0.9939854 -0.002592861 0.1088814 -0.9879508 0.1099919 0.1094746 -0.9939894 5.98368e-4 0.108949 -0.9885646 0.1042606 0.1094835 -0.9939799 -0.004188537 0.1094728 -0.9933174 0.03655403 0.1094923 -0.9939877 -1.99456e-4 0.1089156 -0.9882616 -0.1071276 0.1094753 -0.9939844 0.003191292 0.1090046 -0.9890688 -0.09930247 0.1094833 -0.9939885 -5.98368e-4 0.1094337 -0.9929623 0.04527902 0.1094845 -0.9939873 -0.001595616 0.1094446 -0.993061 -0.04303264 0.1094744 -0.9939895 5.98368e-4 0.1089713 -0.9887666 0.1023043 0.1094831 -0.9939877 -0.001396179 0.1089931 -0.9889646 -0.1003469 0.1094741 -0.993974 0.005584716 0.1095521 -0.990081 -0.08796608 0.1094821 -0.9939886 5.9836e-4 0.1090996 -0.9934433 0.03417444 0.1094928 -0.9939797 -0.0039891 0.1062089 -0.967121 0.2310774 0.1094915 -0.9939806 -0.003789603 0.1081671 -0.9873299 0.1161022 0.1094906 -0.9939854 -0.002193927 0.1090376 -0.992804 0.04950779 0.1094921 -0.9939875 -5.98367e-4 0.1091017 -0.9934247 -0.03470361 0.1094859 -0.9939864 0.00199455 0.1091007 -0.9934155 -0.03496819 0.1094922 -0.9939872 -9.97278e-4 0.1091192 -0.9906748 0.08158808 0.1094832 -0.993987 -0.001795053 0.1094897 -0.993471 0.03205597 0.1094771 -0.993989 -7.97844e-4 0.1094861 -0.9934756 0.03192365 0.1094847 -0.9939884 -3.98917e-4 0.1094242 -0.9939359 0.01085543 0.1094758 -0.9939895 3.98917e-4 0.1099668 -0.9938283 -0.01458388 0.1094744 -0.9939891 9.9728e-4 0.1095299 -0.9933056 -0.03670561 0.1094833 -0.9939887 1.99456e-4 0.1094852 -0.9939598 0.00755006 0.1094785 -0.9939892 1.99464e-4 0.1101397 -0.9935313 -0.02765685 0.1113243 -0.9937842 0 0.1110967 -0.9938097 0 0.1111696 -0.9937992 -0.002122342 0.1113344 -0.9937831 0 0.1111626 -0.9938023 0 0.1110485 -0.9937789 0.008480191 0.1110308 -0.993817 0 0.1113419 -0.9937822 -1.99457e-4 0.1109651 -0.9938243 0 0.1110525 -0.9938145 0 0.1113255 -0.993784 3.9892e-4 0.1114077 -0.9937749 0 0.1115399 -0.9937601 0 0.1114737 -0.9937674 0 0.1117845 -0.9937326 0 0.111917 -0.9937176 0 0.1113417 -0.9937822 0 0.1118507 -0.993725 0 0.1121165 -0.9936951 0 0.1122499 -0.99368 0 0.1118716 -0.9937227 0 0.1117386 -0.9937377 0 0.1107029 -0.9938536 0 0.1115862 -0.9937549 0 0.1117182 -0.99374 0 0.11121 -0.993797 0 0.1114932 -0.9937652 0 0.1113607 -0.9937801 0 0.1108338 -0.993839 0 0.1110786 -0.9938117 0 0.1105884 -0.9938664 0 0.1104576 -0.9938809 0 0.1120048 -0.9937077 0 0.1123836 -0.9936649 0 0.1108711 -0.9937853 0.009921967 0.1111369 -0.9938047 9.25084e-4 0.1121006 -0.9936872 -0.004383862 0.1113371 -0.9937827 1.99465e-4 0.1113283 -0.9937837 -1.99465e-4 0.1113338 -0.9937831 1.99475e-4 0.1112934 -0.9937877 0 0.1113294 -0.9937837 -1.11679e-4 0.1057785 -0.9429703 -0.3156233 0.1113321 -0.9937652 0.00598365 0.1058747 -0.946767 0.3040112 0.1113148 -0.9937155 0.01176702 0.09966808 -0.888499 -0.4479239 0.1113349 -0.9937825 -9.97298e-4 0.1064006 -0.9495289 0.2950828 0.1113214 -0.9937492 -0.008377015 0.1089295 -0.9743741 -0.1967986 0.111331 -0.9937729 0.004587352 0.1100518 -0.9800178 -0.1656921 0.1113249 -0.9937796 0.002991855 0.09260225 -0.8224682 -0.5612226 0.1112762 -0.993425 0.02691733 0.1112876 -0.9931409 -0.03586632 0.1113189 -0.9937198 -0.01136845 0.1115842 -0.9913542 -0.06903505 0.1113226 -0.9937843 -1.99455e-4 0.10905 -0.9718457 -0.2088638 0.1113096 -0.993723 0.01116901 0.1085504 -0.9654304 -0.2369832 0.1113237 -0.9937696 0.005385339 0.1114598 -0.9933216 0.02981555 0.1113252 -0.9937828 -0.001595675 0.10443 -0.9341262 0.3413249 0.1113291 -0.9937316 -0.01017189 0.1102119 -0.9824927 0.150205 0.1113166 -0.9937561 -0.007578849 0.1117891 -0.9897019 -0.0894069 0.1113014 -0.9937498 0.008575618 0.1116899 -0.9924806 -0.05007559 0.1113142 -0.9937593 0.007179796 0.1085967 -0.9624675 -0.2487232 0.111328 -0.9937825 -0.001595675 0.1102678 -0.988451 0.1039505 0.1113286 -0.9937813 -0.002194106 0.1101762 -0.9809339 -0.1600938 0.1113279 -0.9937821 -0.001795172 0.1105549 -0.9873608 0.1135622 0.1113142 -0.9937391 0.009573876 0.1045095 -0.9303439 -0.3514798 0.1113236 -0.9937437 0.008975505 0.1110552 -0.9909195 -0.07579791 0.1113354 -0.9937694 -0.005185961 0.1116955 -0.9934453 -0.02430486 0.1113055 -0.9937862 3.98881e-4 0.108307 -0.9622772 -0.2495842 0.1113214 -0.9937653 0.006182491 0.108321 -0.9624009 -0.2491011 0.1113069 -0.9937188 0.01156675 0.1111664 -0.991052 0.07387793 0.1113251 -0.9937567 -0.007379949 0.1112279 -0.9901518 0.08501702 0.1113305 -0.9937806 -0.002393603 0.1107418 -0.9891768 0.09625774 0.1113368 -0.9937783 -0.002991914 0.1098346 -0.9856158 -0.1284446 0.1113309 -0.99378 0.00259304 0.1095871 -0.9799054 0.166662 0.1113358 -0.9937732 -0.004388153 0.1009646 -0.9049209 0.4134303 0.1113384 -0.9937711 -0.004787206 0.1084539 -0.9679058 -0.2267073 0.1113338 -0.9937716 0.00478661 0.1093131 -0.9757193 -0.1897956 0.1113138 -0.9937773 0.003988742 0.1102763 -0.9822109 -0.15199 0.1113288 -0.9937772 -0.003589749 0.1101006 -0.9815503 0.1563229 0.1113448 -0.9937483 -0.008177936 0.1049928 -0.9420276 0.3186859 0.1113271 -0.9937751 0.004188716 0.1090096 -0.9770268 -0.1831275 0.1113483 -0.9937769 -0.002991974 0.1101642 -0.9875227 0.1125292 0.1113366 -0.9937763 -0.003590285 0.1021207 -0.9185547 0.3818752 0.1113336 -0.9937744 -0.004188597 0.1092947 -0.9795822 0.1687406 0.1113445 -0.9937704 -0.004787087 0.1106262 -0.986236 0.1228835 0.1113168 -0.9937822 0.002393305 0.1038937 -0.9272075 -0.3598507 0.1113339 -0.9937725 0.004587173 0.1090658 -0.9735112 -0.2009493 0.1113488 -0.9937811 -7.97877e-4 0.1108657 -0.9936628 0.01851874 0.111328 -0.9937825 0.001595675 0.1091399 -0.9781941 0.1767052 0.1113415 -0.9937677 -0.005385279 0.1085481 -0.9729624 0.2038661 0.1113333 -0.9937787 -0.002992093 0.1106886 -0.9887015 0.1010813 0.1113343 -0.9937829 -5.98379e-4 0.1112487 -0.9937786 -0.00529164 0.1113282 -0.993783 -0.001196742 0.1094188 -0.9817389 0.1556161 0.1113397 -0.9937808 -0.001795172 0.1116197 -0.9917826 -0.06251734 0.1113112 -0.9937806 0.003190934 0.1105027 -0.9807339 -0.1610905 0.1113258 -0.9937816 0.002193868 0.110381 -0.9862306 -0.1231471 0.111326 -0.9937833 0.001196622 0.1112473 -0.9907854 -0.07725572 0.1113344 -0.993782 0.001396179 0.1106582 -0.9885032 -0.1030349 0.1113185 -0.993776 0.004188716 0.1110449 -0.9919574 0.06074285 0.1113371 -0.9937815 -0.001595675 0.1112282 -0.9935582 0.02169108 0.1113253 -0.9937816 -0.002194046 0.1107345 -0.9925609 0.05060577 0.1113426 -0.9937814 -0.001196801 0.1111323 -0.9937955 -0.004493176 0.1113282 -0.993783 0.001196742 0.1117014 -0.9880123 -0.1065581 0.111302 -0.9937795 0.003789186 0.111432 -0.9900788 -0.08559834 0.1113172 -0.993784 0.001396059 0.1120616 -0.9933603 -0.02602922 0.1113145 -0.9937851 -5.9832e-4 0.1118366 -0.9936913 -0.008378267 0.1113167 -0.9937851 0 0.1116193 -0.9936541 -0.01388889 0.1113338 -0.9937831 0 0.1111308 -0.9937453 -0.01096814 0.1121359 -0.9936929 0 0.1116261 -0.9937142 -0.008466124 0.1114543 -0.9937697 0 0.1121055 -0.9936963 -1.99442e-4 0.1128721 -0.9936096 0 0.1130809 -0.9934398 0.01703643 0.1121133 -0.9936954 -3.98944e-4 0.1119622 -0.9937125 0 0.1120948 -0.9936975 0 0.113141 -0.993579 0 0.1130064 -0.9935943 0 0.1123383 -0.9936701 0 0.1124712 -0.9936551 0 0.1118299 -0.9937274 0 0.1124944 -0.9936525 0 0.1126282 -0.9936372 0 0.1122056 -0.9936851 0 0.1121814 -0.9936878 0 0.1121698 -0.9936891 0 0.1121006 -0.9936969 0 0.1121052 -0.9936964 0 0.1121126 -0.9936955 0 0.1121126 -0.9936955 0 0.1121134 -0.9936954 -1.72309e-4 0.1101797 -0.9775071 0.1798342 0.1121079 -0.993691 0.003191113 0.1118153 -0.9902266 -0.08335816 0.1120996 -0.9936969 3.98895e-4 0.1071662 -0.9435349 -0.3134604 0.112098 -0.9936367 0.01096946 0.09596055 -0.8456546 -0.5250332 0.1120936 -0.9935968 0.01416003 0.1075136 -0.9506431 -0.2910648 0.1121106 -0.9936942 -0.001795172 0.1083559 -0.9637009 0.2440074 0.1121184 -0.9936844 -0.00458765 0.1120039 -0.9936916 -0.005688011 0.1121223 -0.9936941 -7.97888e-4 0.1071497 -0.9572333 0.268744 0.1121343 -0.9936431 -0.009973049 0.1067803 -0.9537916 0.2808555 0.1121371 -0.9936928 -1.99467e-4 0.1063812 -0.9502268 0.2928348 0.1121184 -0.9936629 -0.007978618 0.1120052 -0.9937027 -0.003174722 0.1121035 -0.9936773 0.006182551 0.103595 -0.9132159 -0.3940874 0.1121021 -0.9936929 0.00279206 0.1123881 -0.990729 -0.07632219 0.1120955 -0.993685 0.004985988 0.107241 -0.9453557 -0.3078992 0.1121051 -0.9936944 0.001994371 0.1114067 -0.988393 0.1032865 0.1121159 -0.9936918 -0.002593159 0.1120796 -0.9920712 0.05685937 0.112107 -0.9936956 9.97386e-4 0.1113007 -0.9841287 -0.1382129 0.1121102 -0.9936907 0.003191411 0.1121584 -0.9935016 -0.01936829 0.112097 -0.9936909 0.003574848 0.1121054 -0.9936947 -0.001779019 0.1121435 -0.9936646 0.007391512 0 0 1 0 0 1 0 0 1 -0.9931574 -0.1167836 0 -0.9931524 -0.1168255 0 -0.9931524 -0.1168259 0 -0.09617131 0.9953649 0 -0.09617042 0.9953649 0 0.993063 0.1175832 0 0.1168202 -0.9931531 0 -0.1217147 0.9925652 0 -0.1216543 0.9925725 0 -0.1216233 0.9925763 0 -0.1216732 0.9925702 -2.27172e-4 -0.9986194 -0.05252975 0 -0.9986187 -0.05254185 0 0.9986298 0.05233132 0 0.9986257 0.05241066 0 0.9986184 0.05254864 0 0.9986189 0.05252295 0.001281261 0.1216692 -0.9925708 0 0 0 1 0.9986172 0.05257052 0 0.9986179 0.05255836 0 -0.9986184 -0.05254763 0 0.1216825 -0.9925691 0 0 0 1 0.9986189 0.05254012 0 -0.9986201 -0.05251741 0 0.1216781 -0.9925697 0 0 0 1 0.9986186 0.05254596 0 0.9986179 0.05255812 0 -0.9986178 -0.05255961 0 0 0 1 0.9986182 0.05255186 0 -0.99862 -0.05251693 0 -0.9986189 -0.05254113 0 0.1216879 -0.9925685 0 0.1216771 -0.9925698 0 0 0 1 0.9986179 0.0525577 0 -0.9986197 -0.05252295 0 -0.9986191 -0.05253505 0 0.1216638 -0.9925714 0 0 0 1 0.9986189 0.05253946 0 0.9986196 0.0525273 0 -0.9986169 -0.05257731 0 0.1216855 -0.9925687 0 0.12168 -0.9925695 0 0 0 1 0.9986186 0.0525453 0 0.9986192 0.0525332 0 -0.9986178 -0.05255901 0 -0.9986186 -0.05254691 0 0 0 1 0.998619 0.05253899 0 0.9986183 0.05255115 0 -0.9986175 -0.05256479 0 -0.9986183 -0.0525527 0 0 0 1 0.998618 0.05255722 0 -0.9986192 -0.05253434 0 -0.9986199 -0.0525223 0 0 0 1 0.9986202 0.05251467 0 0.998619 0.05253893 0 -0.9986176 -0.05256456 0 0.1216933 -0.9925677 0 0.1216987 -0.9925671 0 0 0 1 0.998618 0.05255675 0 -0.9986192 -0.05253428 0 -0.9986185 -0.05254638 0 0.1216746 -0.9925701 0 0 0 1 0.9986189 0.05253857 0 -0.9986189 -0.05253988 0 -0.9986183 -0.05255198 0 0 0 1 0.998618 0.05255651 0 0.9986193 0.05253225 0 -0.9986179 -0.05255806 0 -0.9986186 -0.05254596 0 0 0 1 0.9986184 0.05255043 0 -0.9986183 -0.05255186 0 0.1216726 -0.9925703 0 0 0 1 0.998618 0.05255645 0 0.9986186 0.05254429 0 -0.9986192 -0.05253362 0 0 0 1 0.9986177 0.05256211 0 -0.9986189 -0.05253946 0 -0.9986183 -0.05255156 0 0 0 1 0.9986186 0.05254381 0 0.9986193 0.05253171 0 -0.9986193 -0.0525332 0 -0.9986186 -0.0525453 0 0 0 1 0.9986183 0.05254977 0 -0.9986183 -0.05255132 0 0 0 1 0.998618 0.05255579 0 0.9986187 0.05254364 0 -0.9986193 -0.05253291 0 -0.9986199 -0.05252081 0 0 0 1 0.9986183 0.05254954 0 -0.9986177 -0.05256301 0 0 0 1 0 0 1 0.9986194 0.05253112 0 0.99862 0.05251896 0 -0.9986187 -0.05254465 0 -0.9986192 -0.05253255 0 0 0 1 0.9986177 0.05256146 0 0.9986171 0.05257356 0 -0.998619 -0.05253851 0 0 0 1 0.9986194 0.05253088 0 0.9986187 0.05254298 0 -0.998618 -0.05255669 0 0 0 1 0.998619 0.05253684 0 0.9986184 0.052549 0 -0.998619 -0.05253833 0 -0.9986177 -0.05256259 0 0.1216593 -0.992572 0 0.1216702 -0.9925706 0 0 0 1 0.9986181 0.0525549 0 -0.9986193 -0.05253201 0 -0.9986199 -0.05251991 0 0 0 1 0.9986178 0.05256074 0 -0.9986196 -0.05252587 0 -0.998619 -0.05253803 0 0 0 1 0.99862 0.05251818 0 -0.9986186 -0.05254387 0 0 0 1 0.9986191 0.05253612 0 -0.9986183 -0.05254989 0 0 0 1 0.9986188 0.05254203 0 0.9986181 0.05255419 0 -0.9986174 -0.05256778 0 -0.9986187 -0.05254352 0 0.1216943 -0.9925677 0 0.1216889 -0.9925683 0 0 0 1 0.9986191 0.05253595 0 0.9986178 0.05256026 0 -0.9986196 -0.05252522 0 0 0 1 0.99862 0.05251741 0 -0.9986193 -0.05253124 0 0 0 1 0.9986178 0.05255997 0 -0.998619 -0.05253708 0 0.1216835 -0.992569 0 0 0 1 0.9986194 0.05252915 0 0.9986188 0.05254131 0 -0.9986187 -0.05254298 0 0.1216756 -0.99257 0 0 0 1 0.9986191 0.05253523 0 0.9986185 0.05254739 0 -0.9986184 -0.05254888 0 0 0 1 0.9986208 0.05250471 0 0.9986201 0.05251693 0 -0.9986174 -0.052567 0 -0.9986181 -0.05255484 0 0 0 1 0.9986186 0.05254721 0 0.9986178 0.05255937 0 -0.9986197 -0.0525245 0 -0.9986191 -0.05253666 0 0 0 1 0.9986176 0.05256527 0 0.9986182 0.05255311 0 -0.9986174 -0.0525667 0 0 0 1 0.9986186 0.05254673 0 0.9986192 0.05253458 0 -0.9986185 -0.05254834 0 0 0 1 0.9986175 0.05256497 0 -0.9986184 -0.05254834 0 0.1216719 -0.9925704 0 0 0 1 0.9986189 0.0525406 0 -0.99862 -0.05251771 0 -0.9986194 -0.05252987 0 0.1216852 -0.9925688 0 0.1216798 -0.9925695 0 0 0 1 0.9986183 0.0525524 0 -0.9986178 -0.05256015 0 -0.9986175 -0.05256623 0 0.1216665 -0.9925711 0 0 0 1 0 0 1 0.9986175 0.0525645 0 0.9986182 0.05255234 0 -0.9986188 -0.05254155 0 -0.9986197 -0.05252337 0 0 0 1 0.9986176 0.0525645 0 0.9986179 0.05255842 0 -0.9986189 -0.05254155 0 -0.9986191 -0.05253547 0 0 0 1 0.9986191 0.0525338 0 -0.9986182 -0.05255365 0 -0.9986189 -0.05254149 0 0 0 1 0.9986186 0.05254578 0 0.9986195 0.05252748 0 -0.9986181 -0.05255341 0 -0.9986178 -0.05255949 0 0 0 1 0 0 1 0.9986183 0.05255168 0 0.9986186 0.0525456 0 -0.9986197 -0.05252289 0 0 0 1 0.998618 0.0525577 0 0.9986183 0.05255162 0 -0.9986188 -0.05254089 0 -0.9986194 -0.05252873 0 0.1216807 -0.9925694 0 0 0 1 0.9986196 0.05252718 0 0.9986192 0.05253326 0 -0.9986186 -0.05254685 0 -0.9986192 -0.05253469 0 0 0 1 0.998619 0.05253899 0 0.9986196 0.05252677 0 -0.9986189 -0.05254048 0 -0.9986182 -0.05255258 0 0 0 1 0.9986186 0.05254507 0 0.9986193 0.05253291 0 -0.9986185 -0.0525465 0 -0.9986179 -0.05255866 0 0.1216916 -0.992568 0 0 0 1 0.9986183 0.05255091 0 -0.9986182 -0.05255252 0 -0.9986176 -0.05256468 0 0.1216621 -0.9925716 0 0.1216648 -0.9925712 0 0 0 1 0.9986199 0.05252045 0 -0.9986179 -0.05255854 0 0.1216828 -0.9925692 0 0 0 1 0.9986183 0.05255061 0 0.9986177 0.05256277 0 -0.9986191 -0.05253392 0 0 0 1 0.998618 0.05255663 0 0.9986177 0.05256271 0 -0.9986166 -0.0525825 0 -0.9986172 -0.05257034 0 0 0 1 0.9986193 0.05253207 0 -0.9986183 -0.05255186 0 -0.9986186 -0.05254578 0 0 0 1 0.9986183 0.05255037 0 0.9986189 0.05253821 0 -0.9986182 -0.0525518 0 0 0 1 0.9986186 0.05254411 0 0.9986181 0.05255633 0 -0.9986192 -0.0525332 0 -0.9986195 -0.05252712 0 0 0 1 0 0 1 0.9986184 0.05255001 0 0.9986177 0.05256223 0 -0.9986177 -0.05256354 0 -0.998618 -0.05255746 0 0 0 1 0.9986197 0.0525254 0 0.9986193 0.05253148 0 -0.9986192 -0.05253314 0 -0.9986189 -0.05253922 0 0 0 1 0.9986171 0.05257415 0 0.9986178 0.05256199 0 -0.9986186 -0.05254507 0 0 0 1 0.998619 0.05253732 0 0.9986183 0.05254954 0 -0.998618 -0.05255722 0 -0.9986183 -0.05255115 0 0 0 1 0.9986187 0.0525434 0 -0.9986177 -0.05256283 0 -0.998618 -0.05255675 0 0 0 1 0 0 1 0.9986184 0.0525493 0 0.9986181 0.05255538 0 -0.9986196 -0.05252635 0 -0.9986193 -0.05253243 0 0 0 1 0.9986174 0.05256736 0 0.9986181 0.05255514 0 -0.998619 -0.05253845 0 -0.9986193 -0.05253237 0 0 0 1 0.9986197 0.05252462 0 0.9986194 0.0525307 0 -0.9986183 -0.05255252 0 -0.9986185 -0.05254644 0 0 0 1 0 0 1 0.998619 0.05253797 0 -0.9986182 -0.05255275 0 -0.9986178 -0.05255883 0 0 0 1 0.9986187 0.05254441 0 -0.9986195 -0.05252897 0 0 0 1 0 0 1 0.9986177 0.05256307 0 0.9986183 0.05255085 0 -0.9986191 -0.05253529 0 0 0 1 0 0 1 -0.9986203 -0.05251133 0 -0.9986201 -0.05251741 0 0.1216675 -0.9925709 0 0 0 1 0.9986189 0.05253928 0 -0.9986182 -0.05255401 0 -0.9986178 -0.05256009 0 0.1216753 -0.99257 0 0 0 1 0.9986202 0.05251532 0 0.9986198 0.0525214 0 -0.9986178 -0.0525605 0 0 0 1 0 0 1 0.9986182 0.0525521 0 -0.998619 -0.05253666 0 0 0 1 0.9986195 0.05252802 0 0.9986192 0.0525341 0 -0.998619 -0.05253678 0 -0.9986181 -0.05255496 0 0 0 1 0.9986185 0.05254662 0 0.9986194 0.05252838 0 -0.998618 -0.05255532 0 -0.9986177 -0.05256134 0 0 0 1 0 0 1 0.9986198 0.05252265 0 0.9986205 0.05251049 0 -0.9986177 -0.0525617 0 -0.9986171 -0.0525738 0 0 0 1 0.9986175 0.05256551 0 0.9986181 0.05255335 0 -0.9986193 -0.05253171 0 -0.998619 -0.05253779 0 0 0 1 0.9986175 0.05256569 0 -0.998619 -0.05253791 0 -0.9986184 -0.05255001 0 0 0 1 0.9986187 0.05254185 0 0.9986191 0.05253583 0 -0.998618 -0.05255657 0 0 0 1 0.9986184 0.05254817 0 -0.9986177 -0.05256283 0 0 0 1 0.9986178 0.05256062 0 0.9986181 0.05255454 0 -0.998619 -0.05253916 0 -0.9986193 -0.05253314 0 0 0 1 0.9986175 0.05256682 0 0.9986178 0.05256074 0 -0.998619 -0.05253928 0 -0.9986186 -0.0525453 0 0 0 1 0.9986187 0.05254304 0 0.998619 0.05253702 0 -0.9986199 -0.05252152 0 -0.9986196 -0.05252754 0 0 0 1 0.9986187 0.0525434 0 0.998618 0.0525555 0 -0.9986176 -0.05256408 0 -0.9986179 -0.05255806 0 0 0 1 0.9986178 0.05256187 0 -0.9986189 -0.0525403 0 -0.9986191 -0.05253422 0 0 0 1 0.9986177 0.05256217 0 0.998618 0.05255615 0 -0.9986189 -0.05254048 0 -0.9986185 -0.0525465 0 0 0 1 0.9986186 0.05254435 0 0.9986193 0.05253225 0 -0.9986198 -0.05252277 0 0 0 1 0.9986187 0.05254453 0 0.9986184 0.05255061 0 -0.9986179 -0.05255937 0 0 0 1 0 0 1 0.9986199 0.05252069 0 0.9986196 0.05252677 0 -0.9986191 -0.05253547 0 -0.9986194 -0.05252945 0 0 0 1 0 0 1 0.9986177 0.05256336 0 -0.9986187 -0.05254185 0 0 0 1 0.9986186 0.0525456 0 0.9986192 0.0525335 0 -0.9986197 -0.05252391 0 -0.99862 -0.05251789 0 0 0 1 0.9986185 0.05254584 0 0.9986182 0.05255186 0 -0.9986178 -0.0525605 0 -0.9986181 -0.05255448 0 0 0 1 0 0 1 0.9986199 0.05252194 0 -0.9986174 -0.05256682 0 0 0 1 0.9986179 0.05255848 0 -0.9986187 -0.05254298 0 0 0 1 0.9986188 0.05254071 0 0.9986191 0.05253469 0 -0.9986184 -0.05254936 0 -0.998618 -0.05255532 0 0 0 1 0 0 1 0.9986189 0.05254107 0 -0.9986193 -0.05253183 0 0 0 1 0.9986198 0.05252331 0 -0.9986174 -0.05256795 0 0.121696 -0.9925674 0 0 0 1 0.9986194 0.05252945 0 -0.9986187 -0.05254429 0 -0.9986189 -0.05253827 0 0 0 1 0.9986191 0.05253601 0 -0.9986183 -0.05255061 0 0 0 1 0.9986184 0.05254817 0 -0.9986193 -0.05253297 0 -0.9986195 -0.05252695 0 0 0 1 0.9986181 0.0525546 0 0.9986178 0.05256056 0 -0.9986174 -0.05256921 0 -0.9986176 -0.05256325 0 0 0 1 0.9986194 0.05253088 0 -0.9986186 -0.05254548 0 -0.9986189 -0.05253946 0 0 0 1 0.9986171 0.0525732 0 0.9986177 0.05256122 0 -0.9986186 -0.05254578 0 -0.9986183 -0.05255174 0 0 0 1 0.9986184 0.05254954 0 0.9986187 0.05254352 0 -0.9986195 -0.0525282 0 0 0 1 0.9986183 0.05254983 0 0.9986181 0.05255585 0 -0.9986173 -0.0525704 0 -0.9986176 -0.05256444 0 0 0 1 0.9986193 0.05253219 0 -0.9986185 -0.05254662 0 -0.9986188 -0.05254065 0 0 0 1 0.9986171 0.05257445 0 0.9986177 0.05256247 0 -0.9986182 -0.05255287 0 0 0 1 0.9986183 0.05255067 0 0.9986187 0.05254471 0 -0.9986194 -0.05252951 0 -0.9986197 -0.05252355 0 0 0 1 0 0 1 0.9986183 0.05255097 0 0.998618 0.05255699 0 -0.9986184 -0.05254757 0 0 0 1 0 0 1 0.9986186 0.0525453 0 -0.1215109 0.9925901 0 -0.1214745 0.9925945 0 0 0 1 0.9986183 0.05255168 0 0.9986186 0.05254572 0 -0.9986183 -0.05255126 0 -0.1216956 0.9925675 0 -0.12171 0.9925658 0 0 0 1 0.9986186 0.05254602 0 0.9986189 0.05254006 0 -0.1216713 0.9925705 0 0 0 1 0 0 1 0.9986186 0.05254614 0 -0.1216856 0.9925687 0 0 0 1 0.9986186 0.0525465 0 -0.1216906 0.9925681 0 -0.1216855 0.9925687 0 0 0 1 0.9986189 0.05254083 0 0.9986182 0.05255275 0 -0.9986183 -0.05255144 0 -0.1216922 0.9925679 0 -0.1216964 0.9925674 0 0 0 1 0.9986188 0.05254113 0 0.9986186 0.05254715 0 -0.1216831 0.992569 0 -0.1216795 0.9925695 0 0 0 1 0.9986184 0.05254751 0 0.9986189 0.05254155 0 -0.9986189 -0.05253934 0 -0.1216681 0.9925709 0 -0.1216712 0.9925705 0 0 0 1 0.9986185 0.05254763 0 -0.121688 0.9925684 0 0 0 1 0.9933909 0.1147807 0 0.9934187 0.1145393 0 0.9934187 0.1145399 0 0.9934187 0.1145396 2.03493e-4 0.1091586 -0.9940244 0 0.1090893 -0.994032 0 0.1090588 -0.9940354 -2.29888e-4 0.1090831 -0.9940327 1.45983e-4 0.1089767 -0.9940443 0 0.108977 -0.9940443 0 0.1090831 -0.9940328 0 0.10916 -0.9940243 0 0.1094775 -0.9939893 0 0.1096791 -0.9939671 0 0.1095595 -0.9939802 0 0.1096602 -0.9939692 0 0.1090588 -0.9940354 0 0.1086128 -0.9940841 0 0.1097611 -0.9939581 0 0.109112 -0.9940295 0 0.1092124 -0.9940185 0 0.1088771 -0.9940552 0 0.109313 -0.9940074 0 0.1091765 -0.9940224 0 0.1090118 -0.9940406 0 0.109377 -0.9940004 0 0.1095782 -0.9939782 0 0.1093587 -0.9940024 0 0.1084145 -0.9941058 0 0.1084309 -0.9941041 0 0.1087777 -0.9940662 0 0.1090644 -0.9940348 0 0.1090831 -0.9940325 -7.18686e-4 0.109088 -0.9940321 -3.59359e-4 0.108958 -0.9940284 0.005971491 0.1087778 -0.9940655 -0.001148402 0.1090752 -0.9940335 -3.04293e-4 0.1090347 -0.9938521 0.01921874 0.1058155 -0.9599483 -0.2594274 0.1090716 -0.9940174 0.005748867 0.1084611 -0.9893976 0.09658509 0.1090756 -0.9939649 -0.0116778 0.108293 -0.9897417 0.09318846 0.1090732 -0.9940325 0.001616895 0.1094831 -0.9931821 -0.04003649 0.1090719 -0.9940212 -0.005030274 0.1085555 -0.9903067 0.0866518 0.1090723 -0.994014 0.006288349 0.108583 -0.990558 0.08369296 0.1090765 -0.993973 -0.01095926 0.1064274 -0.9708456 -0.2147839 0.1090542 -0.9939044 0.01616615 0.09277486 -0.8416445 -0.5320032 0.1090577 -0.9939367 0.01401108 0.1088674 -0.9913132 0.07379674 0.1090719 -0.9939632 -0.01185691 0.1038478 -0.9504709 0.2929518 0.1090678 -0.9939835 0.01006019 0.08491516 -0.7707189 -0.6314917 0.1090682 -0.994032 0.002155721 0.108799 -0.9920045 0.06395214 0.1090831 -0.9940326 5.39014e-4 0.1089131 -0.9922072 0.06051999 0.1090677 -0.9940272 0.003772556 0.1048017 -0.9538736 -0.2813217 0.1090588 -0.9939465 0.01329272 0.1088618 -0.9925769 0.05422407 0.1090773 -0.9939805 -0.01024073 0.1067394 -0.9755424 0.1921557 0.1090783 -0.9939442 -0.01329511 0.08669632 -0.7934918 0.6023741 0.1090748 -0.9940114 -0.006646454 0.0990442 -0.9014701 -0.4213575 0.1090619 -0.9939746 0.01095783 0.108873 -0.9932035 0.04115355 0.1090831 -0.9940326 3.59343e-4 0.1070957 -0.975136 -0.1940114 0.1090772 -0.9939787 -0.01042038 0.09692096 -0.8870732 0.4513396 0.1090769 -0.9940325 -0.001257479 0.1051213 -0.9603452 0.2582376 0.1090676 -0.9939815 -0.01023977 0.1055442 -0.9610524 0.2554188 0.1090832 -0.9940325 -5.3899e-4 0.10864 -0.9892427 -0.09796071 0.1090683 -0.994033 -0.001616775 0.1090086 -0.9940108 0.007736802 0.1090812 -0.9940264 -0.003593027 0.09755903 -0.8929131 0.4395323 0.1090746 -0.9940007 -0.008084535 0.109358 -0.9938912 0.01486682 0.1090613 -0.994014 0.006466865 0.1050972 -0.9516563 -0.2886261 0.1090655 -0.9940073 0.007365345 0.1062662 -0.9693755 -0.2214019 0.1090817 -0.9940201 -0.005030691 0.09806567 -0.8975502 0.4298684 0.1090788 -0.9939941 -0.008803546 0.1089652 -0.9940441 0.001725733 0.1090684 -0.9940338 0.00107783 0.1089936 -0.9940412 -0.001610696 0.1090829 -0.9940308 0.00197637 0.1091402 -0.9940135 -0.005062103 0.1090797 -0.9940016 -0.007905244 0.1057263 -0.9694559 0.2213083 0.109071 -0.994013 0.006467461 0.1089199 -0.9896894 -0.09301328 0.1087503 -0.9886285 -0.103861 0.1090822 -0.9940249 -0.003952741 0.1084567 -0.9891449 0.09914344 0.1090782 -0.9940329 -8.98317e-4 0.1080974 -0.9845167 -0.1379919 0.109053 -0.9940126 0.0068264 0.1082277 -0.981831 -0.1558679 0.1090672 -0.9940226 0.004850387 0.1080301 -0.9836441 -0.1441311 0.1090819 -0.9940218 -0.004671394 0.1085598 -0.9903459 0.08619678 0.1090669 -0.9940198 0.005389332 0.1078327 -0.9763922 -0.1871646 0.1090539 -0.9940266 0.004311501 0.1088938 -0.9933449 -0.03752583 0.1090879 -0.9940319 -7.18718e-4 0.1086469 -0.9911403 0.07640039 0.1090688 -0.9940342 3.59295e-4 0.1063174 -0.9645913 -0.2413719 0.1090731 -0.9940311 0.002335488 0.1087148 -0.9916288 0.0696665 0.1090826 -0.9940286 -0.002874732 0.1081748 -0.9919077 0.06646329 0.109088 -0.9940321 1.7968e-4 0.1085484 -0.992076 0.06326544 0.1090685 -0.9940341 5.38942e-4 0.107761 -0.975743 -0.1905606 0.1089806 -0.9924296 0.05662816 0.1090785 -0.9940312 -0.00197637 0.10725 -0.9816101 0.157921 0.109095 -0.9940195 -0.004851043 0.1079725 -0.9882231 0.10843 0.1090684 -0.9940339 8.98237e-4 0.1088597 -0.9929506 0.0468893 0.1090777 -0.9940305 -0.002335608 0.1093499 -0.9938834 -0.01544296 0.1090782 -0.9940332 -1.79663e-4 0.1080948 -0.9892001 0.09898883 0.1090818 -0.9940325 -8.98236e-4 0.1086685 -0.990909 -0.07931411 0.1090732 -0.9940327 0.001437187 0.1087717 -0.9940509 0.005627095 0.1090831 -0.9940327 0 0.1091188 -0.9936228 -0.0284056 0.1090829 -0.9940319 -0.001257658 0.1086088 -0.9922056 0.06109243 0.1090685 -0.9940343 0 0.1087614 -0.9939246 0.01687926 0.1070359 -0.9942553 0 0.1070356 -0.9942553 0 0.1070241 -0.9942564 0 0.107034 -0.9942554 0 0.107037 -0.9942551 0 0.1070375 -0.9942551 0 0.1070411 -0.9942547 0 0.1070461 -0.9942541 0 0.1070547 -0.9942532 0 0.1070198 -0.9942569 0 0.1070144 -0.9942575 0 0.1070283 -0.994256 0 0.1070429 -0.9942545 0 0.1070684 -0.9942517 0 0.1070571 -0.9942529 0 0.1069937 -0.9942598 0 0.107042 -0.9942545 0 0.1072553 -0.9942316 0 0.1073537 -0.994221 0 0.1067932 -0.9942814 0 0.1071572 -0.9942421 0 0.1076498 -0.9941889 0 0.1066111 -0.9943008 0 0.1070592 -0.9942527 0 0.1072841 -0.9942285 0 0.1071999 -0.9942376 0 0.1071013 -0.9942482 0 0.1073829 -0.9942178 0 0.1066955 -0.9942917 0 0.1077489 -0.9941781 0 0.106989 -0.9942603 0 0.1075509 -0.9941996 0 0.1078481 -0.9941674 0 0.1073392 -0.9942225 0 0.1070224 -0.9942566 0 0.107012 -0.9942575 7.18654e-4 0.1073119 -0.99398 -0.0220884 0.1078432 -0.9941204 -0.009728074 0.1070355 -0.9942552 -4.65977e-5 0.1036409 -0.9629185 0.2490915 0.1070175 -0.9942007 0.01059728 0.1070783 -0.9939563 -0.02418839 0.107029 -0.9942443 -0.004810571 0.1070398 -0.994235 -0.006268918 0.1070406 -0.994254 -0.001206696 0.1070149 -0.994257 0.001014173 0.1070498 -0.9942386 -0.005495429 0.1070414 -0.9942431 0.004793584 0.1069986 -0.9941106 0.0171889 0.1070412 -0.9942424 -0.00493282 0.1070123 -0.9940153 -0.02195352 0.1070192 -0.9941666 0.01340246 0.1068239 -0.9920744 -0.0661593 0.1069988 -0.9940151 0.02203077 0.1064596 -0.9893488 -0.09927409 0.1070395 -0.9942465 0.004076719 0.1034253 -0.9583159 -0.2663345 0.1070314 -0.9942557 0 0.1032028 -0.9608538 0.2571173 0.1070466 -0.9942463 -0.003953158 0.1003759 -0.9314231 -0.3498227 0.1070284 -0.994228 0.007456779 0.1024667 -0.9508244 -0.2922905 0.1069954 -0.994024 0.0216453 0.08359998 -0.7717475 -0.63041 0.1070286 -0.9942274 0.007545769 0.1063598 -0.992171 0.06545573 0.1070465 -0.9942458 -0.004042983 0.1069285 -0.9931458 0.04719966 0.1070331 -0.9942491 0.003593802 0.1034306 -0.9597688 -0.2610482 0.1070314 -0.9942533 0.002155959 0.1045106 -0.9685248 -0.225914 0.107025 -0.9942277 0.007545769 0.1062571 -0.98929 0.100074 0.1070419 -0.9942323 -0.006648242 0.1051352 -0.9804821 0.1661372 0.1070443 -0.9942541 -7.18749e-4 0.1060714 -0.9842734 -0.1412614 0.107034 -0.9942489 0.003593385 0.1070572 -0.9937848 -0.03050684 0.1070317 -0.9942556 -3.59334e-4 0.09994733 -0.932101 0.3481354 0.1070409 -0.9942001 -0.01042151 0.1049972 -0.9743056 0.199259 0.1070301 -0.9942439 -0.00485146 0.1055763 -0.9796791 0.1705367 0.1070411 -0.9942246 -0.007726311 0.10623 -0.9890375 0.1025668 0.1070323 -0.9942554 5.39001e-4 0.1069298 -0.9919465 0.06788456 0.1070319 -0.9942515 -0.002874612 0.1064033 -0.9870882 0.1197301 0.1070304 -0.994253 -0.002335906 0.1049191 -0.9744822 0.1984347 0.1070334 -0.9942523 -0.002515614 0.1070858 -0.9936863 0.03346788 0.1070322 -0.9942542 0.001616954 0.1069043 -0.9923653 -0.06150352 0.107034 -0.9942548 0.001078009 0.1068341 -0.9910849 -0.07960796 0.1070346 -0.9942522 -0.002515614 0.1065812 -0.9887388 0.1050535 0.1070307 -0.9942556 5.39062e-4 0.1070215 -0.9930896 0.04816019 0.107045 -0.9942386 -0.005570292 0.1036443 -0.966579 0.2344849 0.1070323 -0.9942551 -8.98335e-4 0.1069409 -0.9932611 -0.04467833 0.1070311 -0.9942557 0 0.1073138 -0.993958 0.02305096 0.1070438 -0.9942496 -0.003054618 0.1060859 -0.990265 0.09011775 0.1070439 -0.9942544 -1.79687e-4 0.1053592 -0.9757232 -0.1919993 0.1070138 -0.9942341 0.006826996 0.1070073 -0.9925852 -0.05765479 0.1070347 -0.9942551 -5.39013e-4 0.1069694 -0.9924734 -0.05961728 0.1070396 -0.9942546 -5.39062e-4 0.1065799 -0.9922956 0.06316697 0.1070465 -0.9942525 -0.001796901 0.1062992 -0.9914718 0.07539314 0.1070299 -0.9942557 5.38989e-4 0.1060166 -0.9781682 -0.1787388 0.1070202 -0.9942483 0.00413239 0.1065952 -0.9908332 -0.08298909 0.1070465 -0.9942538 -7.18765e-4 0.1066151 -0.9933634 0.04315465 0.1070417 -0.9942545 -3.59366e-4 0.106783 -0.9941865 0.01380813 0.10703 -0.994255 0.001257658 0.1074956 -0.9918143 -0.06891447 0.1070209 -0.9942558 0.001437246 0.1070274 -0.9930778 -0.04838955 0.1070308 -0.9942549 0.001257777 0.1070731 -0.9934687 -0.03943973 0.1070466 -0.994254 -1.79691e-4 0.1066001 -0.9942108 0.01346325 0.1070442 -0.9942542 -1.79687e-4 0.9990287 0.04406428 0 0.9990288 0.04406428 0 0.9990282 0.04407531 0 0.9990262 0.04412204 0 0.9990273 0.04409867 0 0.9990279 0.04408448 0 0.9990274 0.04409223 0 0.9990269 0.04410648 0 0.9990265 0.04411429 0 0.9990288 0.04406356 1.96135e-5 0.9990287 0.0440644 0 0.9990273 0.04409265 -5.57888e-4 0.9990269 0.04410636 -2.84935e-4 0.9990287 0.04406434 6.16671e-6 0.9990288 0.04406344 1.01583e-4 0.9990282 0.04407501 -2.57612e-4 0.9990288 0.04406392 3.92267e-5 0.9990252 0.04409831 -0.002017915 0.9990288 0.04406356 3.36232e-5 -0.992824 -0.119585 0 -0.9928242 -0.119583 0 -0.9928162 -0.1196499 0 -0.9928241 -0.1195844 0 0.1496104 -0.9887451 0 0.992761 0.1201072 0 0.992761 0.1201077 0 -0.128376 0.9917256 0 -0.1283758 0.9917256 0 -0.992521 -0.1220742 0 -0.9925217 -0.122069 0 -0.1104196 0.9938851 0 -0.1104196 0.9938851 0 -0.1112785 0.9937893 0 -0.1112785 0.9937893 0 -0.1119526 0.9937136 0 -0.1119527 0.9937136 0 0.9938082 0.1111095 0 0.9938085 0.1111077 0 0.1082761 -0.9941209 0 0.1082761 -0.9941208 0 -0.9989393 -0.04604768 0 -0.9989393 -0.04604768 0 0.04830902 -0.9988325 0 0.04830902 -0.9988325 0 0.9989305 0.04623663 0 0.9989295 0.0462597 0 0.9989303 0.04624414 0 0.9989303 0.04624384 1.24878e-4 0.9989305 0.04623758 5.60386e-6 0.9989298 0.04625195 0 0.9989302 0.04624384 2.49756e-4 0.9989305 0.04623776 5.60386e-6 0.9989309 0.04622888 0 0.9989328 0.04618674 0 0.9989336 0.04617118 0 0.9989308 0.04623347 0 0.9989315 0.04621791 0 0.9989289 0.04627209 0 0.9989304 0.04624098 0 0.9989308 0.04623174 0 0.99893 0.0462473 0 0.9989317 0.04621326 0 0.9989302 0.04624444 0 0.9989318 0.04620981 0 0.9989325 0.04619425 0 0.9989296 0.04625654 0 0.9989305 0.04623806 0 0.9989312 0.0462225 0 0.9989331 0.04618215 0 0.9989315 0.04621618 0 0.9989324 0.04619771 0 0.9989314 0.04621964 0 0.9989328 0.04618853 0 0.9989311 0.04622536 0 0.998926 0.04633444 0 0.9989275 0.04630327 0 0.9989298 0.04625368 0 0.9989293 0.04626291 0 0.9989299 0.04625022 0 0.9989286 0.04628133 0 0.9989323 0.04620057 0 0.9989306 0.0462377 0 0.9989303 0.0462408 0 0.9989305 0.04623782 -3.36235e-5 0.9989305 0.04623782 1.12078e-5 0.9989322 0.04618197 0.001326143 0.9989305 0.04623776 -1.2127e-5 0.9983179 0.04617851 0.03505885 0.9989303 0.0462383 -7.00485e-4 0.9988543 0.04621893 0.01240515 0.9989305 0.0462383 6.16427e-5 0.9988785 0.04622006 -0.01027154 0.9989305 0.04623812 -2.1295e-4 0.9982985 0.04615283 0.03563588 0.9989303 0.04623782 5.65995e-4 0.9986509 0.0462315 -0.02364605 0.9989305 0.04623782 2.91403e-4 0.9987771 0.04620611 0.01758855 0.9989304 0.04623883 -3.58653e-4 0.9989194 0.04619884 -0.005076885 0.9989303 0.04623854 -6.44449e-4 0.9989206 0.04625904 0.004201054 0.9989304 0.04623711 -5.7159e-4 0.9988384 0.04625868 0.0134921 0.9989306 0.04623764 -1.45701e-4 0.9986718 0.04621863 0.02277404 0.9989302 0.04623842 -7.62142e-4 0.9984194 0.04617571 0.03204399 0.9989305 0.04623782 0 0.998932 0.04620516 1.95123e-4 0.9989303 0.04623758 5.99616e-4 0.9987314 0.04625833 -0.01989859 0.9989302 0.04623752 8.46184e-4 0.9975862 0.0461741 -0.05186402 0.99893 0.04623705 0.001103937 0.9983887 0.0462656 -0.03285729 0.9989306 0.04623699 -7.84533e-5 0.9989281 0.04626744 -0.001389265 0.9989306 0.04623764 3.92272e-5 0.9987632 0.04622858 -0.01830726 0.9989305 0.0462377 2.91398e-4 0.9989288 0.0462594 0.00121814 0.9989304 0.04623782 -5.26759e-4 0.9980362 0.04613256 0.04237395 0.9989305 0.04623818 4.4831e-4 0.9988566 0.04623293 -0.01217472 0.9989305 0.04623711 9.5265e-5 0.9988979 0.0462892 -0.007777333 0.9989306 0.04623699 -2.63379e-4 0.998929 0.04623627 0.001740455 0.9989303 0.04623854 -5.8841e-4 0.9982799 0.04619699 0.03609824 0.9989299 0.04623848 -0.001053512 0.9987165 0.04621255 0.02073478 0.9989305 0.04623794 1.12078e-4 0.9987747 0.04622334 -0.01768463 0.9989305 0.04623782 -5.60391e-6 0.9974697 0.04612374 0.05410188 0.9989303 0.04623794 -6.50055e-4 0.9989012 0.0462616 -0.007507324 0.9989305 0.04623764 3.19421e-4 0.998931 0.04619938 0.001575291 0.9989305 0.04623842 -1.34496e-4 0.9989213 0.04623013 0.004343807 0.9989305 0.04623782 -1.0087e-4 0.9989275 0.04625356 -0.002130091 0.9989304 0.04623794 -3.47443e-4 0.9985193 0.04617571 0.0287624 0.9989305 0.04623842 -7.84558e-5 0.9985899 0.04625177 -0.0260595 0.9989305 0.04623711 1.56907e-4 0.998785 0.04625272 -0.01701295 0.9989305 0.04623699 4.25889e-4 0.998723 0.0461955 0.02045243 0.9989305 0.04623734 4.03477e-4 0.9983336 0.04625147 -0.03450918 0.9989305 0.04623794 2.12946e-4 0.9988783 0.04623395 0.01022386 0.9989305 0.04623734 -2.4657e-4 0.9988085 0.04627346 -0.01551032 0.9989106 0.04627823 -0.005995512 0.9989305 0.04623734 -1.00869e-4 0.9989156 0.04623568 0.005478918 0.9989305 0.04623794 -2.01738e-4 0.9987196 0.04617571 0.0206682 0.9989305 0.04623806 5.60385e-5 0.9984843 0.04627811 -0.02979367 0.9989305 0.04623723 -2.24154e-5 0.9987575 0.04619711 0.01868951 0.9989305 0.04623782 2.12949e-4 0.998909 0.04625731 -0.006414175 0.9989305 0.04623794 -2.68988e-4 0.9988728 0.04620826 0.01085782 0.9989305 0.04623782 -3.69858e-4 0.9988505 0.04624998 0.01260012 0.9989305 0.04623782 -1.34494e-4 0.9989286 0.04624205 -0.001872122 0.9989305 0.04623782 3.02611e-4 0.9988971 0.04620939 -0.008322954 0.9989305 0.0462383 -1.79327e-4 0.9987828 0.04617291 0.01735383 0.9989305 0.04623782 -6.72469e-5 0.9989293 0.04626286 2.96557e-4 0.9989305 0.04623734 1.90531e-4 0.9988602 0.04624927 -0.01181215 0.9989306 0.04623705 1.9053e-4 0.998762 0.04627019 -0.01826453 0.9989305 0.04623818 1.45701e-4 0.9989245 0.04623144 0.003543019 0.9989305 0.04623734 5.60385e-5 0.9989251 0.04623144 -0.003371357 0.9989305 0.04623806 -5.60385e-5 0.998912 0.04628288 -0.005730688 0.9989306 0.04623705 1.00869e-4 0.9989212 0.04624634 -0.004215538 0.9989305 0.04623818 1.0087e-4 0.998882 0.04616707 0.01017606 0.9989305 0.04623806 -1.00869e-4 0.9989303 0.04623168 9.52105e-4 0.9989305 0.04623812 0 0.9989233 0.04624933 -0.003669321 0.9989305 0.04623693 1.00868e-4 0.9989261 0.04628354 -0.00213927 0.9989305 0.04623734 -5.60385e-5 0.9989293 0.04626286 2.02907e-4 0.9989306 0.0462374 0 0.9989306 0.04623174 -7.02373e-4 0.9989306 0.0462374 6.72463e-5 0.9989272 0.04628217 -0.001592695 0.9989306 0.04623699 2.24152e-5 0.9989294 0.04624956 -0.001077353 -0.03579056 0.9993594 0 -0.9989301 -0.04624688 0 -0.1086712 0.9940778 0 -0.1086712 0.9940778 0 -0.1074499 0.9942106 0 -0.1074498 0.9942106 0 -0.1092237 0.9940172 0 -0.1092236 0.9940173 0 1 0 0 0.1084733 -0.9940994 0 0.9990699 0.04311913 0 0.04311913 -0.99907 0 -0.9989994 -0.04472535 0 -0.9989994 -0.04472535 0 -0.03372156 0.9994313 0 0.9989517 0.04577684 0 -0.1096308 0.9939724 0 -0.1096308 0.9939724 0 -0.9945735 -0.1040365 0 0.1106398 -0.9938607 0 0.1106398 -0.9938606 0 0.993265 0.1158653 0 0.120109 -0.9927607 0 -0.9926245 -0.1212306 0 -0.9926246 -0.1212291 0 -0.1448574 0.9894526 0 -0.1448576 0.9894526 0 0.9918305 0.1275633 0 0.9918308 0.1275607 0 -0.11085 0.9938372 0 -0.11085 0.9938372 0 0 0 1 0 0 1 -1.38442e-7 0 1 0 0 1 0 0 1 -3.22951e-7 0 1 2.56619e-7 0 1 -3.08344e-7 0 1 0 0 1 -3.88682e-7 0 1 0 0 1 0 0 1 3.21198e-7 0 1 0 0 1 0 0 1 0 0 1 0 0 1 0 0 1 0 0 1 0 0 1 0 0 1 0 0 1 1.38762e-7 0 1 0.04613983 -0.9989351 0 0.04613977 -0.9989351 0 -0.04614078 0.9989349 0 -0.04614078 0.998935 0 0.9989351 0.04614025 0 0.9989351 0.04614025 0 0 0 1 0.04614084 -0.998935 0 -0.0461418 0.998935 0 -0.0461418 0.9989349 0 0.9989351 0.04614031 0 0 0 1 0.04613983 -0.998935 0 0.04613983 -0.998935 0 -0.04613685 0.9989352 0 0.9989351 0.04614019 0 0.04613888 -0.9989351 0 -0.04613786 0.9989352 0 -0.04613786 0.9989351 0 0.9989351 0.04614031 0 0 0 1 0 0 1 0.04613989 -0.9989351 0 -0.0461409 0.998935 0 0.9989351 0.04613989 0 0.9989351 0.04613983 0 0 0 1 0.04613894 -0.9989351 0 -0.04613995 0.998935 0 0 0 1 0 0 1 0.04614198 -0.998935 0 0.04614198 -0.9989349 0 -0.04613894 0.9989351 0 0 0 1 0.046139 -0.9989351 0 -0.04613798 0.9989351 0 -0.04613798 0.9989352 0 0.9989351 0.04614007 0 0 0 1 0.04614001 -0.998935 0 0.04614001 -0.998935 0 -0.046139 0.9989351 0 0.9989351 0.04614037 0 0 0 1 0.04614102 -0.9989349 0 0.04614102 -0.9989349 0 -0.04614001 0.9989351 0 -0.04614001 0.9989351 0 0 0 1 0.04614007 -0.9989351 0 0.04614007 -0.9989351 0 -0.04613709 0.9989351 0 -0.04613709 0.9989351 0 0 0 1 0.04613912 -0.9989351 0 0.04613912 -0.9989351 0 -0.04614007 0.9989351 0 -0.04614007 0.9989351 0 0.9989351 0.04613995 0 0.04614216 -0.9989349 0 0.04614216 -0.9989349 0 -0.04614114 0.9989349 0 -0.04614114 0.9989349 0 0.9989351 0.04614043 0 0 0 1 0.04614317 -0.9989349 0 0.04614317 -0.9989349 0 -0.04614216 0.9989349 0 -0.04614216 0.9989349 0 0 0 1 0.04614216 -0.9989349 0 0.04614216 -0.9989349 0 -0.04613918 0.9989351 0 -0.04613918 0.9989351 0 0.0461412 -0.9989349 0 0.0461412 -0.9989349 0 -0.04614019 0.9989351 0 -0.04614019 0.9989351 0 0 0 1 0 0 1 0.04614025 -0.998935 0 -0.04614323 0.9989349 0 0 0 1 0.04613727 -0.9989351 0 -0.04614228 0.9989349 0 -0.04614228 0.9989349 0 0 0 1 0.04614031 -0.998935 0 -0.04614126 0.9989349 0 0 0 1 0 0 1 0.04613935 -0.998935 0 -0.04614233 0.9989349 0 -0.04614233 0.9989349 0 0.9989351 0.04614001 0 0 0 1 0 0 1 0.04614037 -0.998935 0 0.04614037 -0.9989351 0 -0.04614132 0.998935 0 0 0 1 0.04614037 -0.998935 0 -0.04614239 0.9989349 0 0 0 1 0.0461384 -0.9989351 0 0.0461384 -0.9989351 0 -0.04613941 0.9989351 0 -0.04613941 0.9989351 0 0 0 1 0.04613941 -0.9989351 0 -0.04613846 0.9989351 0 0.9989351 0.04614043 0 0.9989351 0.04614055 0 0 0 1 0.04614049 -0.998935 0 0.04614049 -0.9989351 0 -0.04613947 0.9989351 0 -0.04613947 0.9989351 0 0 0 1 0 0 1 0.04614245 -0.9989349 0 0.04614245 -0.9989349 0 -0.04614049 0.9989351 0 -0.04614049 0.998935 0 0 0 1 0.04613953 -0.9989351 0 0.04613953 -0.9989351 0 -0.04613953 0.9989351 0 0.9989351 0.04613989 0 0.9989351 0.04614025 0 0.04614156 -0.998935 0 -0.04613953 0.9989351 0 0.9989351 0.04613906 0 0.9989351 0.04613924 0 0 0 1 0.04613959 -0.9989351 0 -0.04613858 0.9989351 0 -0.04613858 0.9989351 0 0 0 1 0 0 1 0.04614061 -0.998935 0 0.04614061 -0.998935 0 -0.04613959 0.9989351 0 0 0 1 0.04614162 -0.9989349 0 -0.04614067 0.998935 0 0.9989351 0.04613989 0 0 0 1 0 0 1 0.04614067 -0.998935 0 -0.04613864 0.9989351 0 0 0 1 0.04614067 -0.9989351 0 -0.04614067 0.998935 0 0.9989351 0.04614007 0 0.9989351 0.04613971 0 0.0461387 -0.9989351 0 -0.04614073 0.9989351 0 0 0 1 0.04613775 -0.9989352 0 -0.04613971 0.998935 0 0.04613876 -0.9989351 0 -0.04614078 0.998935 0 0.04613983 -0.998935 0 -0.0461418 0.9989349 0 0.9989351 0.04614061 0 0.04614084 -0.998935 0 0.04614084 -0.998935 0 -0.04613983 0.998935 0 -0.04613983 0.998935 0 0.04613888 -0.9989351 0 0.04613888 -0.9989351 0 -0.04614186 0.998935 0 -0.04614186 0.998935 0 0 0 1 0.04613786 -0.9989351 0 0.04613786 -0.9989352 0 -0.04613888 0.9989351 0 -0.04613888 0.9989351 0 0 0 1 0.04613894 -0.9989351 0 -0.0461409 0.9989351 0 0.04613995 -0.998935 0 -0.04614192 0.9989349 0 0.04614096 -0.9989349 0 0.04614096 -0.9989349 0 -0.04614198 0.9989349 0 0 0 1 0.04614001 -0.998935 0 -0.04613798 0.9989352 0 0 0 1 0 0 1 0.04614001 -0.9989351 0 -0.04613906 0.9989351 0 0 0 1 0.04614204 -0.9989349 0 -0.04614007 0.9989351 0 0 0 1 0 0 1 0.04613906 -0.9989351 0 -0.04613906 0.9989351 0 0 0 1 0.04614108 -0.998935 0 0.04614108 -0.998935 0 -0.04613912 0.9989351 0 -0.04613912 0.9989351 0 0.04613912 -0.9989351 0 0.04613912 -0.9989351 0 -0.04613816 0.9989351 0 -0.04613816 0.9989352 0 0 0 1 0.04614019 -0.998935 0 0.04614019 -0.998935 0 -0.04613918 0.9989351 0 -0.04613918 0.9989351 0 0 0 1 0 0 1 0.0461412 -0.9989349 0 0.0461412 -0.9989349 0 -0.04614019 0.998935 0 -0.04614019 0.998935 0 0 0 1 0.04614222 -0.9989349 0 -0.0461412 0.9989349 0 0 0 1 0 0 1 0.04614025 -0.998935 0 -0.04614025 0.998935 0 0 0 1 0.04613929 -0.9989351 0 -0.04614025 0.998935 0 0 0 1 0.04613733 -0.9989352 0 -0.04613929 0.9989351 0 -0.04613929 0.9989351 0 0 0 1 0.04614037 -0.998935 0 -0.04614031 0.998935 0 0 0 1 0.04614239 -0.9989349 0 -0.04614138 0.9989349 0 -0.04614138 0.9989349 0 0 0 1 0.0461384 -0.9989351 0 -0.04613941 0.9989351 0 0 0 1 0.04613894 -0.9989351 0 -0.04614144 0.9989349 0 0.9989351 0.04614073 0 0 0 1 0.04614096 -0.9989349 0 -0.04614198 0.998935 0 0 0 1 0.04613846 -0.9989351 0 0.04613846 -0.9989351 0 -0.04613995 0.9989351 0 0 0 1 0.046139 -0.9989351 0 -0.04614096 0.9989349 0 0.9989351 0.04614049 0 0 0 1 0.04614001 -0.998935 0 -0.04614204 0.9989349 0 -0.04614204 0.9989349 0 0 0 1 0.04614108 -0.9989349 0 0.04614108 -0.9989349 0 -0.04614055 0.998935 0 0 0 1 -0.04613906 0.9989351 0 0 0 1 0.04614061 -0.9989351 0 -0.04614013 0.998935 0 -0.04614013 0.9989351 0 0 0 1 -0.04613864 0.9989351 0 -0.04613864 0.9989351 0 0 0 1 0 0 1 0.04614007 -0.998935 0 0.04613918 -0.9989351 0 0.04613918 -0.9989351 0 -0.04613959 0.9989351 0 0 0 1 -0.0461412 0.9989349 0 -0.0461412 0.9989349 0 0 0 1 0.04613995 -0.998935 0 -0.04613786 0.9989352 0 -0.04613786 0.9989352 0 0 0 1 -0.9989351 -0.04614031 0 -0.998935 -0.04614073 0 0.04613882 -0.9989351 0 0.04613882 -0.9989351 0 -0.04613947 0.9989351 0 -0.04613947 0.9989351 0 0 0 1 -0.9986186 -0.05254566 0 -0.1216821 0.9925692 0 0.9986186 0.05254572 0 0.9986186 0.05254513 0 0.121671 -0.9925705 0 0.1216711 -0.9925706 0 -0.9986186 -0.0525459 0 -0.9986186 -0.05254572 0 0.9986186 0.05254536 0 0 0 1 -0.9986186 -0.05254536 0 -0.121684 0.9925689 0 -0.1216843 0.9925689 0 0.9986186 0.05254495 0 0.9986186 0.0525453 0 0.1216823 -0.9925692 0 0 0 1 -0.9986186 -0.05254584 0 -0.1216819 0.9925692 0 0.9986186 0.05254566 0 0.1216689 -0.9925708 0 0.1216687 -0.9925708 0 0 0 1 0 0 1 -0.9986186 -0.05254608 0 -0.1216707 0.9925705 0 0.9986186 0.05254584 0 0.9986186 0.05254548 0 -0.1216818 0.9925693 0 0.9986186 0.05254495 0 0.1216707 -0.9925705 0 -0.9986186 -0.05254459 0 -0.1216713 0.9925705 0 -0.1216711 0.9925706 0 0.9986185 0.0525462 0 0.1216818 -0.9925693 0 0 0 1 -0.1216706 0.9925706 0 0.1216815 -0.9925693 0 0 0 1 -0.9986187 -0.05254477 0 -0.1216813 0.9925693 0 -0.1216809 0.9925693 0 0.1216699 -0.9925706 0 0 0 1 -0.1216694 0.9925707 0 0.1216827 -0.9925692 0 0 0 1 -0.1216827 0.9925692 0 0.9986186 0.05254459 0 0.1216694 -0.9925707 0 0 0 1 -0.1216702 0.9925706 0 0.1216702 -0.9925706 0 0 0 1 -0.9986187 -0.05254459 0 0.1216813 -0.9925693 0 0.1216809 -0.9925693 0 -0.1216823 0.9925692 0 -0.1216716 0.9925705 0 -0.9986184 -0.05254924 0 -0.9986185 -0.05254775 0 -0.1216816 0.9925692 0 0.1216716 -0.9925705 0 0 0 1 -0.121668 0.9925709 0 -0.1216677 0.9925709 0 0 0 1 -0.1216719 0.9925704 0 0 0 1 0 0 1 -0.121683 0.992569 0 0.1216713 -0.9925705 0 -0.9986187 -0.05254387 0 0.1216816 -0.9925692 0 0 0 1 0.1216697 -0.9925706 0 0.121669 -0.9925708 0 0 0 1 0.121683 -0.992569 0 0 0 1 0.9986187 0.05254387 0 -0.1216699 0.9925706 0 0.1216831 -0.992569 0 0.1216838 -0.9925689 0 0 0 1 0.9986184 0.05254983 0 0.9986186 0.05254685 0 0.1216706 -0.9925706 0 -0.1216697 0.9925706 0 -0.121669 0.9925708 0 0 0 1 -0.9986186 -0.05254548 0 -0.9986187 -0.05254399 0 0 0 1 0 0 1 -0.9986184 -0.05254834 0 0.9986186 0.05254399 0 0.9986185 0.05254697 0 -0.9986185 -0.05254697 0 -0.9986186 -0.05254399 0 -0.1216803 0.9925695 0 0.9986184 0.05254846 0 -0.9986187 -0.05254381 0 -0.1216837 0.992569 0 0.1216845 -0.9925689 0 0 0 1 -0.9986188 -0.0525425 0 -0.9986188 -0.05254101 0 -0.1216692 0.9925708 0 0.1216803 -0.9925695 0 0.9986184 0.05254977 0 0.9986184 0.05254828 0 0 0 1 0 0 1 -0.9986186 -0.05254685 0 0.1216726 -0.9925704 0 -0.9986187 -0.05254238 0 -0.9986188 -0.05254089 0 -0.1216838 0.9925689 0 0.9986187 0.05254381 0 0.9986186 0.05254679 0 0.9986188 0.0525425 0 -0.9986184 -0.05254846 0 0.9986183 0.05255132 0 -0.1216683 0.9925708 0 0.9986187 0.05254238 0 0.9986183 0.05255144 0 0 0 1 -0.1216865 0.9925686 0 0 0 1 -0.9986187 -0.0525425 0 0.1216728 -0.9925704 0 0 0 1 -0.1216843 0.9925689 0 0.9986184 0.05254834 0 0 0 1 -0.9986188 -0.05254232 0 -0.1216728 0.9925704 0 -0.1216741 0.9925702 0 0.9986184 0.05254846 0 -0.1216794 0.9925696 0 -0.1216807 0.9925694 0 0.1216683 -0.9925708 0 -0.1216675 0.9925709 0 0.9986186 0.05254554 0 -0.9986184 -0.05254846 0 -0.1216781 0.9925697 0 -0.9986186 -0.05254536 0 0.9986183 0.0525515 0 0.9986184 0.05254852 0 -0.1216852 0.9925688 0 0.9986187 0.05254226 0 0.9986186 0.0525453 0 0 0 1 0 0 1 -0.9986187 -0.05254256 0 -0.9986184 -0.05254852 0 0.1216843 -0.9925689 0 0.9986188 0.05254232 0 0 0 1 0 0 1 0 0 1 0 0 1 -0.9986189 -0.0525394 0 0.9986187 0.0525425 0 0.9986183 0.05255144 0 0.1216759 -0.99257 0 0 0 1 0 0 1 -0.1216825 0.9925691 0 0 0 1 0 0 1 -0.9986184 -0.05254828 0 -0.1216661 0.9925712 0 -0.1216688 0.9925708 0 0 0 1 -0.9986183 -0.05255144 0 -0.1216767 0.9925699 0 0 0 1 -0.1216821 0.9925692 0 0.1216733 -0.9925703 0 -0.9986183 -0.05255132 0 -0.9986185 -0.05254834 0 -0.1216811 0.9925693 0 0 0 1 -0.9986186 -0.0525453 0 -0.9986184 -0.05254828 0 -0.9986183 -0.05255132 0 -0.1216733 0.9925703 0 0 0 1 0.9986189 0.05253952 0 0.9986189 0.05253934 0 0.9986183 0.05255126 0 -0.1216835 0.992569 0 0.9986186 0.05254536 0 0 0 1 0 0 1 -0.9986189 -0.05253952 0 0.9986183 0.05255132 0 0.9986189 0.0525394 0 0 0 1 0.9986186 0.05254542 0 0.9986189 0.05253946 0 0 0 1 0 0 1 0 0 1 0 0 1 -0.1216746 0.9925701 0 0 0 1 0 0 1 -0.9932621 -0.1158897 0 -0.993261 -0.1158995 0 0.9927611 0.1201055 0 0.1201077 -0.9927609 0 0.1201075 -0.9927609 0 -0.9927597 -0.1201176 0 -0.1201102 0.9927607 0 -0.1201104 0.9927605 0 0 0 1 0 0 1 0.9927608 0.1201087 0 0.1201072 -0.992761 0 -0.9927601 -0.1201142 0 -0.9927608 -0.1201087 0 0.9927596 0.1201186 0 0.9927609 0.1201076 0 -0.9927616 -0.1201021 0 -0.1201075 0.9927609 0 0.9927611 0.1201065 0 0 0 1 0.9927623 0.1200965 0 -0.1201068 0.9927611 0</float_array>
          <technique_common>
            <accessor source="#Compound-mesh-normals-array" count="2949" stride="3">
              <param name="X" type="float"/>
              <param name="Y" type="float"/>
              <param name="Z" type="float"/>
            </accessor>
          </technique_common>
        </source>
        <vertices id="Compound-mesh-vertices">
          <input semantic="POSITION" source="#Compound-mesh-positions"/>
        </vertices>
        <triangles material="Compound-material" count="7564">
          <input semantic="VERTEX" source="#Compound-mesh-vertices" offset="0"/>
          <input semantic="NORMAL" source="#Compound-mesh-normals" offset="1"/>
          <p>0 0 1 0 2 0 3 1 1 1 0 1 1 2 4 2 2 2 1 3 5 3 4 3 4 4 6 4 7 4 5 5 6 5 4 5 6 6 0 6 7 6 6 7 3 7 0 7 3 8 6 8 5 8 3 9 5 9 1 9 7 10 0 10 4 10 4 10 0 10 2 10 8 11 9 11 10 11 11 12 9 12 8 12 9 13 12 13 10 13 9 13 13 13 12 13 12 14 14 14 15 14 13 15 14 15 12 15 15 16 11 16 8 16 14 16 11 16 15 16 9 8 11 8 14 8 9 17 14 17 13 17 15 10 10 10 12 10 8 10 10 10 15 10 16 18 17 18 18 18 16 19 19 19 17 19 19 20 20 20 17 20 19 21 21 21 20 21 20 22 22 22 23 22 21 23 22 23 20 23 22 24 18 24 23 24 22 25 16 25 18 25 19 8 16 8 22 8 19 26 22 26 21 26 23 10 17 10 20 10 18 10 17 10 23 10 24 27 25 27 26 27 27 28 25 28 24 28 26 29 28 29 29 29 25 30 28 30 26 30 29 31 30 31 31 31 28 32 30 32 29 32 31 33 27 33 24 33 30 34 27 34 31 34 27 35 30 35 28 35 25 36 27 36 28 36 31 10 24 10 29 10 24 10 26 10 29 10 32 37 33 37 34 37 35 38 33 38 32 38 33 39 36 39 34 39 33 40 37 40 36 40 36 32 38 32 39 32 37 31 38 31 36 31 39 41 35 41 32 41 38 42 35 42 39 42 35 43 38 43 37 43 33 8 35 8 37 8 39 10 32 10 36 10 32 10 34 10 36 10 40 28 41 28 42 28 43 27 41 27 40 27 41 44 44 44 42 44 41 45 45 45 44 45 45 32 46 32 44 32 45 31 47 31 46 31 47 46 40 46 46 46 47 47 43 47 40 47 43 48 47 48 45 48 41 49 43 49 45 49 46 10 40 10 44 10 40 10 42 10 44 10 48 18 49 18 50 18 51 19 49 19 48 19 50 50 52 50 53 50 49 50 52 50 50 50 53 14 54 14 55 14 52 15 54 15 53 15 55 51 51 51 48 51 54 51 51 51 55 51 51 52 54 52 52 52 49 8 51 8 52 8 55 10 48 10 53 10 48 10 50 10 53 10 56 53 57 53 58 53 59 53 57 53 56 53 57 54 60 54 58 54 57 55 61 55 60 55 60 22 62 22 63 22 61 23 62 23 60 23 63 56 59 56 56 56 62 56 59 56 63 56 59 57 62 57 61 57 57 8 59 8 61 8 63 10 56 10 60 10 56 10 58 10 60 10 64 19 65 19 66 19 67 18 65 18 64 18 65 13 68 13 66 13 65 58 69 58 68 58 69 14 70 14 68 14 69 15 71 15 70 15 71 59 64 59 70 59 71 60 67 60 64 60 67 17 71 17 69 17 65 8 67 8 69 8 70 10 64 10 68 10 64 10 66 10 68 10 72 61 73 61 74 61 75 61 73 61 72 61 74 62 76 62 77 62 73 63 76 63 74 63 76 31 78 31 77 31 76 32 79 32 78 32 78 64 75 64 72 64 79 64 75 64 78 64 73 65 75 65 79 65 73 66 79 66 76 66 78 10 72 10 77 10 72 10 74 10 77 10 80 28 81 28 82 28 83 27 81 27 80 27 81 29 84 29 82 29 81 30 85 30 84 30 84 32 86 32 87 32 85 31 86 31 84 31 87 34 83 34 80 34 86 33 83 33 87 33 83 35 86 35 85 35 81 67 83 67 85 67 87 10 80 10 84 10 80 10 82 10 84 10 88 68 89 68 90 68 91 68 89 68 88 68 89 69 92 69 90 69 89 70 93 70 92 70 92 15 94 15 95 15 93 14 94 14 92 14 94 71 88 71 95 71 94 72 91 72 88 72 91 73 94 73 93 73 89 8 91 8 93 8 95 10 88 10 92 10 88 10 90 10 92 10 96 19 97 19 98 19 99 18 97 18 96 18 98 74 100 74 101 74 97 75 100 75 98 75 100 23 102 23 101 23 100 76 103 76 102 76 102 77 99 77 96 77 103 78 99 78 102 78 97 8 99 8 103 8 97 79 103 79 100 79 102 10 96 10 101 10 96 10 98 10 101 10 104 28 105 28 106 28 107 27 105 27 104 27 105 80 108 80 106 80 105 81 109 81 108 81 108 15 110 15 111 15 109 14 110 14 108 14 111 51 107 51 104 51 110 82 107 82 111 82 107 52 110 52 109 52 105 8 107 8 109 8 111 10 104 10 108 10 104 10 106 10 108 10 112 83 113 83 114 83 115 83 113 83 112 83 113 84 116 84 114 84 113 45 117 45 116 45 116 76 118 76 119 76 117 76 118 76 116 76 118 56 112 56 119 56 118 85 115 85 112 85 115 57 118 57 117 57 113 8 115 8 117 8 119 10 112 10 116 10 112 10 114 10 116 10 120 19 121 19 122 19 123 18 121 18 120 18 122 13 124 13 125 13 121 86 124 86 122 86 125 87 126 87 127 87 124 88 126 88 125 88 127 89 123 89 120 89 126 16 123 16 127 16 123 90 126 90 124 90 121 8 123 8 124 8 127 10 120 10 125 10 120 10 122 10 125 10 128 38 129 38 130 38 131 37 129 37 128 37 130 91 132 91 133 91 129 92 132 92 130 92 132 87 134 87 133 87 132 88 135 88 134 88 134 64 131 64 128 64 135 93 131 93 134 93 129 94 131 94 135 94 129 95 135 95 132 95 134 10 128 10 133 10 128 10 130 10 133 10 136 28 137 28 138 28 139 28 137 28 136 28 137 86 140 86 138 86 137 13 141 13 140 13 140 14 142 14 143 14 141 15 142 15 140 15 142 96 136 96 143 96 142 97 139 97 136 97 139 98 142 98 141 98 137 99 139 99 141 99 143 10 136 10 140 10 136 10 138 10 140 10 144 19 145 19 146 19 147 18 145 18 144 18 146 100 148 100 149 100 145 101 148 101 146 101 149 15 150 15 151 15 148 14 150 14 149 14 151 72 147 72 144 72 150 102 147 102 151 102 147 73 150 73 148 73 145 8 147 8 148 8 151 10 144 10 149 10 144 10 146 10 149 10 152 103 153 103 154 103 152 18 155 18 153 18 153 104 156 104 157 104 155 105 156 105 153 105 157 106 158 106 159 106 156 107 158 107 157 107 159 108 152 108 154 108 158 108 152 108 159 108 155 8 152 8 158 8 155 109 158 109 156 109 159 10 153 10 157 10 154 10 153 10 159 10 160 27 161 27 162 27 160 27 163 27 161 27 163 80 164 80 161 80 163 80 165 80 164 80 164 32 166 32 167 32 165 31 166 31 164 31 166 16 162 16 167 16 166 110 160 110 162 110 163 8 160 8 166 8 163 111 166 111 165 111 167 10 161 10 164 10 162 10 161 10 167 10 168 112 169 112 170 112 168 113 171 113 169 113 171 114 172 114 169 114 171 115 173 115 172 115 173 32 174 32 172 32 173 31 175 31 174 31 174 116 168 116 170 116 175 117 168 117 174 117 171 8 168 8 175 8 171 118 175 118 173 118 174 10 169 10 172 10 170 10 169 10 174 10 176 18 177 18 178 18 176 103 179 103 177 103 177 119 180 119 181 119 179 50 180 50 177 50 180 14 182 14 181 14 180 15 183 15 182 15 182 120 176 120 178 120 183 120 176 120 182 120 179 8 176 8 183 8 179 73 183 73 180 73 182 10 177 10 181 10 178 10 177 10 182 10 184 18 185 18 186 18 184 121 187 121 185 121 187 122 188 122 185 122 187 123 189 123 188 123 188 14 190 14 191 14 189 15 190 15 188 15 190 64 186 64 191 64 190 93 184 93 186 93 187 8 184 8 190 8 187 124 190 124 189 124 191 10 185 10 188 10 186 10 185 10 191 10 192 19 193 19 194 19 192 18 195 18 193 18 195 30 196 30 193 30 195 125 197 125 196 125 197 76 198 76 196 76 197 23 199 23 198 23 198 126 192 126 194 126 199 108 192 108 198 108 195 8 192 8 199 8 195 26 199 26 197 26 198 10 193 10 196 10 194 10 193 10 198 10 200 27 201 27 202 27 200 127 203 127 201 127 201 21 204 21 205 21 203 21 204 21 201 21 204 31 206 31 205 31 204 32 207 32 206 32 206 128 200 128 202 128 207 129 200 129 206 129 203 8 200 8 207 8 203 130 207 130 204 130 206 10 201 10 205 10 202 10 201 10 206 10 208 131 209 131 210 131 211 132 209 132 208 132 209 133 212 133 210 133 209 134 213 134 212 134 212 135 214 135 215 135 213 136 214 136 212 136 214 137 208 137 215 137 214 138 211 138 208 138 209 139 211 139 214 139 213 140 209 140 214 140 208 10 210 10 215 10 210 10 212 10 215 10 216 141 217 141 218 141 219 141 217 141 216 141 217 142 220 142 218 142 217 142 221 142 220 142 221 143 222 143 220 143 221 143 223 143 222 143 223 144 216 144 222 144 223 144 219 144 216 144 219 145 221 145 217 145 223 8 221 8 219 8 220 10 216 10 218 10 220 10 222 10 216 10 224 146 225 146 226 146 224 146 227 146 225 146 227 147 228 147 225 147 227 148 229 148 228 148 229 149 230 149 228 149 229 149 231 149 230 149 231 144 226 144 230 144 231 144 224 144 226 144 224 150 229 150 227 150 231 151 229 151 224 151 228 10 226 10 225 10 228 10 230 10 226 10 232 152 233 152 234 152 235 152 233 152 232 152 233 153 236 153 234 153 233 154 237 154 236 154 236 155 238 155 239 155 237 155 238 155 236 155 238 156 232 156 239 156 238 156 235 156 232 156 235 8 237 8 233 8 238 157 237 157 235 157 236 10 232 10 234 10 236 10 239 10 232 10 240 146 241 146 242 146 243 146 241 146 240 146 241 158 244 158 242 158 241 159 245 159 244 159 245 160 246 160 244 160 245 149 247 149 246 149 247 161 240 161 246 161 247 161 243 161 240 161 243 162 245 162 241 162 247 163 245 163 243 163 244 10 240 10 242 10 244 10 246 10 240 10 248 164 249 164 250 164 251 152 249 152 248 152 249 165 252 165 250 165 249 166 253 166 252 166 253 167 254 167 252 167 253 167 255 167 254 167 255 156 248 156 254 156 255 156 251 156 248 156 251 8 253 8 249 8 255 8 253 8 251 8 252 10 248 10 250 10 252 10 254 10 248 10 256 168 257 168 258 168 259 146 257 146 256 146 257 158 260 158 258 158 257 169 261 169 260 169 260 170 262 170 263 170 261 149 262 149 260 149 262 161 256 161 263 161 262 171 259 171 256 171 259 145 261 145 257 145 262 172 261 172 259 172 260 10 256 10 258 10 260 10 263 10 256 10 264 152 265 152 266 152 267 173 265 173 264 173 265 158 268 158 266 158 265 169 269 169 268 169 269 174 270 174 268 174 269 167 271 167 270 167 270 161 267 161 264 161 271 161 267 161 270 161 267 8 269 8 265 8 271 8 269 8 267 8 268 10 264 10 266 10 268 10 270 10 264 10 272 146 273 146 274 146 275 175 273 175 272 175 273 169 276 169 274 169 273 158 277 158 276 158 276 170 278 170 279 170 277 149 278 149 276 149 278 161 272 161 279 161 278 161 275 161 272 161 275 176 277 176 273 176 278 172 277 172 275 172 276 10 272 10 274 10 276 10 279 10 272 10 280 175 281 175 282 175 280 146 283 146 281 146 283 177 284 177 281 177 283 178 285 178 284 178 285 179 286 179 284 179 285 180 287 180 286 180 286 181 280 181 282 181 287 171 280 171 286 171 280 182 285 182 283 182 287 8 285 8 280 8 284 10 282 10 281 10 284 10 286 10 282 10 288 173 289 173 290 173 291 152 289 152 288 152 289 183 292 183 290 183 289 184 293 184 292 184 293 170 294 170 292 170 293 149 295 149 294 149 295 185 288 185 294 185 295 185 291 185 288 185 291 8 293 8 289 8 295 186 293 186 291 186 292 10 288 10 290 10 292 10 294 10 288 10 296 146 297 146 298 146 296 175 299 175 297 175 299 177 300 177 297 177 299 187 301 187 300 187 300 188 302 188 303 188 301 189 302 189 300 189 302 190 298 190 303 190 302 185 296 185 298 185 296 191 301 191 299 191 302 8 301 8 296 8 300 10 298 10 297 10 300 10 303 10 298 10 304 175 305 175 306 175 307 192 305 192 304 192 305 193 308 193 306 193 305 193 309 193 308 193 308 194 310 194 311 194 309 195 310 195 308 195 310 196 304 196 311 196 310 197 307 197 304 197 307 8 309 8 305 8 310 8 309 8 307 8 308 10 304 10 306 10 308 10 311 10 304 10 312 198 313 198 314 198 315 199 313 199 312 199 313 200 316 200 314 200 313 201 317 201 316 201 316 202 318 202 319 202 317 203 318 203 316 203 318 185 312 185 319 185 318 190 315 190 312 190 315 204 317 204 313 204 318 186 317 186 315 186 316 10 312 10 314 10 316 10 319 10 312 10 320 205 321 205 322 205 320 206 323 206 321 206 323 187 324 187 321 187 323 177 325 177 324 177 324 207 326 207 327 207 325 207 326 207 324 207 327 185 320 185 322 185 326 185 320 185 327 185 320 8 325 8 323 8 326 208 325 208 320 208 324 10 322 10 321 10 324 10 327 10 322 10 328 198 329 198 330 198 331 209 329 209 328 209 329 177 332 177 330 177 329 177 333 177 332 177 333 203 334 203 332 203 333 203 335 203 334 203 335 210 328 210 334 210 335 211 331 211 328 211 331 8 333 8 329 8 335 8 333 8 331 8 332 10 328 10 330 10 332 10 334 10 328 10 336 206 337 206 338 206 339 206 337 206 336 206 337 177 340 177 338 177 337 177 341 177 340 177 340 212 342 212 343 212 341 212 342 212 340 212 343 213 339 213 336 213 342 213 339 213 343 213 339 8 341 8 337 8 342 8 341 8 339 8 340 10 336 10 338 10 340 10 343 10 336 10 344 206 345 206 346 206 347 206 345 206 344 206 345 177 348 177 346 177 345 184 349 184 348 184 348 214 350 214 351 214 349 214 350 214 348 214 350 210 344 210 351 210 350 215 347 215 344 215 347 8 349 8 345 8 350 8 349 8 347 8 348 10 344 10 346 10 348 10 351 10 344 10 352 198 353 198 354 198 355 198 353 198 352 198 353 177 356 177 354 177 353 177 357 177 356 177 357 216 358 216 356 216 357 216 359 216 358 216 359 210 352 210 358 210 359 210 355 210 352 210 355 8 357 8 353 8 359 8 357 8 355 8 356 10 352 10 354 10 356 10 358 10 352 10 360 217 361 217 362 217 363 217 361 217 360 217 361 218 364 218 362 218 361 218 365 218 364 218 365 219 366 219 364 219 365 219 367 219 366 219 367 185 360 185 366 185 367 220 363 220 360 220 363 8 365 8 361 8 367 186 365 186 363 186 364 10 360 10 362 10 364 10 366 10 360 10 368 221 369 221 370 221 371 221 369 221 368 221 369 177 372 177 370 177 369 183 373 183 372 183 373 222 374 222 372 222 373 222 375 222 374 222 375 223 368 223 374 223 375 223 371 223 368 223 371 8 373 8 369 8 375 8 373 8 371 8 372 10 368 10 370 10 372 10 374 10 368 10 376 224 377 224 378 224 376 225 379 225 377 225 379 177 380 177 377 177 379 177 381 177 380 177 380 226 382 226 383 226 381 226 382 226 380 226 382 213 378 213 383 213 382 213 376 213 378 213 376 8 381 8 379 8 382 8 381 8 376 8 380 10 378 10 377 10 380 10 383 10 378 10 384 221 385 221 386 221 384 221 387 221 385 221 387 183 388 183 385 183 387 183 389 183 388 183 389 227 390 227 388 227 389 227 391 227 390 227 391 210 386 210 390 210 391 211 384 211 386 211 384 8 389 8 387 8 391 8 389 8 384 8 388 10 386 10 385 10 388 10 390 10 386 10 392 221 393 221 394 221 392 221 395 221 393 221 395 177 396 177 393 177 395 177 397 177 396 177 397 227 398 227 396 227 397 227 399 227 398 227 398 213 392 213 394 213 399 213 392 213 398 213 392 8 397 8 395 8 399 8 397 8 392 8 396 10 394 10 393 10 396 10 398 10 394 10 400 224 401 224 402 224 403 228 401 228 400 228 401 177 404 177 402 177 401 177 405 177 404 177 405 226 406 226 404 226 405 229 407 229 406 229 407 210 400 210 406 210 407 213 403 213 400 213 403 8 405 8 401 8 407 8 405 8 403 8 404 10 400 10 402 10 404 10 406 10 400 10 408 230 409 230 410 230 408 231 410 231 411 231 412 232 408 232 413 232 412 233 409 233 408 233 412 234 413 234 414 234 415 235 414 235 416 235 417 236 412 236 414 236 417 237 414 237 415 237 410 238 418 238 419 238 409 239 418 239 410 239 418 240 415 240 419 240 418 241 417 241 415 241 417 8 418 8 409 8 417 242 409 242 412 242 420 243 421 243 422 243 423 244 420 244 424 244 425 245 420 245 423 245 425 246 421 246 420 246 422 247 426 247 427 247 421 248 426 248 422 248 428 249 429 249 430 249 428 250 430 250 431 250 426 251 428 251 427 251 426 252 429 252 428 252 429 238 423 238 430 238 429 238 425 238 423 238 421 8 425 8 429 8 421 253 429 253 426 253 432 254 433 254 434 254 435 255 432 255 436 255 437 256 432 256 435 256 437 257 433 257 432 257 434 258 438 258 439 258 433 259 438 259 434 259 440 260 441 260 442 260 440 261 442 261 443 261 438 262 440 262 439 262 438 263 441 263 440 263 442 238 437 238 435 238 441 264 437 264 442 264 433 8 437 8 441 8 433 265 441 265 438 265 444 266 445 266 446 266 444 267 446 267 447 267 448 268 444 268 449 268 448 269 445 269 444 269 445 270 450 270 446 270 445 271 451 271 450 271 450 238 452 238 453 238 451 239 452 239 450 239 454 272 448 272 449 272 453 273 454 273 455 273 452 274 454 274 453 274 452 275 448 275 454 275 445 8 452 8 451 8 448 8 452 8 445 8 414 276 456 276 457 276 414 277 457 277 416 277 458 10 459 10 460 10 459 10 461 10 460 10 460 10 462 10 463 10 460 10 463 10 464 10 460 10 464 10 465 10 460 10 465 10 466 10 460 10 466 10 467 10 460 10 467 10 468 10 460 10 468 10 469 10 460 10 469 10 470 10 460 10 470 10 471 10 460 10 471 10 472 10 460 10 472 10 473 10 460 10 473 10 474 10 460 10 474 10 475 10 460 10 475 10 476 10 460 10 476 10 477 10 460 10 477 10 478 10 460 10 478 10 479 10 460 10 479 10 480 10 460 10 480 10 481 10 460 10 481 10 482 10 460 10 482 10 483 10 460 10 483 10 484 10 460 10 484 10 485 10 460 10 485 10 486 10 487 10 488 10 489 10 460 10 486 10 490 10 460 10 490 10 491 10 460 10 491 10 492 10 460 10 492 10 493 10 460 10 493 10 494 10 460 10 494 10 495 10 460 10 495 10 496 10 460 10 496 10 497 10 460 10 497 10 498 10 460 10 498 10 499 10 460 10 499 10 500 10 460 10 500 10 501 10 460 10 501 10 502 10 460 10 502 10 503 10 460 10 503 10 504 10 460 10 504 10 505 10 460 10 505 10 506 10 460 10 506 10 507 10 460 10 507 10 508 10 460 10 508 10 509 10 460 10 509 10 510 10 460 10 510 10 511 10 460 10 511 10 512 10 460 10 512 10 513 10 460 10 513 10 514 10 460 10 514 10 515 10 460 10 515 10 516 10 460 10 516 10 517 10 460 10 517 10 518 10 460 10 518 10 519 10 460 10 519 10 520 10 460 10 520 10 521 10 522 10 523 10 487 10 487 10 523 10 488 10 524 10 525 10 526 10 460 10 521 10 527 10 460 10 527 10 528 10 460 10 528 10 529 10 460 10 529 10 530 10 460 10 530 10 531 10 460 10 531 10 532 10 460 10 532 10 533 10 460 10 533 10 534 10 460 10 534 10 535 10 460 10 535 10 536 10 460 10 536 10 537 10 460 10 537 10 538 10 460 10 538 10 539 10 460 10 539 10 540 10 460 10 540 10 541 10 460 10 541 10 542 10 460 10 542 10 543 10 460 10 543 10 544 10 460 10 544 10 545 10 460 10 545 10 546 10 460 10 546 10 547 10 460 10 547 10 548 10 460 10 548 10 549 10 460 10 549 10 550 10 460 10 550 10 551 10 460 10 551 10 552 10 460 10 552 10 553 10 460 10 553 10 554 10 460 10 554 10 555 10 460 10 555 10 556 10 460 10 556 10 557 10 460 10 557 10 558 10 524 10 559 10 525 10 560 10 561 10 562 10 460 10 558 10 563 10 460 10 563 10 564 10 460 10 564 10 565 10 460 10 565 10 566 10 460 10 566 10 567 10 460 10 567 10 568 10 460 10 568 10 569 10 460 10 569 10 570 10 460 10 570 10 571 10 460 10 571 10 572 10 460 10 572 10 573 10 460 10 573 10 574 10 460 10 574 10 575 10 460 10 575 10 576 10 460 10 576 10 577 10 460 10 577 10 578 10 460 10 578 10 579 10 460 10 579 10 580 10 460 10 580 10 581 10 460 10 581 10 582 10 460 10 582 10 583 10 460 10 583 10 584 10 460 10 584 10 585 10 460 10 585 10 586 10 460 10 586 10 587 10 460 10 587 10 588 10 460 10 588 10 589 10 460 10 589 10 590 10 460 10 590 10 591 10 460 10 591 10 592 10 460 10 592 10 593 10 460 10 593 10 594 10 460 10 594 10 595 10 460 10 595 10 596 10 460 10 596 10 597 10 460 10 597 10 560 10 460 10 560 10 562 10 460 10 562 10 524 10 460 10 524 10 526 10 460 10 526 10 522 10 460 10 522 10 487 10 571 10 570 10 598 10 573 10 572 10 599 10 575 10 574 10 600 10 577 10 576 10 601 10 598 10 570 10 602 10 599 10 572 10 603 10 600 10 574 10 604 10 601 10 576 10 605 10 606 10 607 10 608 10 560 10 609 10 561 10 596 10 610 10 597 10 608 10 607 10 611 10 608 10 612 10 606 10 613 10 611 10 607 10 459 10 613 10 461 10 461 10 613 10 607 10 487 10 458 10 460 10 614 10 615 10 616 10 616 10 615 10 617 10 618 10 619 10 462 10 620 10 618 10 621 10 621 10 618 10 622 10 623 10 620 10 621 10 624 10 625 10 626 10 626 10 625 10 627 10 628 10 629 10 630 10 631 10 630 10 632 10 596 10 633 10 610 10 594 10 634 10 595 10 635 10 636 10 637 10 638 10 637 10 639 10 640 10 641 10 642 10 643 10 642 10 644 10 645 10 646 10 647 10 648 10 647 10 649 10 650 10 651 10 652 10 650 10 652 10 653 10 654 10 653 10 652 10 655 10 656 10 657 10 655 10 657 10 658 10 659 10 660 10 661 10 659 10 661 10 662 10 663 10 664 10 665 10 663 10 665 10 666 10 667 10 668 10 669 10 670 10 671 10 672 10 673 10 674 10 675 10 676 10 677 10 678 10 679 10 680 10 681 10 682 10 683 10 684 10 685 10 686 10 687 10 688 10 689 10 690 10 691 10 692 10 693 10 694 10 695 10 696 10 697 10 698 10 699 10 700 10 701 10 702 10 703 10 704 10 705 10 706 10 707 10 708 10 709 10 710 10 711 10 712 10 713 10 714 10 715 10 716 10 717 10 594 10 718 10 634 10 719 10 720 10 721 10 722 10 723 10 724 10 725 10 726 10 727 10 728 10 729 10 730 10 731 10 732 10 733 10 734 10 735 10 736 10 737 10 738 10 739 10 740 10 741 10 742 10 743 10 744 10 745 10 746 10 747 10 748 10 749 10 750 10 751 10 752 10 753 10 754 10 755 10 756 10 757 10 758 10 759 10 760 10 761 10 762 10 763 10 764 10 765 10 766 10 767 10 768 10 769 10 770 10 771 10 772 10 773 10 774 10 775 10 776 10 777 10 778 10 779 10 780 10 781 10 782 10 783 10 784 10 785 10 786 10 787 10 788 10 789 10 790 10 791 10 792 10 793 10 794 10 795 10 796 10 797 10 798 10 799 10 800 10 801 10 802 10 803 10 804 10 805 10 806 10 807 10 808 10 809 10 810 10 811 10 812 10 813 10 814 10 593 10 815 10 816 10 592 10 815 10 593 10 817 10 818 10 819 10 820 10 821 10 822 10 823 10 824 10 825 10 826 10 827 10 828 10 829 10 830 10 831 10 832 10 833 10 834 10 835 10 836 10 837 10 838 10 839 10 840 10 841 10 842 10 843 10 844 10 845 10 846 10 847 10 848 10 849 10 850 10 851 10 852 10 853 10 854 10 855 10 856 10 857 10 858 10 859 10 860 10 861 10 862 10 863 10 864 10 865 10 866 10 867 10 868 10 869 10 870 10 871 10 872 10 873 10 874 10 875 10 876 10 877 10 878 10 879 10 880 10 881 10 882 10 883 10 884 10 885 10 886 10 887 10 888 10 889 10 890 10 891 10 892 10 893 10 894 10 895 10 896 10 897 10 898 10 899 10 900 10 901 10 902 10 903 10 904 10 905 10 906 10 907 10 908 10 909 10 910 10 911 10 912 10 913 10 914 10 915 10 916 10 917 10 918 10 919 10 920 10 921 10 922 10 923 10 924 10 925 10 926 10 927 10 928 10 929 10 930 10 931 10 932 10 933 10 934 10 935 10 936 10 937 10 938 10 939 10 940 10 941 10 942 10 943 10 944 10 945 10 946 10 947 10 948 10 949 10 950 10 951 10 952 10 953 10 954 10 955 10 956 10 957 10 958 10 959 10 960 10 961 10 962 10 963 10 964 10 965 10 966 10 967 10 968 10 969 10 970 10 971 10 972 10 973 10 974 10 975 10 976 10 977 10 978 10 979 10 980 10 981 10 982 10 983 10 984 10 985 10 986 10 987 10 988 10 989 10 990 10 991 10 992 10 993 10 994 10 995 10 996 10 997 10 994 10 996 10 998 10 996 10 999 10 1000 10 1001 10 1002 10 1000 10 1002 10 999 10 591 10 1003 10 1004 10 590 10 1003 10 591 10 1005 10 1006 10 1007 10 1008 10 1005 10 1009 10 1010 10 1008 10 1009 10 1011 10 1012 10 1013 10 1014 10 1015 10 1016 10 1014 10 1016 10 1017 10 457 10 1018 10 1019 10 589 10 1020 10 1021 10 588 10 1020 10 589 10 587 10 1022 10 1023 10 586 10 1022 10 587 10 585 10 1024 10 1025 10 584 10 1024 10 585 10 583 10 1026 10 1027 10 582 10 1026 10 583 10 581 10 1028 10 1029 10 580 10 1028 10 581 10 579 10 1030 10 1031 10 578 10 1030 10 579 10 568 10 1032 10 569 10 569 10 1032 10 1033 10 566 10 1034 10 567 10 567 10 1034 10 1035 10 564 10 1036 10 565 10 565 10 1036 10 1037 10 558 10 1038 10 563 10 563 10 1038 10 1039 10 556 10 1040 10 557 10 557 10 1040 10 1041 10 554 10 1042 10 555 10 555 10 1042 10 1043 10 552 10 1044 10 553 10 553 10 1044 10 1045 10 551 10 1046 10 1047 10 550 10 1046 10 551 10 549 10 1048 10 1049 10 548 10 1048 10 549 10 547 10 1050 10 1051 10 546 10 1050 10 547 10 545 10 1052 10 1053 10 544 10 1052 10 545 10 543 10 1054 10 1055 10 542 10 1054 10 543 10 541 10 1056 10 1057 10 540 10 1056 10 541 10 539 10 1058 10 1059 10 538 10 1058 10 539 10 537 10 1060 10 1061 10 536 10 1060 10 537 10 535 10 1062 10 1063 10 534 10 1062 10 535 10 533 10 1064 10 1065 10 532 10 1064 10 533 10 531 10 1066 10 1067 10 530 10 1066 10 531 10 529 10 1068 10 1069 10 528 10 1068 10 529 10 527 10 1070 10 1071 10 521 10 1070 10 527 10 520 10 1072 10 1073 10 519 10 1072 10 520 10 517 10 1074 10 518 10 518 10 1074 10 1075 10 515 10 1076 10 516 10 516 10 1076 10 1077 10 513 10 1078 10 514 10 514 10 1078 10 1079 10 511 10 1080 10 512 10 512 10 1080 10 1081 10 509 10 1082 10 510 10 510 10 1082 10 1083 10 507 10 1084 10 508 10 508 10 1084 10 1085 10 505 10 1086 10 506 10 506 10 1086 10 1087 10 503 10 1088 10 504 10 504 10 1088 10 1089 10 501 10 1090 10 502 10 502 10 1090 10 1091 10 499 10 1092 10 500 10 500 10 1092 10 1093 10 497 10 1094 10 498 10 498 10 1094 10 1095 10 495 10 1096 10 496 10 496 10 1096 10 1097 10 493 10 1098 10 494 10 494 10 1098 10 1099 10 491 10 1100 10 492 10 492 10 1100 10 1101 10 490 10 1102 10 1103 10 486 10 1102 10 490 10 485 10 1104 10 1105 10 484 10 1104 10 485 10 483 10 1106 10 1107 10 482 10 1106 10 483 10 481 10 1108 10 1109 10 480 10 1108 10 481 10 479 10 1110 10 1111 10 478 10 1110 10 479 10 477 10 1112 10 1113 10 476 10 1112 10 477 10 475 10 1114 10 1115 10 474 10 1114 10 475 10 473 10 1116 10 1117 10 472 10 1116 10 473 10 471 10 1118 10 1119 10 470 10 1118 10 471 10 469 10 1120 10 1121 10 468 10 1120 10 469 10 467 10 1122 10 1123 10 466 10 1122 10 467 10 464 10 1124 10 465 10 465 10 1124 10 1125 10 1126 10 1127 10 463 10 463 10 1127 10 1128 10 1129 10 1130 10 1131 10 1131 10 1130 10 1132 10 463 10 462 10 1126 10 1131 10 462 10 1129 10 1133 10 462 10 1134 10 616 10 462 10 614 10 1135 10 462 10 1136 10 1137 10 462 10 1138 10 1126 10 462 10 1131 10 1139 10 462 10 1140 10 1129 10 462 10 1133 10 1134 10 462 10 616 10 614 10 462 10 1135 10 1136 10 462 10 1137 10 1138 10 462 10 1139 10 1140 10 462 10 619 10 1134 10 1141 10 1133 10 1133 10 1141 10 1142 10 1136 10 1143 10 1135 10 1135 10 1143 10 1144 10 1138 10 1145 10 1137 10 1137 10 1145 10 1146 10 1140 10 1147 10 1139 10 1139 10 1147 10 1148 10 462 10 622 10 618 10 1015 10 1149 10 1016 10 1015 10 1011 10 1149 10 453 10 455 10 450 10 450 10 455 10 446 10 446 10 455 10 447 10 435 10 443 10 442 10 443 10 1150 10 455 10 455 10 1150 10 447 10 443 10 436 10 1150 10 435 10 436 10 443 10 423 10 431 10 430 10 423 10 424 10 431 10 419 10 411 10 410 10 411 10 416 10 424 10 424 10 416 10 431 10 416 10 457 10 431 10 457 10 1151 10 431 10 1152 10 1151 10 457 10 1153 10 627 10 625 10 419 10 415 10 411 10 411 10 415 10 416 10 1154 10 1155 10 1156 10 1156 10 1155 10 1157 10 629 10 632 10 630 10 1158 10 1159 10 1160 10 1160 10 1159 10 1161 10 636 10 639 10 637 10 1017 10 1018 10 1014 10 1017 10 1019 10 1018 10 1162 10 1163 10 1164 10 1164 10 1163 10 1165 10 641 10 644 10 642 10 1166 10 1167 10 1168 10 1168 10 1167 10 1169 10 646 10 649 10 647 10 1170 10 1171 10 1172 10 1172 10 1171 10 1173 10 1174 10 1175 10 1176 10 1176 10 1175 10 1177 10 657 10 1178 10 658 10 1179 10 1180 10 1181 10 1181 10 1180 10 1182 10 661 10 1183 10 662 10 1184 10 1185 10 1186 10 1186 10 1185 10 1187 10 665 10 1188 10 666 10 1189 10 1190 10 1191 10 1191 10 1190 10 1192 10 668 10 1193 10 669 10 1194 10 1195 10 1196 10 1196 10 1195 10 1197 10 671 10 1198 10 672 10 1199 10 1200 10 1201 10 1201 10 1200 10 1202 10 674 10 1203 10 675 10 1204 10 1205 10 1206 10 1206 10 1205 10 1207 10 677 10 1208 10 678 10 1209 10 1210 10 1211 10 1211 10 1210 10 1212 10 680 10 1213 10 681 10 1214 10 1215 10 1216 10 1216 10 1215 10 1217 10 683 10 1218 10 684 10 1219 10 1220 10 1221 10 1221 10 1220 10 1222 10 686 10 1223 10 687 10 1224 10 1225 10 1226 10 1226 10 1225 10 1227 10 689 10 1228 10 690 10 1229 10 1230 10 1231 10 1231 10 1230 10 1232 10 692 10 1233 10 693 10 1234 10 1235 10 1236 10 1236 10 1235 10 1237 10 695 10 1238 10 696 10 1239 10 1240 10 1241 10 1241 10 1240 10 1242 10 698 10 1243 10 699 10 1244 10 1245 10 1246 10 1246 10 1245 10 1247 10 701 10 1248 10 702 10 1249 10 1250 10 1251 10 1251 10 1250 10 1252 10 704 10 1253 10 705 10 1254 10 1255 10 1256 10 1256 10 1255 10 1257 10 707 10 1258 10 708 10 1259 10 1260 10 1261 10 1261 10 1260 10 1262 10 710 10 1263 10 711 10 1264 10 1265 10 1266 10 1266 10 1265 10 1267 10 713 10 1268 10 714 10 1269 10 1270 10 1271 10 1271 10 1270 10 1272 10 716 10 1273 10 717 10 1274 10 1275 10 1276 10 1276 10 1275 10 1277 10 720 10 1278 10 721 10 1279 10 1280 10 1281 10 1281 10 1280 10 1282 10 723 10 1283 10 724 10 1284 10 1285 10 1286 10 1286 10 1285 10 1287 10 726 10 1288 10 727 10 1289 10 1290 10 1291 10 1291 10 1290 10 1292 10 729 10 1293 10 730 10 1294 10 1295 10 1296 10 1296 10 1295 10 1297 10 732 10 1298 10 733 10 1299 10 1300 10 1301 10 1301 10 1300 10 1302 10 735 10 1303 10 736 10 1304 10 1305 10 1306 10 1306 10 1305 10 1307 10 738 10 1308 10 739 10 1309 10 1310 10 1311 10 1311 10 1310 10 1312 10 741 10 1313 10 742 10 1314 10 1315 10 1316 10 1316 10 1315 10 1317 10 744 10 1318 10 745 10 1319 10 1320 10 1321 10 1321 10 1320 10 1322 10 747 10 1323 10 748 10 1324 10 1325 10 1326 10 1326 10 1325 10 1327 10 750 10 1328 10 751 10 1329 10 1330 10 1331 10 1331 10 1330 10 1332 10 753 10 1333 10 754 10 1334 10 1335 10 1336 10 1336 10 1335 10 1337 10 756 10 1338 10 757 10 1339 10 1340 10 1341 10 1341 10 1340 10 1342 10 759 10 1343 10 760 10 1344 10 1345 10 1346 10 1346 10 1345 10 1347 10 762 10 1348 10 763 10 1349 10 1350 10 1351 10 1351 10 1350 10 1352 10 765 10 1353 10 766 10 1354 10 1355 10 1356 10 1356 10 1355 10 1357 10 768 10 1358 10 769 10 1359 10 1360 10 1361 10 1361 10 1360 10 1362 10 771 10 1363 10 772 10 1364 10 1365 10 1366 10 1366 10 1365 10 1367 10 774 10 1368 10 775 10 1369 10 1370 10 1371 10 1371 10 1370 10 1372 10 777 10 1373 10 778 10 1374 10 1375 10 1376 10 1376 10 1375 10 1377 10 780 10 1378 10 781 10 1379 10 1380 10 1381 10 1382 10 1380 10 1379 10 783 10 1383 10 784 10 1384 10 1385 10 1386 10 1386 10 1385 10 1387 10 786 10 1388 10 787 10 1389 10 1390 10 1391 10 1391 10 1390 10 1392 10 789 10 1393 10 790 10 1394 10 1395 10 1396 10 1396 10 1395 10 1397 10 792 10 1398 10 793 10 1399 10 1400 10 1401 10 1401 10 1400 10 1402 10 795 10 1403 10 796 10 1404 10 1405 10 1406 10 1406 10 1405 10 1407 10 798 10 1408 10 799 10 1409 10 1410 10 1411 10 1411 10 1410 10 1412 10 801 10 1413 10 802 10 1414 10 1415 10 1416 10 1416 10 1415 10 1417 10 804 10 1418 10 805 10 1419 10 1420 10 1421 10 1421 10 1420 10 1422 10 807 10 1423 10 808 10 1424 10 1425 10 1426 10 1426 10 1425 10 1427 10 810 10 1428 10 811 10 1429 10 1430 10 1431 10 1431 10 1430 10 1432 10 813 10 1433 10 814 10 1434 10 1435 10 1436 10 1436 10 1435 10 1437 10 818 10 1438 10 819 10 1439 10 1440 10 1441 10 1441 10 1440 10 1442 10 821 10 1443 10 822 10 1444 10 1445 10 1446 10 1446 10 1445 10 1447 10 824 10 1448 10 825 10 1449 10 1450 10 1451 10 1451 10 1450 10 1452 10 827 10 1453 10 828 10 1454 10 1455 10 1456 10 1456 10 1455 10 1457 10 830 10 1458 10 831 10 1459 10 1460 10 1461 10 1461 10 1460 10 1462 10 833 10 1463 10 834 10 1464 10 1465 10 1466 10 1466 10 1465 10 1467 10 836 10 1468 10 837 10 1469 10 1470 10 1471 10 1471 10 1470 10 1472 10 839 10 1473 10 840 10 1474 10 1475 10 1476 10 1476 10 1475 10 1477 10 842 10 1478 10 843 10 1479 10 1480 10 1481 10 1481 10 1480 10 1482 10 845 10 1483 10 846 10 1484 10 1485 10 1486 10 1486 10 1485 10 1487 10 848 10 1488 10 849 10 1489 10 1490 10 1491 10 1491 10 1490 10 1492 10 851 10 1493 10 852 10 1494 10 1495 10 1496 10 1496 10 1495 10 1497 10 854 10 1498 10 855 10 1499 10 1500 10 1501 10 1501 10 1500 10 1502 10 857 10 1503 10 858 10 1504 10 1505 10 1506 10 1506 10 1505 10 1507 10 860 10 1508 10 861 10 1509 10 1510 10 1511 10 1511 10 1510 10 1512 10 863 10 1513 10 864 10 1514 10 1515 10 1516 10 1516 10 1515 10 1517 10 866 10 1518 10 867 10 1519 10 1520 10 1521 10 1521 10 1520 10 1522 10 869 10 1523 10 870 10 1524 10 1525 10 1526 10 1526 10 1525 10 1527 10 872 10 1528 10 873 10 1529 10 1530 10 1531 10 1531 10 1530 10 1532 10 875 10 1533 10 876 10 1534 10 1535 10 1536 10 1536 10 1535 10 1537 10 878 10 1538 10 879 10 1539 10 1540 10 1541 10 1541 10 1540 10 1542 10 881 10 1543 10 882 10 1544 10 1545 10 1546 10 1546 10 1545 10 1547 10 884 10 1548 10 885 10 1549 10 1550 10 1551 10 1551 10 1550 10 1552 10 887 10 1553 10 888 10 1554 10 1555 10 1556 10 1556 10 1555 10 1557 10 890 10 1558 10 891 10 1559 10 1560 10 1561 10 1561 10 1560 10 1562 10 893 10 1563 10 894 10 1564 10 1565 10 1566 10 1566 10 1565 10 1567 10 896 10 1568 10 897 10 1569 10 1570 10 1571 10 1571 10 1570 10 1572 10 899 10 1573 10 900 10 1574 10 1575 10 1576 10 1576 10 1575 10 1577 10 902 10 1578 10 903 10 1579 10 1580 10 1581 10 1581 10 1580 10 1582 10 905 10 1583 10 906 10 1584 10 1585 10 1586 10 1586 10 1585 10 1587 10 908 10 1588 10 909 10 1589 10 1590 10 1591 10 1591 10 1590 10 1592 10 911 10 1593 10 912 10 1594 10 1595 10 1596 10 1596 10 1595 10 1597 10 914 10 1598 10 915 10 1599 10 1600 10 1601 10 1601 10 1600 10 1602 10 917 10 1603 10 918 10 1604 10 1605 10 1606 10 1606 10 1605 10 1607 10 920 10 1608 10 921 10 1609 10 1610 10 1611 10 1611 10 1610 10 1612 10 923 10 1613 10 924 10 1614 10 1615 10 1616 10 1616 10 1615 10 1617 10 926 10 1618 10 927 10 1619 10 1620 10 1621 10 1621 10 1620 10 1622 10 929 10 1623 10 930 10 1624 10 1625 10 1626 10 1626 10 1625 10 1627 10 932 10 1628 10 933 10 1629 10 1630 10 1631 10 1631 10 1630 10 1632 10 935 10 1633 10 936 10 1634 10 1635 10 1636 10 1636 10 1635 10 1637 10 938 10 1638 10 939 10 1639 10 1640 10 1641 10 1641 10 1640 10 1642 10 941 10 1643 10 942 10 1644 10 1645 10 1646 10 1646 10 1645 10 1647 10 944 10 1648 10 945 10 1649 10 1650 10 1651 10 1651 10 1650 10 1652 10 947 10 1653 10 948 10 1654 10 1655 10 1656 10 1656 10 1655 10 1657 10 950 10 1658 10 951 10 1659 10 1660 10 1661 10 1661 10 1660 10 1662 10 953 10 1663 10 954 10 1664 10 1665 10 1666 10 1666 10 1665 10 1667 10 956 10 1668 10 957 10 1669 10 1670 10 1671 10 1671 10 1670 10 1672 10 959 10 1673 10 960 10 1674 10 1675 10 1676 10 1676 10 1675 10 1677 10 962 10 1678 10 963 10 1679 10 1680 10 1681 10 1681 10 1680 10 1682 10 965 10 1683 10 966 10 1684 10 1685 10 1686 10 1686 10 1685 10 1687 10 968 10 1688 10 969 10 1689 10 1690 10 1691 10 1691 10 1690 10 1692 10 971 10 1693 10 972 10 1694 10 1695 10 1696 10 1696 10 1695 10 1697 10 974 10 1698 10 975 10 1699 10 1700 10 1701 10 1701 10 1700 10 1702 10 977 10 1703 10 978 10 1704 10 1705 10 1706 10 1706 10 1705 10 1707 10 980 10 1708 10 981 10 1709 10 1710 10 1711 10 1711 10 1710 10 1712 10 983 10 1713 10 984 10 1714 10 1715 10 1716 10 1716 10 1715 10 1717 10 986 10 1718 10 987 10 1719 10 1720 10 1721 10 1721 10 1720 10 1722 10 989 10 1723 10 990 10 1724 10 1725 10 1726 10 1726 10 1725 10 1727 10 992 10 1728 10 993 10 1729 10 1730 10 1731 10 1731 10 1730 10 1732 10 983 10 1007 10 1713 10 1708 10 1007 10 983 10 1713 10 1007 10 986 10 989 10 1007 10 1723 10 1718 10 1007 10 989 10 986 10 1007 10 1718 10 1723 10 1007 10 992 10 992 10 1007 10 1728 10 1728 10 1007 10 995 10 1007 10 1006 10 995 10 995 10 1006 10 996 10 996 10 1000 10 999 10 1006 10 1000 10 996 10 1733 10 1734 10 1735 10 1735 10 1734 10 1736 10 1737 10 1738 10 1739 10 1739 10 1738 10 1740 10 1741 10 1742 10 1743 10 1743 10 1742 10 1744 10 1745 10 1746 10 1747 10 1747 10 1746 10 1748 10 1749 10 1750 10 1751 10 1751 10 1750 10 1752 10 1753 10 1754 10 1755 10 1755 10 1754 10 1756 10 1757 10 1758 10 1759 10 1759 10 1758 10 1760 10 1761 10 1762 10 1763 10 1763 10 1762 10 1764 10 1765 10 1766 10 1767 10 1767 10 1766 10 1768 10 1769 10 1770 10 1771 10 1771 10 1770 10 1772 10 1773 10 1774 10 1775 10 1775 10 1774 10 1776 10 1777 10 1778 10 1779 10 1779 10 1778 10 1780 10 1781 10 1782 10 1783 10 1783 10 1782 10 1784 10 1785 10 1786 10 1787 10 1787 10 1786 10 1788 10 1789 10 1790 10 1791 10 1791 10 1790 10 1792 10 1793 10 1794 10 1795 10 1795 10 1794 10 1796 10 1797 10 1798 10 1799 10 1799 10 1798 10 1800 10 1801 10 1802 10 1803 10 1803 10 1802 10 1804 10 1805 10 1806 10 1807 10 1807 10 1806 10 1808 10 1809 10 1810 10 1811 10 1811 10 1810 10 1812 10 1813 10 1814 10 1815 10 1815 10 1814 10 1816 10 1817 10 1818 10 1819 10 1819 10 1818 10 1820 10 1821 10 1822 10 1823 10 1823 10 1822 10 1824 10 1825 10 1826 10 1827 10 1826 10 1828 10 1827 10 1829 10 1830 10 1831 10 1831 10 1830 10 1832 10 1830 10 1833 10 1832 10 1833 10 1834 10 1835 10 1151 10 1150 10 431 10 431 10 1150 10 436 10 1825 10 1836 10 1826 10 1152 10 1834 10 1151 10 1151 10 1834 10 1154 10 1154 10 1834 10 1155 10 1155 10 1834 10 1158 10 1158 10 1834 10 1159 10 1159 10 1834 10 1162 10 1162 10 1834 10 1163 10 1163 10 1834 10 1166 10 1166 10 1834 10 1167 10 1167 10 1834 10 1170 10 1170 10 1834 10 1171 10 1171 10 1834 10 1174 10 1174 10 1834 10 1175 10 1175 10 1834 10 1179 10 1179 10 1834 10 1180 10 1180 10 1834 10 1184 10 1184 10 1834 10 1185 10 1185 10 1834 10 1189 10 1189 10 1834 10 1190 10 1190 10 1834 10 1194 10 1194 10 1834 10 1195 10 1195 10 1834 10 1199 10 1199 10 1834 10 1200 10 1200 10 1834 10 1204 10 1204 10 1834 10 1205 10 1205 10 1834 10 1209 10 1209 10 1834 10 1210 10 1210 10 1834 10 1214 10 1214 10 1834 10 1215 10 1215 10 1834 10 1219 10 1219 10 1834 10 1220 10 1220 10 1834 10 1224 10 1224 10 1834 10 1225 10 1225 10 1834 10 1229 10 1229 10 1834 10 1230 10 1230 10 1834 10 1234 10 1234 10 1834 10 1235 10 1235 10 1834 10 1239 10 1239 10 1834 10 1240 10 1240 10 1834 10 1244 10 1244 10 1834 10 1245 10 1245 10 1834 10 1249 10 1249 10 1834 10 1250 10 1250 10 1834 10 1254 10 1254 10 1834 10 1255 10 1255 10 1834 10 1259 10 1259 10 1834 10 1260 10 1260 10 1834 10 1264 10 1264 10 1834 10 1265 10 1265 10 1834 10 1269 10 1269 10 1834 10 1270 10 1270 10 1834 10 1274 10 1274 10 1834 10 1275 10 1275 10 1834 10 1279 10 1279 10 1834 10 1280 10 1280 10 1834 10 1284 10 1284 10 1834 10 1285 10 1285 10 1834 10 1289 10 1289 10 1834 10 1290 10 1290 10 1834 10 1294 10 1294 10 1834 10 1295 10 1295 10 1834 10 1299 10 1299 10 1834 10 1300 10 1300 10 1834 10 1304 10 1304 10 1834 10 1305 10 1305 10 1834 10 1309 10 1309 10 1834 10 1310 10 1310 10 1834 10 1314 10 1314 10 1834 10 1315 10 1315 10 1834 10 1319 10 1319 10 1834 10 1320 10 1320 10 1834 10 1324 10 1324 10 1834 10 1325 10 1325 10 1834 10 1329 10 1329 10 1834 10 1330 10 1330 10 1834 10 1334 10 1334 10 1834 10 1335 10 1335 10 1834 10 1339 10 1339 10 1834 10 1340 10 1340 10 1834 10 1344 10 1344 10 1834 10 1345 10 1345 10 1834 10 1349 10 1349 10 1834 10 1350 10 1350 10 1834 10 1354 10 1354 10 1834 10 1355 10 1355 10 1834 10 1359 10 1359 10 1834 10 1360 10 1360 10 1834 10 1364 10 1364 10 1834 10 1365 10 1365 10 1834 10 1369 10 1369 10 1834 10 1370 10 1370 10 1834 10 1374 10 1374 10 1834 10 1375 10 1375 10 1834 10 1382 10 1382 10 1834 10 1380 10 1380 10 1834 10 1384 10 1384 10 1834 10 1385 10 1385 10 1834 10 1389 10 1389 10 1834 10 1390 10 1390 10 1834 10 1394 10 1394 10 1834 10 1395 10 1395 10 1834 10 1399 10 1399 10 1834 10 1400 10 1400 10 1834 10 1404 10 1404 10 1834 10 1405 10 1405 10 1834 10 1409 10 1409 10 1834 10 1410 10 1410 10 1834 10 1414 10 1414 10 1834 10 1415 10 1415 10 1834 10 1419 10 1419 10 1834 10 1420 10 1420 10 1834 10 1424 10 1424 10 1834 10 1425 10 1425 10 1834 10 1429 10 1429 10 1834 10 1430 10 1430 10 1834 10 1434 10 1434 10 1834 10 1435 10 1435 10 1834 10 1439 10 1439 10 1834 10 1440 10 1440 8 1834 8 1444 8 1444 10 1834 10 1445 10 1445 10 1834 10 1449 10 1449 10 1834 10 1450 10 1450 8 1834 8 1454 8 1454 10 1834 10 1455 10 1455 8 1834 8 1459 8 1459 10 1834 10 1460 10 1460 10 1834 10 1464 10 1464 10 1834 10 1465 10 1465 10 1834 10 1469 10 1469 10 1834 10 1470 10 1470 10 1834 10 1474 10 1474 10 1834 10 1475 10 1475 10 1834 10 1479 10 1479 10 1834 10 1480 10 1480 10 1834 10 1484 10 1484 10 1834 10 1485 10 1485 8 1834 8 1489 8 1489 10 1834 10 1490 10 1490 8 1834 8 1494 8 1494 10 1834 10 1495 10 1495 8 1834 8 1499 8 1499 10 1834 10 1500 10 1500 10 1834 10 1504 10 1504 10 1834 10 1505 10 1505 8 1834 8 1509 8 1509 10 1834 10 1510 10 1510 10 1834 10 1514 10 1514 10 1834 10 1515 10 1515 10 1834 10 1519 10 1519 10 1834 10 1520 10 1520 10 1834 10 1524 10 1524 10 1834 10 1525 10 1525 8 1834 8 1529 8 1529 10 1834 10 1530 10 1530 10 1834 10 1534 10 1534 10 1834 10 1535 10 1535 10 1834 10 1539 10 1539 10 1834 10 1540 10 1540 10 1834 10 1544 10 1544 10 1834 10 1545 10 1545 8 1834 8 1549 8 1549 10 1834 10 1550 10 1550 10 1834 10 1554 10 1554 10 1834 10 1555 10 1555 10 1834 10 1559 10 1559 10 1834 10 1560 10 1560 10 1834 10 1564 10 1564 10 1834 10 1565 10 1565 10 1834 10 1569 10 1569 10 1834 10 1570 10 1570 10 1834 10 1574 10 1574 10 1834 10 1575 10 1575 10 1834 10 1579 10 1579 10 1834 10 1580 10 1580 8 1834 8 1584 8 1584 10 1834 10 1585 10 1585 10 1834 10 1589 10 1589 10 1834 10 1590 10 1590 10 1834 10 1594 10 1594 10 1834 10 1595 10 1595 10 1834 10 1599 10 1599 10 1834 10 1600 10 1600 10 1834 10 1604 10 1604 10 1834 10 1605 10 1605 10 1834 10 1609 10 1609 10 1834 10 1610 10 1610 10 1834 10 1614 10 1614 10 1834 10 1615 10 1615 10 1834 10 1619 10 1619 10 1834 10 1620 10 1620 10 1834 10 1624 10 1624 10 1834 10 1625 10 1625 10 1834 10 1629 10 1629 10 1834 10 1630 10 1630 10 1834 10 1634 10 1634 10 1834 10 1635 10 1635 10 1834 10 1639 10 1639 10 1834 10 1640 10 1640 10 1834 10 1644 10 1644 10 1834 10 1645 10 1645 10 1834 10 1649 10 1649 10 1834 10 1650 10 1650 10 1834 10 1654 10 1654 10 1834 10 1655 10 1655 10 1834 10 1659 10 1659 10 1834 10 1660 10 1660 10 1834 10 1664 10 1664 10 1834 10 1665 10 1665 10 1834 10 1669 10 1669 10 1834 10 1670 10 1670 10 1834 10 1674 10 1674 10 1834 10 1675 10 1675 10 1834 10 1679 10 1679 10 1834 10 1680 10 1680 10 1834 10 1684 10 1684 10 1834 10 1685 10 1685 10 1834 10 1689 10 1689 10 1834 10 1690 10 1690 10 1834 10 1694 10 1694 10 1834 10 1695 10 1695 10 1834 10 1699 10 1699 10 1834 10 1700 10 1700 10 1834 10 1704 10 1704 10 1834 10 1705 10 1705 10 1834 10 1709 10 1709 10 1834 10 1710 10 1710 10 1834 10 1714 10 1714 10 1834 10 1715 10 1715 8 1834 8 1719 8 1719 10 1834 10 1720 10 1720 10 1834 10 1724 10 1724 10 1834 10 1725 10 1725 10 1834 10 1729 10 1729 10 1834 10 1730 10 1730 10 1834 10 1733 10 1733 10 1834 10 1734 10 1734 10 1834 10 1737 10 1737 10 1834 10 1738 10 1738 10 1834 10 1741 10 1741 10 1834 10 1742 10 1742 10 1834 10 1745 10 1745 10 1834 10 1746 10 1746 10 1834 10 1749 10 1749 10 1834 10 1750 10 1750 10 1834 10 1753 10 1753 10 1834 10 1754 10 1754 10 1834 10 1757 10 1757 10 1834 10 1758 10 1758 10 1834 10 1761 10 1761 10 1834 10 1762 10 1762 10 1834 10 1765 10 1765 10 1834 10 1766 10 1766 8 1834 8 1769 8 1769 10 1834 10 1770 10 1770 10 1834 10 1773 10 1773 10 1834 10 1774 10 1774 10 1834 10 1777 10 1777 10 1834 10 1778 10 1778 10 1834 10 1781 10 1781 10 1834 10 1782 10 1782 10 1834 10 1785 10 1785 10 1834 10 1786 10 1786 10 1834 10 1789 10 1789 10 1834 10 1790 10 1790 10 1834 10 1793 10 1793 10 1834 10 1794 10 1794 10 1834 10 1797 10 1797 10 1834 10 1798 10 1798 8 1834 8 1801 8 1801 10 1834 10 1802 10 1802 10 1834 10 1805 10 1805 10 1834 10 1806 10 1806 10 1834 10 1809 10 1809 10 1834 10 1810 10 1810 10 1834 10 1813 10 1813 10 1834 10 1814 10 1814 10 1834 10 1817 10 1817 10 1834 10 1818 10 1818 10 1834 10 1821 10 1821 10 1834 10 1822 10 1822 10 1834 10 1826 10 1826 10 1834 10 1828 10 1828 10 1834 10 1830 10 1830 10 1834 10 1833 10 1019 10 1152 10 457 10 1013 10 1149 10 1011 10 1009 10 1013 10 1837 10 1009 10 1837 10 1010 10 1837 10 1013 10 1012 10 1007 10 1009 10 1005 10 621 10 1007 10 623 10 623 10 1007 10 626 10 626 10 1007 10 624 10 624 10 1007 10 632 10 632 10 1007 10 631 10 631 10 1007 10 639 10 639 10 1007 10 638 10 638 10 1007 10 644 10 644 10 1007 10 643 10 643 10 1007 10 649 10 649 10 1007 10 648 10 648 10 1007 10 652 10 652 10 1007 10 654 10 654 10 1007 10 657 10 657 10 1007 10 1178 10 1178 10 1007 10 661 10 661 10 1007 10 1183 10 1183 10 1007 10 665 10 665 10 1007 10 1188 10 1188 10 1007 10 668 10 668 10 1007 10 1193 10 1193 10 1007 10 671 10 671 10 1007 10 1198 10 1198 10 1007 10 674 10 674 10 1007 10 1203 10 1203 10 1007 10 677 10 677 10 1007 10 1208 10 1208 10 1007 10 680 10 680 10 1007 10 1213 10 1213 10 1007 10 683 10 683 10 1007 10 1218 10 1218 10 1007 10 686 10 686 10 1007 10 1223 10 1223 10 1007 10 689 10 689 10 1007 10 1228 10 1228 10 1007 10 692 10 692 10 1007 10 1233 10 1233 10 1007 10 695 10 695 10 1007 10 1238 10 1238 10 1007 10 698 10 698 10 1007 10 1243 10 1243 10 1007 10 701 10 701 10 1007 10 1248 10 1248 10 1007 10 704 10 704 10 1007 10 1253 10 1253 10 1007 10 707 10 707 10 1007 10 1258 10 1258 10 1007 10 710 10 710 10 1007 10 1263 10 1263 10 1007 10 713 10 713 10 1007 10 1268 10 1268 10 1007 10 716 10 716 10 1007 10 1273 10 1273 10 1007 10 720 10 720 10 1007 10 1278 10 1278 10 1007 10 723 10 723 10 1007 10 1283 10 1283 10 1007 10 726 10 726 10 1007 10 1288 10 1288 10 1007 10 729 10 729 10 1007 10 1293 10 1293 10 1007 10 732 10 732 10 1007 10 1298 10 1298 10 1007 10 735 10 735 10 1007 10 1303 10 1303 10 1007 10 738 10 738 10 1007 10 1308 10 1308 10 1007 10 741 10 741 10 1007 10 1313 10 1313 10 1007 10 744 10 744 10 1007 10 1318 10 1318 10 1007 10 747 10 747 10 1007 10 1323 10 1323 10 1007 10 750 10 750 10 1007 10 1328 10 1328 10 1007 10 753 10 753 10 1007 10 1333 10 1333 10 1007 10 756 10 756 10 1007 10 1338 10 1338 10 1007 10 759 10 759 10 1007 10 1343 10 1343 10 1007 10 762 10 762 10 1007 10 1348 10 1348 10 1007 10 765 10 765 10 1007 10 1353 10 1353 10 1007 10 768 10 768 10 1007 10 1358 10 1358 10 1007 10 771 10 771 10 1007 10 1363 10 1363 10 1007 10 774 10 774 10 1007 10 1368 10 1368 10 1007 10 777 10 777 10 1007 10 1373 10 1373 10 1007 10 780 10 780 10 1007 10 1378 10 1378 10 1007 10 783 10 783 10 1007 10 1383 10 1383 10 1007 10 786 10 786 10 1007 10 1388 10 1388 10 1007 10 789 10 789 10 1007 10 1393 10 1393 10 1007 10 792 10 792 10 1007 10 1398 10 1398 10 1007 10 795 10 795 10 1007 10 1403 10 1403 10 1007 10 798 10 798 10 1007 10 1408 10 1408 10 1007 10 801 10 801 10 1007 10 1413 10 1413 10 1007 10 804 10 804 10 1007 10 1418 10 1418 10 1007 10 807 10 807 10 1007 10 1423 10 1423 10 1007 10 810 10 810 10 1007 10 1428 10 1428 10 1007 10 813 10 813 10 1007 10 1433 10 1433 10 1007 10 818 10 818 10 1007 10 1438 10 1438 10 1007 10 821 10 821 10 1007 10 1443 10 1443 10 1007 10 824 10 824 10 1007 10 1448 10 1448 10 1007 10 827 10 827 10 1007 10 1453 10 1453 10 1007 10 830 10 830 10 1007 10 1458 10 1458 10 1007 10 833 10 833 10 1007 10 1463 10 1463 10 1007 10 836 10 836 10 1007 10 1468 10 1468 10 1007 10 839 10 839 10 1007 10 1473 10 1473 10 1007 10 842 10 842 10 1007 10 1478 10 1478 10 1007 10 845 10 845 10 1007 10 1483 10 1483 10 1007 10 848 10 848 10 1007 10 1488 10 1488 10 1007 10 851 10 851 10 1007 10 1493 10 1493 10 1007 10 854 10 854 10 1007 10 1498 10 1498 10 1007 10 857 10 857 10 1007 10 1503 10 1503 10 1007 10 860 10 860 10 1007 10 1508 10 1508 10 1007 10 863 10 863 10 1007 10 1513 10 1513 10 1007 10 866 10 866 10 1007 10 1518 10 1518 10 1007 10 869 10 869 10 1007 10 1523 10 1523 10 1007 10 872 10 872 10 1007 10 1528 10 1528 10 1007 10 875 10 875 10 1007 10 1533 10 1533 10 1007 10 878 10 878 10 1007 10 1538 10 1538 10 1007 10 881 10 881 10 1007 10 1543 10 1543 10 1007 10 884 10 884 10 1007 10 1548 10 1548 10 1007 10 887 10 887 10 1007 10 1553 10 1553 10 1007 10 890 10 890 10 1007 10 1558 10 1558 10 1007 10 893 10 893 10 1007 10 1563 10 1563 10 1007 10 896 10 896 10 1007 10 1568 10 1568 10 1007 10 899 10 899 10 1007 10 1573 10 1573 10 1007 10 902 10 902 10 1007 10 1578 10 1578 10 1007 10 905 10 905 10 1007 10 1583 10 1583 10 1007 10 908 10 908 10 1007 10 1588 10 1588 10 1007 10 911 10 911 10 1007 10 1593 10 1593 10 1007 10 914 10 914 10 1007 10 1598 10 1598 10 1007 10 917 10 917 10 1007 10 1603 10 1603 10 1007 10 920 10 920 10 1007 10 1608 10 1608 10 1007 10 923 10 923 10 1007 10 1613 10 1613 10 1007 10 926 10 926 10 1007 10 1618 10 1618 10 1007 10 929 10 929 10 1007 10 1623 10 1623 10 1007 10 932 10 932 10 1007 10 1628 10 1628 10 1007 10 935 10 935 10 1007 10 1633 10 1633 10 1007 10 938 10 938 10 1007 10 1638 10 1638 10 1007 10 941 10 941 10 1007 10 1643 10 1643 10 1007 10 944 10 944 10 1007 10 1648 10 1648 10 1007 10 947 10 947 10 1007 10 1653 10 1653 10 1007 10 950 10 950 10 1007 10 1658 10 1658 10 1007 10 953 10 953 10 1007 10 1663 10 1663 10 1007 10 956 10 956 10 1007 10 1668 10 1668 10 1007 10 959 10 959 10 1007 10 1673 10 1673 10 1007 10 962 10 962 10 1007 10 1678 10 1678 10 1007 10 965 10 965 10 1007 10 1683 10 1683 10 1007 10 968 10 968 10 1007 10 1688 10 1688 10 1007 10 971 10 971 10 1007 10 1693 10 1693 10 1007 10 974 10 974 10 1007 10 1698 10 1698 10 1007 10 977 10 977 10 1007 10 1703 10 1703 10 1007 10 980 10 980 10 1007 10 1708 10 455 278 440 278 443 278 454 278 440 278 455 278 432 278 428 278 431 278 432 279 431 279 436 279 449 280 440 280 454 280 449 281 444 281 1838 281 439 8 440 8 449 8 439 282 449 282 1838 282 434 8 428 8 432 8 434 283 439 283 1838 283 427 284 428 284 434 284 422 285 408 285 420 285 413 286 408 286 422 286 1839 8 422 8 427 8 1839 8 413 8 422 8 456 8 414 8 413 8 456 287 413 287 1839 287 1840 8 434 8 1838 8 1840 288 427 288 434 288 1840 8 1839 8 427 8 1840 289 1838 289 1150 289 1840 290 1150 290 1151 290 1150 291 444 291 447 291 1838 292 444 292 1150 292 424 293 408 293 411 293 420 293 408 293 424 293 1156 294 1841 294 1154 294 1842 295 1841 295 1156 295 1843 296 1844 296 1157 296 1843 297 1157 297 1155 297 1157 298 1842 298 1156 298 1844 299 1842 299 1157 299 1843 8 1841 8 1842 8 1843 300 1842 300 1844 300 1160 301 1845 301 1158 301 1846 302 1845 302 1160 302 1847 303 1848 303 1161 303 1847 304 1161 304 1159 304 1161 305 1846 305 1160 305 1848 305 1846 305 1161 305 1847 8 1845 8 1846 8 1847 306 1846 306 1848 306 1164 307 1849 307 1162 307 1850 307 1849 307 1164 307 1851 308 1852 308 1165 308 1851 308 1165 308 1163 308 1165 305 1850 305 1164 305 1852 309 1850 309 1165 309 1851 8 1849 8 1850 8 1851 310 1850 310 1852 310 1168 311 1853 311 1166 311 1854 312 1853 312 1168 312 1855 313 1856 313 1169 313 1855 314 1169 314 1167 314 1169 309 1854 309 1168 309 1856 305 1854 305 1169 305 1855 8 1853 8 1854 8 1855 315 1854 315 1856 315 1172 316 1857 316 1170 316 1858 316 1857 316 1172 316 1859 317 1860 317 1173 317 1859 318 1173 318 1171 318 1173 319 1858 319 1172 319 1860 309 1858 309 1173 309 1859 8 1857 8 1858 8 1859 320 1858 320 1860 320 1176 321 1861 321 1174 321 1862 322 1861 322 1176 322 1863 323 1864 323 1177 323 1863 324 1177 324 1175 324 1177 325 1862 325 1176 325 1864 325 1862 325 1177 325 1863 8 1861 8 1862 8 1863 326 1862 326 1864 326 1181 327 1865 327 1179 327 1866 328 1865 328 1181 328 1867 329 1868 329 1182 329 1867 330 1182 330 1180 330 1182 298 1866 298 1181 298 1868 298 1866 298 1182 298 1867 8 1865 8 1866 8 1867 331 1866 331 1868 331 1186 332 1869 332 1184 332 1870 333 1869 333 1186 333 1871 334 1872 334 1187 334 1871 335 1187 335 1185 335 1187 336 1870 336 1186 336 1872 336 1870 336 1187 336 1871 8 1869 8 1870 8 1871 337 1870 337 1872 337 1191 338 1873 338 1189 338 1874 338 1873 338 1191 338 1190 339 1875 339 1192 339 1876 340 1875 340 1190 340 1875 341 1191 341 1192 341 1875 341 1874 341 1191 341 1876 8 1873 8 1874 8 1876 342 1874 342 1875 342 1196 343 1877 343 1194 343 1878 344 1877 344 1196 344 1879 345 1880 345 1197 345 1879 345 1197 345 1195 345 1197 319 1878 319 1196 319 1880 14 1878 14 1197 14 1879 346 1877 346 1878 346 1879 347 1878 347 1880 347 1201 348 1881 348 1199 348 1882 349 1881 349 1201 349 1883 350 1884 350 1202 350 1883 350 1202 350 1200 350 1884 298 1201 298 1202 298 1884 32 1882 32 1201 32 1883 8 1881 8 1882 8 1883 351 1882 351 1884 351 1206 352 1885 352 1204 352 1886 352 1885 352 1206 352 1205 353 1887 353 1207 353 1888 353 1887 353 1205 353 1207 32 1886 32 1206 32 1887 298 1886 298 1207 298 1888 8 1885 8 1886 8 1888 354 1886 354 1887 354 1211 355 1889 355 1209 355 1890 356 1889 356 1211 356 1891 357 1892 357 1212 357 1891 358 1212 358 1210 358 1212 309 1890 309 1211 309 1892 359 1890 359 1212 359 1891 8 1889 8 1890 8 1891 360 1890 360 1892 360 1893 361 1894 361 1214 361 1893 362 1214 362 1216 362 1895 363 1896 363 1217 363 1895 364 1217 364 1215 364 1217 309 1893 309 1216 309 1896 359 1893 359 1217 359 1895 8 1894 8 1893 8 1895 365 1893 365 1896 365 1221 366 1897 366 1219 366 1898 367 1897 367 1221 367 1220 368 1899 368 1222 368 1900 369 1899 369 1220 369 1222 359 1898 359 1221 359 1899 309 1898 309 1222 309 1900 8 1897 8 1898 8 1900 370 1898 370 1899 370 1226 371 1901 371 1224 371 1902 372 1901 372 1226 372 1903 373 1904 373 1227 373 1903 374 1227 374 1225 374 1904 298 1226 298 1227 298 1904 298 1902 298 1226 298 1903 8 1901 8 1902 8 1903 375 1902 375 1904 375 1231 376 1905 376 1229 376 1906 376 1905 376 1231 376 1230 377 1907 377 1232 377 1908 377 1907 377 1230 377 1232 298 1906 298 1231 298 1907 298 1906 298 1232 298 1908 8 1905 8 1906 8 1908 378 1906 378 1907 378 1236 379 1909 379 1234 379 1910 380 1909 380 1236 380 1235 381 1911 381 1237 381 1912 382 1911 382 1235 382 1911 298 1236 298 1237 298 1911 32 1910 32 1236 32 1912 8 1909 8 1910 8 1912 383 1910 383 1911 383 1241 384 1913 384 1239 384 1914 385 1913 385 1241 385 1915 386 1916 386 1242 386 1915 387 1242 387 1240 387 1916 309 1241 309 1242 309 1916 14 1914 14 1241 14 1915 8 1913 8 1914 8 1915 388 1914 388 1916 388 1246 389 1917 389 1244 389 1918 389 1917 389 1246 389 1919 390 1920 390 1247 390 1919 390 1247 390 1245 390 1247 309 1918 309 1246 309 1920 309 1918 309 1247 309 1919 8 1917 8 1918 8 1919 391 1918 391 1920 391 1251 392 1921 392 1249 392 1922 393 1921 393 1251 393 1250 394 1923 394 1252 394 1924 394 1923 394 1250 394 1252 298 1922 298 1251 298 1923 395 1922 395 1252 395 1924 396 1921 396 1922 396 1924 397 1922 397 1923 397 1256 398 1925 398 1254 398 1926 399 1925 399 1256 399 1927 400 1928 400 1257 400 1927 400 1257 400 1255 400 1928 395 1256 395 1257 395 1928 298 1926 298 1256 298 1927 8 1925 8 1926 8 1927 401 1926 401 1928 401 1261 402 1929 402 1259 402 1930 403 1929 403 1261 403 1931 404 1932 404 1262 404 1931 405 1262 405 1260 405 1262 298 1930 298 1261 298 1932 395 1930 395 1262 395 1931 8 1929 8 1930 8 1931 406 1930 406 1932 406 1266 407 1933 407 1264 407 1934 408 1933 408 1266 408 1935 409 1936 409 1267 409 1935 410 1267 410 1265 410 1267 359 1934 359 1266 359 1936 309 1934 309 1267 309 1935 8 1933 8 1934 8 1935 411 1934 411 1936 411 1271 412 1937 412 1269 412 1938 413 1937 413 1271 413 1939 414 1940 414 1272 414 1939 415 1272 415 1270 415 1940 14 1271 14 1272 14 1940 309 1938 309 1271 309 1939 8 1937 8 1938 8 1939 416 1938 416 1940 416 1276 417 1941 417 1274 417 1942 418 1941 418 1276 418 1275 419 1943 419 1277 419 1944 419 1943 419 1275 419 1943 14 1276 14 1277 14 1943 309 1942 309 1276 309 1944 8 1941 8 1942 8 1944 420 1942 420 1943 420 1281 421 1945 421 1279 421 1946 421 1945 421 1281 421 1280 422 1947 422 1282 422 1948 423 1947 423 1280 423 1282 395 1946 395 1281 395 1947 32 1946 32 1282 32 1948 8 1945 8 1946 8 1948 424 1946 424 1947 424 1286 425 1949 425 1284 425 1950 426 1949 426 1286 426 1285 427 1951 427 1287 427 1952 428 1951 428 1285 428 1287 32 1950 32 1286 32 1951 395 1950 395 1287 395 1952 8 1949 8 1950 8 1952 429 1950 429 1951 429 1291 430 1953 430 1289 430 1954 430 1953 430 1291 430 1955 431 1956 431 1292 431 1955 431 1292 431 1290 431 1956 359 1291 359 1292 359 1956 14 1954 14 1291 14 1955 8 1953 8 1954 8 1955 432 1954 432 1956 432 1296 433 1957 433 1294 433 1958 434 1957 434 1296 434 1959 435 1960 435 1297 435 1959 436 1297 436 1295 436 1960 14 1296 14 1297 14 1960 14 1958 14 1296 14 1959 8 1957 8 1958 8 1959 437 1958 437 1960 437 1961 438 1962 438 1299 438 1961 438 1299 438 1301 438 1963 439 1964 439 1302 439 1963 440 1302 440 1300 440 1302 359 1961 359 1301 359 1964 359 1961 359 1302 359 1963 8 1962 8 1961 8 1963 441 1961 441 1964 441 1306 442 1965 442 1304 442 1966 443 1965 443 1306 443 1967 444 1968 444 1307 444 1967 444 1307 444 1305 444 1307 359 1966 359 1306 359 1968 309 1966 309 1307 309 1967 445 1965 445 1966 445 1967 446 1966 446 1968 446 1311 447 1969 447 1309 447 1970 448 1969 448 1311 448 1310 449 1971 449 1312 449 1972 450 1971 450 1310 450 1971 451 1311 451 1312 451 1971 87 1970 87 1311 87 1972 8 1969 8 1970 8 1972 452 1970 452 1971 452 1316 453 1973 453 1314 453 1974 454 1973 454 1316 454 1975 455 1976 455 1317 455 1975 456 1317 456 1315 456 1317 359 1974 359 1316 359 1976 309 1974 309 1317 309 1975 8 1973 8 1974 8 1975 457 1974 457 1976 457 1321 458 1977 458 1319 458 1978 458 1977 458 1321 458 1979 459 1980 459 1322 459 1979 459 1322 459 1320 459 1322 309 1978 309 1321 309 1980 14 1978 14 1322 14 1979 8 1977 8 1978 8 1979 460 1978 460 1980 460 1981 461 1982 461 1324 461 1981 461 1324 461 1326 461 1983 462 1984 462 1327 462 1983 462 1327 462 1325 462 1327 359 1981 359 1326 359 1984 309 1981 309 1327 309 1983 8 1982 8 1981 8 1983 463 1981 463 1984 463 1331 464 1985 464 1329 464 1986 465 1985 465 1331 465 1330 466 1987 466 1332 466 1988 466 1987 466 1330 466 1987 309 1331 309 1332 309 1987 467 1986 467 1331 467 1988 8 1985 8 1986 8 1988 468 1986 468 1987 468 1336 469 1989 469 1334 469 1990 470 1989 470 1336 470 1991 471 1992 471 1337 471 1991 472 1337 472 1335 472 1337 395 1990 395 1336 395 1992 32 1990 32 1337 32 1991 8 1989 8 1990 8 1991 473 1990 473 1992 473 1993 474 1994 474 1339 474 1993 475 1339 475 1341 475 1995 476 1996 476 1342 476 1995 477 1342 477 1340 477 1342 395 1993 395 1341 395 1996 32 1993 32 1342 32 1995 8 1994 8 1993 8 1995 478 1993 478 1996 478 1346 479 1997 479 1344 479 1998 479 1997 479 1346 479 1999 480 2000 480 1347 480 1999 481 1347 481 1345 481 2000 359 1346 359 1347 359 2000 14 1998 14 1346 14 1999 8 1997 8 1998 8 1999 482 1998 482 2000 482 1351 483 2001 483 1349 483 2002 484 2001 484 1351 484 2003 485 2004 485 1352 485 2003 486 1352 486 1350 486 1352 14 2002 14 1351 14 2004 14 2002 14 1352 14 2003 8 2001 8 2002 8 2003 487 2002 487 2004 487 1356 488 2005 488 1354 488 2006 488 2005 488 1356 488 2007 489 2008 489 1357 489 2007 490 1357 490 1355 490 1357 309 2006 309 1356 309 2008 359 2006 359 1357 359 2007 8 2005 8 2006 8 2007 491 2006 491 2008 491 1361 492 2009 492 1359 492 2010 492 2009 492 1361 492 1360 493 2011 493 1362 493 2012 494 2011 494 1360 494 1362 451 2010 451 1361 451 2011 451 2010 451 1362 451 2012 495 2009 495 2010 495 2012 496 2010 496 2011 496 2013 497 2014 497 1364 497 2013 498 1364 498 1366 498 2015 499 2016 499 1367 499 2015 500 1367 500 1365 500 2016 32 1366 32 1367 32 2016 298 2013 298 1366 298 2015 8 2014 8 2013 8 2015 501 2013 501 2016 501 1371 502 2017 502 1369 502 2018 503 2017 503 1371 503 2019 504 2020 504 1372 504 2019 504 1372 504 1370 504 1372 395 2018 395 1371 395 2020 298 2018 298 1372 298 2019 8 2017 8 2018 8 2019 505 2018 505 2020 505 1376 506 2021 506 1374 506 2022 507 2021 507 1376 507 2023 508 2024 508 1377 508 2023 509 1377 509 1375 509 1377 14 2022 14 1376 14 2024 309 2022 309 1377 309 2023 8 2021 8 2022 8 2023 510 2022 510 2024 510 1379 511 2025 511 1382 511 2026 511 2025 511 1379 511 2027 512 2028 512 1381 512 2027 513 1381 513 1380 513 2028 359 1379 359 1381 359 2028 309 2026 309 1379 309 2027 8 2025 8 2026 8 2027 514 2026 514 2028 514 1386 515 2029 515 1384 515 2030 516 2029 516 1386 516 2031 517 2032 517 1387 517 2031 518 1387 518 1385 518 1387 32 2030 32 1386 32 2032 395 2030 395 1387 395 2031 8 2029 8 2030 8 2031 519 2030 519 2032 519 1391 520 2033 520 1389 520 2034 521 2033 521 1391 521 2035 522 2036 522 1392 522 2035 522 1392 522 1390 522 1392 298 2034 298 1391 298 2036 395 2034 395 1392 395 2035 8 2033 8 2034 8 2035 523 2034 523 2036 523 2037 524 2038 524 1394 524 2037 525 1394 525 1396 525 1395 526 2039 526 1397 526 2040 526 2039 526 1395 526 1397 87 2037 87 1396 87 2039 87 2037 87 1397 87 2040 8 2038 8 2037 8 2040 527 2037 527 2039 527 1401 528 2041 528 1399 528 2042 528 2041 528 1401 528 2043 529 2044 529 1402 529 2043 530 1402 530 1400 530 1402 309 2042 309 1401 309 2044 359 2042 359 1402 359 2045 8 2041 8 2042 8 2045 531 2042 531 2044 531 2043 8 2045 8 2044 8 1406 96 2046 96 1404 96 2047 532 2046 532 1406 532 2048 533 2049 533 1407 533 2048 534 1407 534 1405 534 1407 359 2047 359 1406 359 2049 309 2047 309 1407 309 2048 8 2046 8 2047 8 2048 535 2047 535 2049 535 2050 536 2051 536 1409 536 2050 537 1409 537 1411 537 2052 538 2053 538 1412 538 2052 538 1412 538 1410 538 1412 14 2050 14 1411 14 2053 14 2050 14 1412 14 2052 539 2051 539 2050 539 2052 540 2050 540 2053 540 1416 541 2054 541 1414 541 2055 542 2054 542 1416 542 2056 543 2057 543 1417 543 2056 544 1417 544 1415 544 2057 298 1416 298 1417 298 2057 395 2055 395 1416 395 2056 8 2054 8 2055 8 2056 545 2055 545 2057 545 1421 546 2058 546 1419 546 2059 547 2058 547 1421 547 2060 548 2061 548 1422 548 2060 549 1422 549 1420 549 1422 32 2059 32 1421 32 2061 395 2059 395 1422 395 2060 8 2058 8 2059 8 2060 550 2059 550 2061 550 1426 551 2062 551 1424 551 2063 552 2062 552 1426 552 2064 553 2065 553 1427 553 2064 553 1427 553 1425 553 1427 14 2063 14 1426 14 2065 309 2063 309 1427 309 2064 8 2062 8 2063 8 2064 554 2063 554 2065 554 1431 555 2066 555 1429 555 2067 555 2066 555 1431 555 2068 556 2069 556 1432 556 2068 557 1432 557 1430 557 1432 14 2067 14 1431 14 2069 309 2067 309 1432 309 2068 8 2066 8 2067 8 2068 558 2067 558 2069 558 1436 559 2070 559 1434 559 2071 559 2070 559 1436 559 2072 560 2073 560 1437 560 2072 560 1437 560 1435 560 1437 309 2071 309 1436 309 2073 359 2071 359 1437 359 2072 8 2070 8 2071 8 2072 561 2071 561 2073 561 1441 562 2074 562 1439 562 2075 562 2074 562 1441 562 2076 563 2077 563 1442 563 2076 564 1442 564 1440 564 1442 565 2075 565 1441 565 2077 87 2075 87 1442 87 2076 8 2074 8 2075 8 2076 566 2075 566 2077 566 1446 567 2078 567 1444 567 2079 568 2078 568 1446 568 1445 569 2080 569 1447 569 2081 570 2080 570 1445 570 1447 451 2079 451 1446 451 2080 565 2079 565 1447 565 2081 571 2078 571 2079 571 2081 572 2079 572 2080 572 1451 573 2082 573 1449 573 2083 574 2082 574 1451 574 2084 575 2085 575 1452 575 2084 576 1452 576 1450 576 2085 309 1451 309 1452 309 2085 359 2083 359 1451 359 2084 8 2082 8 2083 8 2084 577 2083 577 2085 577 1456 578 2086 578 1454 578 2087 579 2086 579 1456 579 1455 580 2088 580 1457 580 2089 581 2088 581 1455 581 1457 14 2087 14 1456 14 2088 14 2087 14 1457 14 2089 8 2086 8 2087 8 2089 582 2087 582 2088 582 1461 583 2090 583 1459 583 2091 583 2090 583 1461 583 2092 584 2093 584 1462 584 2092 585 1462 585 1460 585 1462 359 2091 359 1461 359 2093 14 2091 14 1462 14 2092 8 2090 8 2091 8 2092 586 2091 586 2093 586 1466 587 2094 587 1464 587 2095 588 2094 588 1466 588 2096 589 2097 589 1467 589 2096 590 1467 590 1465 590 1467 359 2095 359 1466 359 2097 14 2095 14 1467 14 2096 8 2094 8 2095 8 2096 591 2095 591 2097 591 1471 592 2098 592 1469 592 2099 593 2098 593 1471 593 2100 594 2101 594 1472 594 2100 594 1472 594 1470 594 1472 395 2099 395 1471 395 2101 32 2099 32 1472 32 2100 8 2098 8 2099 8 2100 595 2099 595 2101 595 2102 596 2103 596 1474 596 2102 597 1474 597 1476 597 2104 598 2105 598 1477 598 2104 599 1477 599 1475 599 1477 32 2102 32 1476 32 2105 298 2102 298 1477 298 2104 8 2103 8 2102 8 2104 600 2102 600 2105 600 2106 601 2107 601 1479 601 2106 602 1479 602 1481 602 2108 603 2109 603 1482 603 2108 604 1482 604 1480 604 2109 605 1481 605 1482 605 2109 606 2106 606 1481 606 2108 8 2107 8 2106 8 2108 607 2106 607 2109 607 1486 608 2110 608 1484 608 2111 609 2110 609 1486 609 2112 610 2113 610 1487 610 2112 611 1487 611 1485 611 2113 14 1486 14 1487 14 2113 15 2111 15 1486 15 2112 612 2110 612 2111 612 2112 613 2111 613 2113 613 1491 614 2114 614 1489 614 2115 614 2114 614 1491 614 1490 615 2116 615 1492 615 2117 616 2116 616 1490 616 2116 617 1491 617 1492 617 2116 617 2115 617 1491 617 2117 8 2114 8 2115 8 2117 618 2115 618 2116 618 2118 619 2119 619 1494 619 2118 619 1494 619 1496 619 1495 620 2120 620 1497 620 2121 621 2120 621 1495 621 2120 15 1496 15 1497 15 2120 14 2118 14 1496 14 2121 8 2119 8 2118 8 2121 622 2118 622 2120 622 2122 623 2123 623 1499 623 2122 623 1499 623 1501 623 2124 624 2125 624 1502 624 2124 625 1502 625 1500 625 2125 32 1501 32 1502 32 2125 31 2122 31 1501 31 2124 8 2123 8 2122 8 2124 626 2122 626 2125 626 1506 627 2126 627 1504 627 2127 627 2126 627 1506 627 2128 628 2129 628 1507 628 2128 629 1507 629 1505 629 2129 32 1506 32 1507 32 2129 31 2127 31 1506 31 2128 8 2126 8 2127 8 2128 630 2127 630 2129 630 2130 631 2131 631 1509 631 2130 632 1509 632 1511 632 2132 633 2133 633 1512 633 2132 633 1512 633 1510 633 2133 14 1511 14 1512 14 2133 15 2130 15 1511 15 2132 8 2131 8 2130 8 2132 634 2130 634 2133 634 2134 635 2135 635 1514 635 2134 635 1514 635 1516 635 2136 636 2137 636 1517 636 2136 637 1517 637 1515 637 2137 76 1516 76 1517 76 2137 76 2134 76 1516 76 2136 8 2135 8 2134 8 2136 638 2134 638 2137 638 1521 639 2138 639 1519 639 2139 639 2138 639 1521 639 2140 640 2141 640 1522 640 2140 640 1522 640 1520 640 2141 31 1521 31 1522 31 2141 32 2139 32 1521 32 2140 8 2138 8 2139 8 2140 641 2139 641 2141 641 1526 642 2142 642 1524 642 2143 643 2142 643 1526 643 1525 644 2144 644 1527 644 2145 644 2144 644 1525 644 2144 32 1526 32 1527 32 2144 31 2143 31 1526 31 2145 8 2142 8 2143 8 2145 645 2143 645 2144 645 1531 646 2146 646 1529 646 2147 647 2146 647 1531 647 2148 648 2149 648 1532 648 2148 648 1532 648 1530 648 2149 88 1531 88 1532 88 2149 88 2147 88 1531 88 2148 8 2146 8 2147 8 2148 649 2147 649 2149 649 1536 650 2150 650 1534 650 2151 650 2150 650 1536 650 2152 651 2153 651 1537 651 2152 651 1537 651 1535 651 2153 15 1536 15 1537 15 2153 14 2151 14 1536 14 2152 8 2150 8 2151 8 2152 652 2151 652 2153 652 1541 653 2154 653 1539 653 2155 653 2154 653 1541 653 2156 654 2157 654 1542 654 2156 655 1542 655 1540 655 2157 76 1541 76 1542 76 2157 23 2155 23 1541 23 2156 8 2154 8 2155 8 2156 656 2155 656 2157 656 1546 657 2158 657 1544 657 2159 657 2158 657 1546 657 1545 658 2160 658 1547 658 2161 659 2160 659 1545 659 2160 14 1546 14 1547 14 2160 15 2159 15 1546 15 2161 8 2158 8 2159 8 2161 660 2159 660 2160 660 1551 661 2162 661 1549 661 2163 661 2162 661 1551 661 2164 662 2165 662 1552 662 2164 663 1552 663 1550 663 2165 32 1551 32 1552 32 2165 31 2163 31 1551 31 2164 664 2162 664 2163 664 2164 665 2163 665 2165 665 2166 666 2167 666 1554 666 2166 666 1554 666 1556 666 2168 667 2169 667 1557 667 2168 668 1557 668 1555 668 2169 32 1556 32 1557 32 2169 31 2166 31 1556 31 2168 8 2167 8 2166 8 2168 669 2166 669 2169 669 1561 670 2170 670 1559 670 2171 671 2170 671 1561 671 2172 672 2173 672 1562 672 2172 672 1562 672 1560 672 2173 31 1561 31 1562 31 2173 32 2171 32 1561 32 2172 8 2170 8 2171 8 2172 673 2171 673 2173 673 1566 674 2174 674 1564 674 2175 675 2174 675 1566 675 2176 676 2177 676 1567 676 2176 676 1567 676 1565 676 2177 15 1566 15 1567 15 2177 14 2175 14 1566 14 2176 8 2174 8 2175 8 2176 677 2175 677 2177 677 1571 678 2178 678 1569 678 2179 678 2178 678 1571 678 2180 679 2181 679 1572 679 2180 679 1572 679 1570 679 2181 14 1571 14 1572 14 2181 15 2179 15 1571 15 2180 8 2178 8 2179 8 2180 680 2179 680 2181 680 1576 681 2182 681 1574 681 2183 681 2182 681 1576 681 2184 682 2185 682 1577 682 2184 683 1577 683 1575 683 2185 684 1576 684 1577 684 2185 684 2183 684 1576 684 2184 8 2182 8 2183 8 2184 685 2183 685 2185 685 1581 686 2186 686 1579 686 2187 686 2186 686 1581 686 1580 687 2188 687 1582 687 2189 687 2188 687 1580 687 2188 87 1581 87 1582 87 2188 88 2187 88 1581 88 2189 8 2186 8 2187 8 2189 688 2187 688 2188 688 1586 689 2190 689 1584 689 2191 690 2190 690 1586 690 2192 691 2193 691 1587 691 2192 692 1587 692 1585 692 2193 693 1586 693 1587 693 2193 694 2191 694 1586 694 2192 695 2190 695 2191 695 2192 696 2191 696 2193 696 1591 697 2194 697 1589 697 2195 697 2194 697 1591 697 1590 698 2196 698 1592 698 2197 698 2196 698 1590 698 2196 15 1591 15 1592 15 2196 15 2195 15 1591 15 2197 8 2194 8 2195 8 2197 699 2195 699 2196 699 1596 700 2198 700 1594 700 2199 700 2198 700 1596 700 1595 701 2200 701 1597 701 2201 702 2200 702 1595 702 2200 14 1596 14 1597 14 2200 15 2199 15 1596 15 2201 8 2198 8 2199 8 2201 703 2199 703 2200 703 1601 704 2202 704 1599 704 2203 704 2202 704 1601 704 2204 705 2205 705 1602 705 2204 706 1602 706 1600 706 2205 76 1601 76 1602 76 2205 76 2203 76 1601 76 2204 8 2202 8 2203 8 2204 707 2203 707 2205 707 1606 708 2206 708 1604 708 2207 709 2206 709 1606 709 2208 710 2209 710 1607 710 2208 710 1607 710 1605 710 2209 32 1606 32 1607 32 2209 31 2207 31 1606 31 2208 8 2206 8 2207 8 2208 711 2207 711 2209 711 2210 712 2211 712 1609 712 2210 712 1609 712 1611 712 2212 713 2213 713 1612 713 2212 713 1612 713 1610 713 2213 106 1611 106 1612 106 2213 714 2210 714 1611 714 2212 8 2211 8 2210 8 2212 715 2210 715 2213 715 1616 716 2214 716 1614 716 2215 717 2214 717 1616 717 2216 718 2217 718 1617 718 2216 718 1617 718 1615 718 2217 15 1616 15 1617 15 2217 359 2215 359 1616 359 2216 8 2214 8 2215 8 2216 719 2215 719 2217 719 2218 720 2219 720 1619 720 2218 720 1619 720 1621 720 1620 721 2220 721 1622 721 2221 722 2220 722 1620 722 2220 15 1621 15 1622 15 2220 15 2218 15 1621 15 2221 8 2219 8 2218 8 2221 723 2218 723 2220 723 2222 724 2223 724 1624 724 2222 725 1624 725 1626 725 2224 726 2225 726 1627 726 2224 727 1627 727 1625 727 2225 617 1626 617 1627 617 2225 617 2222 617 1626 617 2224 8 2223 8 2222 8 2224 728 2222 728 2225 728 1631 729 2226 729 1629 729 2227 729 2226 729 1631 729 2228 730 2229 730 1632 730 2228 731 1632 731 1630 731 2229 32 1631 32 1632 32 2229 31 2227 31 1631 31 2228 8 2226 8 2227 8 2228 732 2227 732 2229 732 2230 733 2231 733 1634 733 2230 734 1634 734 1636 734 2232 735 2233 735 1637 735 2232 735 1637 735 1635 735 2233 106 1636 106 1637 106 2233 714 2230 714 1636 714 2232 8 2231 8 2230 8 2232 736 2230 736 2233 736 1641 737 2234 737 1639 737 2235 737 2234 737 1641 737 2236 738 2237 738 1642 738 2236 738 1642 738 1640 738 2237 15 1641 15 1642 15 2237 14 2235 14 1641 14 2236 8 2234 8 2235 8 2236 739 2235 739 2237 739 1646 740 2238 740 1644 740 2239 741 2238 741 1646 741 1645 742 2240 742 1647 742 2241 743 2240 743 1645 743 2240 14 1646 14 1647 14 2240 14 2239 14 1646 14 2241 8 2238 8 2239 8 2241 744 2239 744 2240 744 1651 745 2242 745 1649 745 2243 746 2242 746 1651 746 2244 747 2245 747 1652 747 2244 748 1652 748 1650 748 2245 15 1651 15 1652 15 2245 14 2243 14 1651 14 2244 8 2242 8 2243 8 2244 749 2243 749 2245 749 2246 750 2247 750 1654 750 2246 750 1654 750 1656 750 2248 751 2249 751 1657 751 2248 752 1657 752 1655 752 2249 31 1656 31 1657 31 2249 32 2246 32 1656 32 2248 753 2247 753 2246 753 2248 754 2246 754 2249 754 1661 755 2250 755 1659 755 2251 756 2250 756 1661 756 2252 757 2253 757 1662 757 2252 758 1662 758 1660 758 1662 759 2251 759 1661 759 2253 684 2251 684 1662 684 2252 8 2250 8 2251 8 2252 760 2251 760 2253 760 1666 761 2254 761 1664 761 2255 761 2254 761 1666 761 2256 762 2257 762 1667 762 2256 763 1667 763 1665 763 2257 88 1666 88 1667 88 2257 87 2255 87 1666 87 2256 8 2254 8 2255 8 2256 764 2255 764 2257 764 2258 765 2259 765 1669 765 2258 766 1669 766 1671 766 2260 767 2261 767 1672 767 2260 767 1672 767 1670 767 2261 14 1671 14 1672 14 2261 15 2258 15 1671 15 2260 8 2259 8 2258 8 2260 768 2258 768 2261 768 2262 769 2263 769 1674 769 2262 769 1674 769 1676 769 2264 770 2265 770 1677 770 2264 771 1677 771 1675 771 1677 14 2262 14 1676 14 2265 15 2262 15 1677 15 2264 8 2263 8 2262 8 2264 772 2262 772 2265 772 1681 773 2266 773 1679 773 2267 774 2266 774 1681 774 2268 775 2269 775 1682 775 2268 775 1682 775 1680 775 1682 14 2267 14 1681 14 2269 15 2267 15 1682 15 2268 8 2266 8 2267 8 2268 776 2267 776 2269 776 2270 777 2271 777 1684 777 2270 778 1684 778 1686 778 2272 779 2273 779 1687 779 2272 779 1687 779 1685 779 2273 107 1686 107 1687 107 2273 106 2270 106 1686 106 2272 8 2271 8 2270 8 2272 780 2270 780 2273 780 1691 781 2274 781 1689 781 2275 782 2274 782 1691 782 2276 783 2277 783 1692 783 2276 783 1692 783 1690 783 1692 14 2275 14 1691 14 2277 15 2275 15 1692 15 2276 784 2274 784 2275 784 2276 785 2275 785 2277 785 2278 786 2279 786 1694 786 2278 787 1694 787 1696 787 2280 788 2281 788 1697 788 2280 789 1697 789 1695 789 1697 23 2278 23 1696 23 2281 76 2278 76 1697 76 2280 8 2279 8 2278 8 2280 790 2278 790 2281 790 2282 791 2283 791 1699 791 2282 791 1699 791 1701 791 2284 792 2285 792 1702 792 2284 793 1702 793 1700 793 1702 14 2282 14 1701 14 2285 14 2282 14 1702 14 2284 8 2283 8 2282 8 2284 794 2282 794 2285 794 1706 795 2286 795 1704 795 2287 796 2286 796 1706 796 2288 797 2289 797 1707 797 2288 797 1707 797 1705 797 2289 15 1706 15 1707 15 2289 14 2287 14 1706 14 2288 8 2286 8 2287 8 2288 798 2287 798 2289 798 1711 799 2290 799 1709 799 2291 799 2290 799 1711 799 2292 800 2293 800 1712 800 2292 801 1712 801 1710 801 1712 88 2291 88 1711 88 2293 87 2291 87 1712 87 2292 8 2290 8 2291 8 2292 802 2291 802 2293 802 1716 803 2294 803 1714 803 2295 804 2294 804 1716 804 1715 805 2296 805 1717 805 2297 806 2296 806 1715 806 2296 87 1716 87 1717 87 2296 88 2295 88 1716 88 2297 8 2294 8 2295 8 2297 807 2295 807 2296 807 1721 808 2298 808 1719 808 2299 809 2298 809 1721 809 1720 810 2300 810 1722 810 2301 810 2300 810 1720 810 1722 76 2299 76 1721 76 2300 23 2299 23 1722 23 2301 8 2298 8 2299 8 2301 811 2299 811 2300 811 2302 812 2303 812 1724 812 2302 812 1724 812 1726 812 2304 813 2305 813 1727 813 2304 814 1727 814 1725 814 1727 31 2302 31 1726 31 2305 32 2302 32 1727 32 2304 815 2303 815 2302 815 2304 816 2302 816 2305 816 2306 817 2307 817 1729 817 2306 817 1729 817 1731 817 1730 818 2308 818 1732 818 2309 818 2308 818 1730 818 2308 15 1731 15 1732 15 2308 819 2306 819 1731 819 2309 8 2307 8 2306 8 2309 820 2306 820 2308 820 1735 821 2310 821 1733 821 2311 821 2310 821 1735 821 2312 822 2313 822 1736 822 2312 823 1736 823 1734 823 2313 14 1735 14 1736 14 2313 15 2311 15 1735 15 2312 8 2310 8 2311 8 2312 824 2311 824 2313 824 2314 825 2315 825 1737 825 2314 826 1737 826 1739 826 2316 827 2317 827 1740 827 2316 828 1740 828 1738 828 1740 31 2314 31 1739 31 2317 32 2314 32 1740 32 2316 8 2315 8 2314 8 2316 829 2314 829 2317 829 2318 830 2319 830 1741 830 2318 831 1741 831 1743 831 2320 832 2321 832 1744 832 2320 833 1744 833 1742 833 2321 106 1743 106 1744 106 2321 107 2318 107 1743 107 2320 8 2319 8 2318 8 2320 834 2318 834 2321 834 2322 835 2323 835 1745 835 2322 835 1745 835 1747 835 2324 836 2325 836 1748 836 2324 836 1748 836 1746 836 1748 15 2322 15 1747 15 2325 14 2322 14 1748 14 2326 8 2323 8 2322 8 2326 837 2322 837 2325 837 2324 8 2326 8 2325 8 2327 838 2328 838 1749 838 2327 839 1749 839 1751 839 1750 840 2329 840 1752 840 2330 840 2329 840 1750 840 2329 14 1751 14 1752 14 2329 15 2327 15 1751 15 2330 8 2328 8 2327 8 2330 841 2327 841 2329 841 1755 842 2331 842 1753 842 2332 843 2331 843 1755 843 1754 844 2333 844 1756 844 2334 844 2333 844 1754 844 2333 14 1755 14 1756 14 2333 15 2332 15 1755 15 2334 8 2331 8 2332 8 2334 845 2332 845 2333 845 2335 846 2336 846 1757 846 2335 846 1757 846 1759 846 2337 847 2338 847 1760 847 2337 848 1760 848 1758 848 1760 31 2335 31 1759 31 2338 32 2335 32 1760 32 2337 849 2336 849 2335 849 2337 850 2335 850 2338 850 1763 851 2339 851 1761 851 2340 852 2339 852 1763 852 2341 853 2342 853 1764 853 2341 853 1764 853 1762 853 2342 106 1763 106 1764 106 2342 107 2340 107 1763 107 2341 854 2339 854 2340 854 2341 855 2340 855 2342 855 1767 856 2343 856 1765 856 2344 857 2343 857 1767 857 1766 858 2345 858 1768 858 2346 859 2345 859 1766 859 2345 14 1767 14 1768 14 2345 15 2344 15 1767 15 2346 8 2343 8 2344 8 2346 860 2344 860 2345 860 1771 861 2347 861 1769 861 2348 862 2347 862 1771 862 1770 863 2349 863 1772 863 2350 864 2349 864 1770 864 1772 23 2348 23 1771 23 2349 23 2348 23 1772 23 2350 8 2347 8 2348 8 2350 865 2348 865 2349 865 2351 866 2352 866 1773 866 2351 867 1773 867 1775 867 2353 868 2354 868 1776 868 2353 869 1776 869 1774 869 1776 819 2351 819 1775 819 2354 14 2351 14 1776 14 2353 870 2352 870 2351 870 2353 871 2351 871 2354 871 1779 872 2355 872 1777 872 2356 872 2355 872 1779 872 2357 873 2358 873 1780 873 2357 874 1780 874 1778 874 2358 31 1779 31 1780 31 2358 31 2356 31 1779 31 2357 8 2355 8 2356 8 2357 875 2356 875 2358 875 2359 876 2360 876 1781 876 2359 877 1781 877 1783 877 2361 878 2362 878 1784 878 2361 879 1784 879 1782 879 1784 684 2359 684 1783 684 2362 880 2359 880 1784 880 2361 8 2360 8 2359 8 2361 881 2359 881 2362 881 2363 882 2364 882 1785 882 2363 883 1785 883 1787 883 1786 884 2365 884 1788 884 2366 884 2365 884 1786 884 1788 88 2363 88 1787 88 2365 87 2363 87 1788 87 2366 8 2364 8 2363 8 2366 885 2363 885 2365 885 2367 886 2368 886 1789 886 2367 887 1789 887 1791 887 2369 888 2370 888 1792 888 2369 889 1792 889 1790 889 1792 23 2367 23 1791 23 2370 22 2367 22 1792 22 2369 890 2368 890 2367 890 2369 891 2367 891 2370 891 2371 892 2372 892 1793 892 2371 893 1793 893 1795 893 2373 894 2374 894 1796 894 2373 895 1796 895 1794 895 2374 15 1795 15 1796 15 2374 15 2371 15 1795 15 2373 8 2372 8 2371 8 2373 896 2371 896 2374 896 1799 897 2375 897 1797 897 2376 897 2375 897 1799 897 2377 898 2378 898 1800 898 2377 899 1800 899 1798 899 1800 31 2376 31 1799 31 2378 32 2376 32 1800 32 2377 8 2375 8 2376 8 2377 900 2376 900 2378 900 1803 901 2379 901 1801 901 2380 902 2379 902 1803 902 2381 903 2382 903 1804 903 2381 904 1804 904 1802 904 1804 32 2380 32 1803 32 2382 31 2380 31 1804 31 2381 905 2379 905 2380 905 2381 906 2380 906 2382 906 2383 907 2384 907 1805 907 2383 908 1805 908 1807 908 1806 105 2385 105 1808 105 2386 909 2385 909 1806 909 2385 31 1807 31 1808 31 2385 32 2383 32 1807 32 2386 8 2384 8 2383 8 2386 910 2383 910 2385 910 1811 911 2387 911 1809 911 2388 911 2387 911 1811 911 2389 912 2390 912 1812 912 2389 912 1812 912 1810 912 2390 22 1811 22 1812 22 2390 23 2388 23 1811 23 2389 8 2387 8 2388 8 2389 913 2388 913 2390 913 2391 914 2392 914 1813 914 2391 914 1813 914 1815 914 2393 915 2394 915 1816 915 2393 916 1816 916 1814 916 2394 14 1815 14 1816 14 2394 14 2391 14 1815 14 2393 917 2392 917 2391 917 2393 918 2391 918 2394 918 2395 919 2396 919 1817 919 2395 920 1817 920 1819 920 2397 921 2398 921 1820 921 2397 921 1820 921 1818 921 2398 819 1819 819 1820 819 2398 14 2395 14 1819 14 2397 922 2396 922 2395 922 2397 923 2395 923 2398 923 1823 717 2399 717 1821 717 2400 717 2399 717 1823 717 2401 924 2402 924 1824 924 2401 925 1824 925 1822 925 1824 88 2400 88 1823 88 2402 87 2400 87 1824 87 2401 8 2399 8 2400 8 2401 926 2400 926 2402 926 2403 8 2404 8 2405 8 2403 927 2405 927 2406 927 2407 8 2403 8 2406 8 1836 928 2403 928 1826 928 2404 929 2403 929 1836 929 2407 930 2406 930 1827 930 2407 930 1827 930 1828 930 2406 87 1825 87 1827 87 2406 87 2405 87 1825 87 2405 42 1836 42 1825 42 2405 931 2404 931 1836 931 2408 8 2409 8 2410 8 2408 26 2410 26 2411 26 2412 8 2408 8 2411 8 2409 932 2408 932 1830 932 2409 933 1830 933 1829 933 1833 934 2411 934 1832 934 2412 935 2411 935 1833 935 2411 76 1831 76 1832 76 2411 23 2410 23 1831 23 1831 936 2409 936 1829 936 2410 937 2409 937 1831 937 1840 938 2413 938 1839 938 1154 939 1840 939 1151 939 1841 940 1840 940 1154 940 1841 941 2413 941 1840 941 1843 942 2413 942 1841 942 1158 943 1843 943 1155 943 1845 944 1843 944 1158 944 1845 945 2413 945 1843 945 1847 946 2413 946 1845 946 1849 944 1847 944 1159 944 1849 943 1159 943 1162 943 1849 947 2413 947 1847 947 1853 948 1851 948 1163 948 1853 949 1163 949 1166 949 1170 950 1855 950 1167 950 1857 944 1855 944 1170 944 1861 951 1859 951 1171 951 1861 951 1171 951 1174 951 1179 948 1863 948 1175 948 1865 952 1863 952 1179 952 1869 940 1867 940 1180 940 1869 953 1180 953 1184 953 1189 954 1871 954 1185 954 1873 955 1871 955 1189 955 1194 953 1876 953 1190 953 1877 953 1876 953 1194 953 1881 956 1879 956 1195 956 1881 957 1195 957 1199 957 1885 957 1883 957 1200 957 1885 955 1200 955 1204 955 1889 957 1888 957 1205 957 1889 957 1205 957 1209 957 1894 957 1891 957 1210 957 1894 955 1210 955 1214 955 1897 958 1895 958 1215 958 1897 959 1215 959 1219 959 1901 955 1900 955 1220 955 1901 955 1220 955 1224 955 1905 957 1903 957 1225 957 1905 957 1225 957 1229 957 1909 957 1908 957 1230 957 1909 957 1230 957 1234 957 1239 957 1912 957 1235 957 1913 957 1912 957 1239 957 1917 957 1915 957 1240 957 1917 957 1240 957 1244 957 1921 939 1919 939 1245 939 1921 939 1245 939 1249 939 1254 960 1924 960 1250 960 1925 960 1924 960 1254 960 1929 939 1927 939 1255 939 1929 955 1255 955 1259 955 1933 960 1931 960 1260 960 1933 961 1260 961 1264 961 1269 955 1935 955 1265 955 1937 957 1935 957 1269 957 1941 955 1939 955 1270 955 1941 955 1270 955 1274 955 1945 955 1944 955 1275 955 1945 957 1275 957 1279 957 1284 957 1948 957 1280 957 1949 955 1948 955 1284 955 1953 939 1952 939 1285 939 1953 957 1285 957 1289 957 1957 955 1955 955 1290 955 1957 957 1290 957 1294 957 1299 957 1959 957 1295 957 1962 956 1959 956 1299 956 1965 957 1963 957 1300 957 1965 957 1300 957 1304 957 1969 957 1967 957 1305 957 1969 955 1305 955 1309 955 1314 957 1972 957 1310 957 1973 955 1972 955 1314 955 1319 962 1975 962 1315 962 1977 960 1975 960 1319 960 1982 951 1979 951 1320 951 1982 950 1320 950 1324 950 1985 951 1983 951 1325 951 1985 950 1325 950 1329 950 1989 963 1988 963 1330 963 1989 949 1330 949 1334 949 1994 951 1991 951 1335 951 1994 951 1335 951 1339 951 1344 950 1995 950 1340 950 1997 951 1995 951 1344 951 2001 950 1999 950 1345 950 2001 951 1345 951 1349 951 2005 955 2003 955 1350 955 2005 939 1350 939 1354 939 2009 957 2007 957 1355 957 2009 955 1355 955 1359 955 2014 957 2012 957 1360 957 2014 957 1360 957 1364 957 2017 955 2015 955 1365 955 2017 939 1365 939 1369 939 2021 962 2019 962 1370 962 2021 961 1370 961 1374 961 2025 955 2023 955 1375 955 2025 957 1375 957 1382 957 2029 957 2027 957 1380 957 2029 939 1380 939 1384 939 2033 964 2031 964 1385 964 2033 959 1385 959 1389 959 2038 957 2035 957 1390 957 2038 955 1390 955 1394 955 2041 955 2040 955 1395 955 2041 939 1395 939 1399 939 2414 965 2041 965 2045 965 2414 966 2035 966 2038 966 2414 967 2040 967 2041 967 2414 968 2033 968 2035 968 2414 969 2038 969 2040 969 2414 970 2413 970 1849 970 2414 971 1849 971 1851 971 2414 972 1851 972 1853 972 2414 973 1853 973 1855 973 2414 974 1855 974 1857 974 2414 975 1857 975 1859 975 2414 976 1859 976 1861 976 2414 977 1861 977 1863 977 2414 978 1863 978 1865 978 2414 979 1865 979 1867 979 2414 980 1867 980 1869 980 2414 981 1869 981 1871 981 2414 982 1871 982 1873 982 2414 983 1873 983 1876 983 2414 984 1876 984 1877 984 2414 985 1877 985 1879 985 2414 986 1879 986 1881 986 2414 987 1881 987 1883 987 2414 988 1883 988 1885 988 2414 989 1885 989 1888 989 2414 990 1888 990 1889 990 2414 991 1889 991 1891 991 2414 992 1891 992 1894 992 2414 993 1894 993 1895 993 2414 994 1895 994 1897 994 2414 995 1897 995 1900 995 2414 996 1900 996 1901 996 2414 997 1901 997 1903 997 2414 998 1903 998 1905 998 2414 999 1905 999 1908 999 2414 1000 1908 1000 1909 1000 2414 1001 1909 1001 1912 1001 2414 1002 1912 1002 1913 1002 2414 1003 1913 1003 1915 1003 2414 1004 1915 1004 1917 1004 2414 1005 1917 1005 1919 1005 2414 1006 1919 1006 1921 1006 2414 1007 1921 1007 1924 1007 2414 1008 1924 1008 1925 1008 2414 1009 1925 1009 1927 1009 2414 1010 1927 1010 1929 1010 2414 1011 1929 1011 1931 1011 2414 1012 1931 1012 1933 1012 2414 1013 1933 1013 1935 1013 2414 1014 1935 1014 1937 1014 2414 1015 1937 1015 1939 1015 2414 1016 1939 1016 1941 1016 2414 1017 1941 1017 1944 1017 2414 1018 1944 1018 1945 1018 2414 1019 1945 1019 1948 1019 2414 1020 1948 1020 1949 1020 2414 1021 1949 1021 1952 1021 2414 1022 1952 1022 1953 1022 2414 1023 1953 1023 1955 1023 2414 1024 1955 1024 1957 1024 2414 1025 1957 1025 1959 1025 2414 1026 1959 1026 1962 1026 2414 1027 1962 1027 1963 1027 2414 1028 1963 1028 1965 1028 2414 1029 1965 1029 1967 1029 2414 1030 1967 1030 1969 1030 2414 1031 1969 1031 1972 1031 2414 1032 1972 1032 1973 1032 2414 1033 1973 1033 1975 1033 2414 1034 1975 1034 1977 1034 2414 1035 1977 1035 1979 1035 2414 1036 1979 1036 1982 1036 2414 1037 1982 1037 1983 1037 2414 1038 1983 1038 1985 1038 2414 1039 1985 1039 1988 1039 2414 1040 1988 1040 1989 1040 2414 1041 1989 1041 1991 1041 2414 1042 1991 1042 1994 1042 2414 1043 1994 1043 1995 1043 2414 1044 1995 1044 1997 1044 2414 1045 1997 1045 1999 1045 2414 1046 1999 1046 2001 1046 2414 1047 2001 1047 2003 1047 2414 1048 2003 1048 2005 1048 2414 1049 2005 1049 2007 1049 2414 1050 2007 1050 2009 1050 2414 1051 2009 1051 2012 1051 2414 1052 2012 1052 2014 1052 2414 1053 2014 1053 2015 1053 2414 1054 2015 1054 2017 1054 2414 1055 2017 1055 2019 1055 2414 1056 2019 1056 2021 1056 2414 1057 2021 1057 2023 1057 2414 1058 2023 1058 2025 1058 2414 1059 2025 1059 2027 1059 2414 1060 2027 1060 2029 1060 2414 1061 2029 1061 2031 1061 2414 1062 2031 1062 2033 1062 2043 1063 2414 1063 2045 1063 1404 1064 2043 1064 1400 1064 2046 1064 2043 1064 1404 1064 2046 1065 2414 1065 2043 1065 2048 1066 2414 1066 2046 1066 1409 1067 2048 1067 1405 1067 2051 1068 2414 1068 2048 1068 2051 1069 2048 1069 1409 1069 2052 1070 2414 1070 2051 1070 1414 1071 2052 1071 1410 1071 2054 1072 2414 1072 2052 1072 2054 1069 2052 1069 1414 1069 2056 1073 2414 1073 2054 1073 2058 1074 2056 1074 1415 1074 2058 1075 1415 1075 1419 1075 1424 1069 2060 1069 1420 1069 2062 1071 2060 1071 1424 1071 2066 1074 2064 1074 1425 1074 2066 1076 1425 1076 1429 1076 1434 1076 2068 1076 1430 1076 2070 1076 2068 1076 1434 1076 2074 1064 2072 1064 1435 1064 2074 1064 1435 1064 1439 1064 2078 1075 2076 1075 1440 1075 2078 1074 1440 1074 1444 1074 2082 1077 2081 1077 1445 1077 2082 1078 1445 1078 1449 1078 2086 1076 2084 1076 1450 1076 2086 1079 1450 1079 1454 1079 2090 1078 2089 1078 1455 1078 2090 1080 1455 1080 1459 1080 2094 1079 2092 1079 1460 1079 2094 1074 1460 1074 1464 1074 2098 1080 2096 1080 1465 1080 2098 1077 1465 1077 1469 1077 2103 1076 2100 1076 1470 1076 2103 1076 1470 1076 1474 1076 2107 1064 2104 1064 1475 1064 2107 1069 1475 1069 1479 1069 2110 1076 2108 1076 1480 1076 2110 1079 1480 1079 1484 1079 2114 1081 2112 1081 1485 1081 2114 1082 1485 1082 1489 1082 2119 1083 2117 1083 1490 1083 2119 1084 1490 1084 1494 1084 2123 1082 2121 1082 1495 1082 2123 1081 1495 1081 1499 1081 2126 1085 2124 1085 1500 1085 2126 1071 1500 1071 1504 1071 2131 1086 2128 1086 1505 1086 2131 1087 1505 1087 1509 1087 1514 1088 2132 1088 1510 1088 2135 1076 2132 1076 1514 1076 2138 1086 2136 1086 1515 1086 2138 1087 1515 1087 1519 1087 1524 1088 2140 1088 1520 1088 2142 1079 2140 1079 1524 1079 2146 1083 2145 1083 1525 1083 2146 1084 1525 1084 1529 1084 1534 1083 2148 1083 1530 1083 2150 1084 2148 1084 1534 1084 2154 1083 2152 1083 1535 1083 2154 1084 1535 1084 1539 1084 1544 1089 2156 1089 1540 1089 2158 1090 2156 1090 1544 1090 2162 1086 2161 1086 1545 1086 2162 1086 1545 1086 1549 1086 1554 1088 2164 1088 1550 1088 2167 1088 2164 1088 1554 1088 2170 1091 2168 1091 1555 1091 2170 1091 1555 1091 1559 1091 2174 1079 2172 1079 1560 1079 2174 1092 1560 1092 1564 1092 1569 1071 2176 1071 1565 1071 2178 1091 2176 1091 1569 1091 1574 1089 2180 1089 1570 1089 2182 1090 2180 1090 1574 1090 1579 1089 2184 1089 1575 1089 2186 1090 2184 1090 1579 1090 1584 1089 2189 1089 1580 1089 2190 1090 2189 1090 1584 1090 2194 1089 2192 1089 1585 1089 2194 1090 1585 1090 1589 1090 2198 1071 2197 1071 1590 1071 2198 1085 1590 1085 1594 1085 2202 1071 2201 1071 1595 1071 2202 1091 1595 1091 1599 1091 2206 1071 2204 1071 1600 1071 2206 1091 1600 1091 1604 1091 2211 1093 2208 1093 1605 1093 2211 1094 1605 1094 1609 1094 1614 1071 2212 1071 1610 1071 2214 1091 2212 1091 1614 1091 2219 1089 2216 1089 1615 1089 2219 1090 1615 1090 1619 1090 2223 1089 2221 1089 1620 1089 2223 1090 1620 1090 1624 1090 2226 1090 2224 1090 1625 1090 2226 1089 1625 1089 1629 1089 2231 1071 2228 1071 1630 1071 2231 1085 1630 1085 1634 1085 1639 1071 2232 1071 1635 1071 2234 1091 2232 1091 1639 1091 2238 1071 2236 1071 1640 1071 2238 1091 1640 1091 1644 1091 1649 1088 2241 1088 1645 1088 2242 1079 2241 1079 1649 1079 2247 1079 2244 1079 1650 1079 2247 1088 1650 1088 1654 1088 2250 1091 2248 1091 1655 1091 2250 1085 1655 1085 1659 1085 2254 1084 2252 1084 1660 1084 2254 1095 1660 1095 1664 1095 2259 1084 2256 1084 1665 1084 2259 1084 1665 1084 1669 1084 2263 1089 2260 1089 1670 1089 2263 1090 1670 1090 1674 1090 2266 1089 2264 1089 1675 1089 2266 1089 1675 1089 1679 1089 2271 1079 2268 1079 1680 1079 2271 1088 1680 1088 1684 1088 2274 1088 2272 1088 1685 1088 2274 1079 1685 1079 1689 1079 2279 1079 2276 1079 1690 1079 2279 1088 1690 1088 1694 1088 2283 1091 2280 1091 1695 1091 2283 1071 1695 1071 1699 1071 2286 1088 2284 1088 1700 1088 2286 1088 1700 1088 1704 1088 1709 1082 2288 1082 1705 1082 2290 1082 2288 1082 1709 1082 1714 1083 2292 1083 1710 1083 2294 1084 2292 1084 1714 1084 2298 1081 2297 1081 1715 1081 2298 1096 1715 1096 1719 1096 2303 1083 2301 1083 1720 1083 2303 1084 1720 1084 1724 1084 2307 1086 2304 1086 1725 1086 2307 1087 1725 1087 1729 1087 1733 1088 2309 1088 1730 1088 2310 1088 2309 1088 1733 1088 1737 1091 2312 1091 1734 1091 2315 1071 2312 1071 1737 1071 2319 1079 2316 1079 1738 1079 2319 1092 1738 1092 1741 1092 2323 1081 2320 1081 1742 1081 2323 1096 1742 1096 1745 1096 2415 1097 2312 1097 2315 1097 2415 1098 2316 1098 2319 1098 2415 1099 2320 1099 2323 1099 2415 1100 2310 1100 2312 1100 2415 1101 2315 1101 2316 1101 2415 1102 2319 1102 2320 1102 2415 1103 2323 1103 2326 1103 2415 1104 2414 1104 2056 1104 2415 1105 2056 1105 2058 1105 2415 1106 2058 1106 2060 1106 2415 1107 2060 1107 2062 1107 2415 1108 2062 1108 2064 1108 2415 1109 2064 1109 2066 1109 2415 1110 2066 1110 2068 1110 2415 1111 2068 1111 2070 1111 2415 1112 2070 1112 2072 1112 2415 1113 2072 1113 2074 1113 2415 1114 2074 1114 2076 1114 2415 1115 2076 1115 2078 1115 2415 1116 2078 1116 2081 1116 2415 1117 2081 1117 2082 1117 2415 1118 2082 1118 2084 1118 2415 1119 2084 1119 2086 1119 2415 1120 2086 1120 2089 1120 2415 1121 2089 1121 2090 1121 2415 1122 2090 1122 2092 1122 2415 1123 2092 1123 2094 1123 2415 1124 2094 1124 2096 1124 2415 1125 2096 1125 2098 1125 2415 1126 2098 1126 2100 1126 2415 1127 2100 1127 2103 1127 2415 1128 2103 1128 2104 1128 2415 1129 2104 1129 2107 1129 2415 1130 2107 1130 2108 1130 2415 1131 2108 1131 2110 1131 2415 1132 2110 1132 2112 1132 2415 1133 2112 1133 2114 1133 2415 1134 2114 1134 2117 1134 2415 1135 2117 1135 2119 1135 2415 1136 2119 1136 2121 1136 2415 1137 2121 1137 2123 1137 2415 1138 2123 1138 2124 1138 2415 1139 2124 1139 2126 1139 2415 1140 2126 1140 2128 1140 2415 1141 2128 1141 2131 1141 2415 1142 2131 1142 2132 1142 2415 1143 2132 1143 2135 1143 2415 1144 2135 1144 2136 1144 2415 1145 2136 1145 2138 1145 2415 1146 2138 1146 2140 1146 2415 1147 2140 1147 2142 1147 2415 1148 2142 1148 2145 1148 2415 1149 2145 1149 2146 1149 2415 1150 2146 1150 2148 1150 2415 1151 2148 1151 2150 1151 2415 1152 2150 1152 2152 1152 2415 1153 2152 1153 2154 1153 2415 1154 2154 1154 2156 1154 2415 1155 2156 1155 2158 1155 2415 1156 2158 1156 2161 1156 2415 1157 2161 1157 2162 1157 2415 1158 2162 1158 2164 1158 2415 1159 2164 1159 2167 1159 2415 1160 2167 1160 2168 1160 2415 1161 2168 1161 2170 1161 2415 1162 2170 1162 2172 1162 2415 1163 2172 1163 2174 1163 2415 1164 2174 1164 2176 1164 2415 1165 2176 1165 2178 1165 2415 1166 2178 1166 2180 1166 2415 1167 2180 1167 2182 1167 2415 1168 2182 1168 2184 1168 2415 1169 2184 1169 2186 1169 2415 1170 2186 1170 2189 1170 2415 1171 2189 1171 2190 1171 2415 1172 2190 1172 2192 1172 2415 1173 2192 1173 2194 1173 2415 1174 2194 1174 2197 1174 2415 1175 2197 1175 2198 1175 2415 1176 2198 1176 2201 1176 2415 1177 2201 1177 2202 1177 2415 1178 2202 1178 2204 1178 2415 1179 2204 1179 2206 1179 2415 1180 2206 1180 2208 1180 2415 1181 2208 1181 2211 1181 2415 1182 2211 1182 2212 1182 2415 1183 2212 1183 2214 1183 2415 1184 2214 1184 2216 1184 2415 1185 2216 1185 2219 1185 2415 1186 2219 1186 2221 1186 2415 1187 2221 1187 2223 1187 2415 1188 2223 1188 2224 1188 2415 1189 2224 1189 2226 1189 2415 1190 2226 1190 2228 1190 2415 1191 2228 1191 2231 1191 2415 1192 2231 1192 2232 1192 2415 1193 2232 1193 2234 1193 2415 1194 2234 1194 2236 1194 2415 1195 2236 1195 2238 1195 2415 1196 2238 1196 2241 1196 2415 1197 2241 1197 2242 1197 2415 1198 2242 1198 2244 1198 2415 1199 2244 1199 2247 1199 2415 1200 2247 1200 2248 1200 2415 1201 2248 1201 2250 1201 2415 1202 2250 1202 2252 1202 2415 1203 2252 1203 2254 1203 2415 1204 2254 1204 2256 1204 2415 1205 2256 1205 2259 1205 2415 1206 2259 1206 2260 1206 2415 1207 2260 1207 2263 1207 2415 1208 2263 1208 2264 1208 2415 1209 2264 1209 2266 1209 2415 1210 2266 1210 2268 1210 2415 1211 2268 1211 2271 1211 2415 1212 2271 1212 2272 1212 2415 1213 2272 1213 2274 1213 2415 1214 2274 1214 2276 1214 2415 1215 2276 1215 2279 1215 2415 1216 2279 1216 2280 1216 2415 1217 2280 1217 2283 1217 2415 1218 2283 1218 2284 1218 2415 1219 2284 1219 2286 1219 2415 1220 2286 1220 2288 1220 2415 1221 2288 1221 2290 1221 2415 1222 2290 1222 2292 1222 2415 1223 2292 1223 2294 1223 2415 1224 2294 1224 2297 1224 2415 1225 2297 1225 2298 1225 2415 1226 2298 1226 2301 1226 2415 1227 2301 1227 2303 1227 2415 1228 2303 1228 2304 1228 2415 1229 2304 1229 2307 1229 2415 1230 2307 1230 2309 1230 2415 1231 2309 1231 2310 1231 2324 1232 2415 1232 2326 1232 1749 1087 2324 1087 1746 1087 2328 1233 2415 1233 2324 1233 2328 1234 2324 1234 1749 1234 2330 1235 2415 1235 2328 1235 1753 1236 2330 1236 1750 1236 2331 1236 2330 1236 1753 1236 2331 1237 2415 1237 2330 1237 2334 1238 2415 1238 2331 1238 2336 1239 2334 1239 1754 1239 2336 1240 1754 1240 1757 1240 1761 1082 2337 1082 1758 1082 2339 1082 2337 1082 1761 1082 2343 1236 2341 1236 1762 1236 2343 1241 1762 1241 1765 1241 2347 1242 2346 1242 1766 1242 2347 1236 1766 1236 1769 1236 2352 1243 2350 1243 1770 1243 2352 1244 1770 1244 1773 1244 2355 1086 2353 1086 1774 1086 2355 1087 1774 1087 1777 1087 2360 1240 2357 1240 1778 1240 2360 1239 1778 1239 1781 1239 2364 1088 2361 1088 1782 1088 2364 1088 1782 1088 1785 1088 2368 1088 2366 1088 1786 1088 2368 1079 1786 1079 1789 1079 2372 1079 2369 1079 1790 1079 2372 1088 1790 1088 1793 1088 2375 1245 2373 1245 1794 1245 2375 1239 1794 1239 1797 1239 2379 1246 2377 1246 1798 1246 2379 1247 1798 1247 1801 1247 2384 1247 2381 1247 1802 1247 2384 1246 1802 1246 1805 1246 2387 1247 2386 1247 1806 1247 2387 1247 1806 1247 1809 1247 2392 1240 2389 1240 1810 1240 2392 1239 1810 1239 1813 1239 2396 1248 2393 1248 1814 1248 2396 1243 1814 1243 1817 1243 1821 1244 2397 1244 1818 1244 2399 1243 2397 1243 1821 1243 1826 1249 2401 1249 1822 1249 2403 1250 2401 1250 1826 1250 2408 1251 2407 1251 1828 1251 2408 1252 1828 1252 1830 1252 1835 1253 2412 1253 1833 1253 2416 1254 2412 1254 1835 1254 2416 1255 2415 1255 2334 1255 2416 1256 2334 1256 2336 1256 2416 1257 2336 1257 2337 1257 2416 1258 2337 1258 2339 1258 2416 1259 2339 1259 2341 1259 2416 1260 2341 1260 2343 1260 2416 1261 2343 1261 2346 1261 2416 1262 2346 1262 2347 1262 2416 1263 2347 1263 2350 1263 2416 1264 2350 1264 2352 1264 2416 1265 2352 1265 2353 1265 2416 1266 2353 1266 2355 1266 2416 1267 2355 1267 2357 1267 2416 1268 2357 1268 2360 1268 2416 1269 2360 1269 2361 1269 2416 1270 2361 1270 2364 1270 2416 1271 2364 1271 2366 1271 2416 1272 2366 1272 2368 1272 2416 1273 2368 1273 2369 1273 2416 1274 2369 1274 2372 1274 2416 1275 2372 1275 2373 1275 2416 1276 2373 1276 2375 1276 2416 1277 2375 1277 2377 1277 2416 1278 2377 1278 2379 1278 2416 1279 2379 1279 2381 1279 2416 1280 2381 1280 2384 1280 2416 1281 2384 1281 2386 1281 2416 1282 2386 1282 2387 1282 2416 1283 2387 1283 2389 1283 2416 1284 2389 1284 2392 1284 2416 1285 2392 1285 2393 1285 2416 1286 2393 1286 2396 1286 2416 1287 2396 1287 2397 1287 2416 1288 2397 1288 2399 1288 2416 1289 2399 1289 2401 1289 2416 1290 2401 1290 2403 1290 2416 1291 2403 1291 2407 1291 2416 1292 2407 1292 2408 1292 2416 1293 2408 1293 2412 1293 2417 8 2418 8 2419 8 2420 1294 2418 1294 2417 1294 2421 1295 2422 1295 2420 1295 2423 8 2421 8 2420 8 2423 1296 2420 1296 2417 1296 998 1297 2418 1297 996 1297 2419 1297 2418 1297 998 1297 2422 1298 2421 1298 1001 1298 2422 1299 1001 1299 1000 1299 2421 1300 1002 1300 1001 1300 2421 1301 2423 1301 1002 1301 2423 1302 999 1302 1002 1302 2423 1302 2417 1302 999 1302 999 1303 2419 1303 998 1303 2417 1303 2419 1303 999 1303 2422 1304 2424 1304 2420 1304 1006 1305 2422 1305 1000 1305 2425 1306 2422 1306 1006 1306 2425 1307 2424 1307 2422 1307 994 1308 2426 1308 995 1308 2427 1309 2426 1309 994 1309 2418 1310 2428 1310 997 1310 2418 1311 997 1311 996 1311 2424 1312 2418 1312 2420 1312 2424 1313 2428 1313 2418 1313 997 1314 2427 1314 994 1314 2428 1314 2427 1314 997 1314 2429 8 2426 8 2427 8 2429 1315 2427 1315 2428 1315 2424 8 2425 8 2429 8 2424 8 2429 8 2428 8 2430 1316 2431 1316 993 1316 2430 1317 993 1317 1728 1317 991 1318 2432 1318 992 1318 2433 1318 2432 1318 991 1318 993 1319 2433 1319 991 1319 2431 1319 2433 1319 993 1319 2432 1320 2433 1320 2431 1320 2430 8 2432 8 2431 8 2434 1321 2435 1321 990 1321 2434 1321 990 1321 1723 1321 988 1322 2436 1322 989 1322 2437 1322 2436 1322 988 1322 2435 1323 988 1323 990 1323 2435 1323 2437 1323 988 1323 2436 1324 2437 1324 2435 1324 2434 8 2436 8 2435 8 2438 1325 2439 1325 987 1325 2438 1326 987 1326 1718 1326 985 1327 2440 1327 986 1327 2441 1327 2440 1327 985 1327 2439 1314 985 1314 987 1314 2439 1314 2441 1314 985 1314 2440 1328 2441 1328 2439 1328 2438 8 2440 8 2439 8 2442 1329 2443 1329 984 1329 2442 1329 984 1329 1713 1329 982 1330 2444 1330 983 1330 2445 1331 2444 1331 982 1331 2443 1332 982 1332 984 1332 2443 1333 2445 1333 982 1333 2444 1334 2445 1334 2443 1334 2442 8 2444 8 2443 8 2446 1335 2447 1335 981 1335 2446 1335 981 1335 1708 1335 979 1336 2448 1336 980 1336 2449 1337 2448 1337 979 1337 2447 1314 979 1314 981 1314 2447 1338 2449 1338 979 1338 2448 1339 2449 1339 2447 1339 2446 8 2448 8 2447 8 2450 1340 2451 1340 978 1340 2450 1341 978 1341 1703 1341 976 1342 2452 1342 977 1342 2453 1342 2452 1342 976 1342 2451 1343 976 1343 978 1343 2451 1344 2453 1344 976 1344 2452 1345 2453 1345 2451 1345 2450 8 2452 8 2451 8 1698 1346 2454 1346 975 1346 2455 1347 2454 1347 1698 1347 973 1348 2456 1348 974 1348 2457 1349 2456 1349 973 1349 2454 1333 973 1333 975 1333 2454 1332 2457 1332 973 1332 2456 1350 2457 1350 2454 1350 2455 8 2456 8 2454 8 2458 1351 2459 1351 972 1351 2458 1352 972 1352 1693 1352 2460 1353 2461 1353 971 1353 2460 1354 971 1354 970 1354 972 1344 2460 1344 970 1344 2459 1343 2460 1343 972 1343 2461 1355 2460 1355 2459 1355 2458 8 2461 8 2459 8 2462 1356 2463 1356 969 1356 2462 1356 969 1356 1688 1356 2464 1357 2465 1357 968 1357 2464 1358 968 1358 967 1358 969 1319 2464 1319 967 1319 2463 1333 2464 1333 969 1333 2465 1359 2464 1359 2463 1359 2462 8 2465 8 2463 8 2466 1360 2467 1360 966 1360 2466 1361 966 1361 1683 1361 2468 1362 2469 1362 965 1362 2468 1362 965 1362 964 1362 966 1363 2468 1363 964 1363 2467 1364 2468 1364 966 1364 2469 1365 2468 1365 2467 1365 2466 8 2469 8 2467 8 2470 1366 2471 1366 963 1366 2470 1366 963 1366 1678 1366 961 1367 2472 1367 962 1367 2473 1368 2472 1368 961 1368 963 1369 2473 1369 961 1369 2471 1314 2473 1314 963 1314 2472 1370 2473 1370 2471 1370 2470 8 2472 8 2471 8 2474 1371 2475 1371 960 1371 2474 1371 960 1371 1673 1371 958 1372 2476 1372 959 1372 2477 1373 2476 1373 958 1373 960 1364 2477 1364 958 1364 2475 1363 2477 1363 960 1363 2476 1374 2477 1374 2475 1374 2474 8 2476 8 2475 8 2478 1375 2479 1375 957 1375 2478 1376 957 1376 1668 1376 955 1377 2480 1377 956 1377 2481 1378 2480 1378 955 1378 957 1338 2481 1338 955 1338 2479 1314 2481 1314 957 1314 2480 1379 2481 1379 2479 1379 2478 8 2480 8 2479 8 2482 1380 2483 1380 954 1380 2482 1380 954 1380 1663 1380 2484 1381 2485 1381 953 1381 2484 1381 953 1381 952 1381 954 1382 2484 1382 952 1382 2483 1323 2484 1323 954 1323 2485 1383 2484 1383 2483 1383 2482 8 2485 8 2483 8 2486 1384 2487 1384 951 1384 2486 1385 951 1385 1658 1385 2488 1386 2489 1386 950 1386 2488 1386 950 1386 949 1386 951 1323 2488 1323 949 1323 2487 1323 2488 1323 951 1323 2489 1387 2488 1387 2487 1387 2486 8 2489 8 2487 8 2490 1388 2491 1388 948 1388 2490 1388 948 1388 1653 1388 946 1389 2492 1389 947 1389 2493 1390 2492 1390 946 1390 948 1369 2493 1369 946 1369 2491 1314 2493 1314 948 1314 2492 1391 2493 1391 2491 1391 2490 8 2492 8 2491 8 2494 1392 2495 1392 945 1392 2494 1393 945 1393 1648 1393 943 1394 2496 1394 944 1394 2497 1395 2496 1395 943 1395 945 1323 2497 1323 943 1323 2495 1382 2497 1382 945 1382 2496 1396 2497 1396 2495 1396 2494 8 2496 8 2495 8 2498 1397 2499 1397 942 1397 2498 1397 942 1397 1643 1397 2500 1398 2501 1398 941 1398 2500 1398 941 1398 940 1398 942 1338 2500 1338 940 1338 2499 1338 2500 1338 942 1338 2501 1399 2500 1399 2499 1399 2498 8 2501 8 2499 8 2502 1400 2503 1400 939 1400 2502 1401 939 1401 1638 1401 937 1402 2504 1402 938 1402 2505 1403 2504 1403 937 1403 2503 1319 937 1319 939 1319 2503 1319 2505 1319 937 1319 2504 1404 2505 1404 2503 1404 2502 8 2504 8 2503 8 2506 1405 2507 1405 936 1405 2506 1405 936 1405 1633 1405 934 1406 2508 1406 935 1406 2509 1406 2508 1406 934 1406 2507 1369 934 1369 936 1369 2507 1314 2509 1314 934 1314 2508 1407 2509 1407 2507 1407 2506 1408 2508 1408 2507 1408 2510 1409 2511 1409 933 1409 2510 1410 933 1410 1628 1410 931 1411 2512 1411 932 1411 2513 1412 2512 1412 931 1412 2511 1319 931 1319 933 1319 2511 1319 2513 1319 931 1319 2512 1413 2513 1413 2511 1413 2510 8 2512 8 2511 8 2514 1414 2515 1414 930 1414 2514 1415 930 1415 1623 1415 2516 1416 2517 1416 929 1416 2516 1416 929 1416 928 1416 2515 1319 928 1319 930 1319 2515 1333 2516 1333 928 1333 2517 1417 2516 1417 2515 1417 2514 8 2517 8 2515 8 2518 1418 2519 1418 927 1418 2518 1419 927 1419 1618 1419 925 1420 2520 1420 926 1420 2521 1420 2520 1420 925 1420 2519 1314 925 1314 927 1314 2519 1369 2521 1369 925 1369 2520 1421 2521 1421 2519 1421 2518 8 2520 8 2519 8 2522 1422 2523 1422 924 1422 2522 1423 924 1423 1613 1423 2524 1424 2525 1424 923 1424 2524 1425 923 1425 922 1425 924 1426 2524 1426 922 1426 2523 1427 2524 1427 924 1427 2525 1428 2524 1428 2523 1428 2522 8 2525 8 2523 8 2526 1429 2527 1429 921 1429 2526 1429 921 1429 1608 1429 2528 1430 2529 1430 920 1430 2528 1431 920 1431 919 1431 2527 1333 919 1333 921 1333 2527 1333 2528 1333 919 1333 2529 1432 2528 1432 2527 1432 2526 8 2529 8 2527 8 2530 1433 2531 1433 918 1433 2530 1433 918 1433 1603 1433 2532 1434 2533 1434 917 1434 2532 1435 917 1435 916 1435 2531 1338 916 1338 918 1338 2531 1314 2532 1314 916 1314 2533 1436 2532 1436 2531 1436 2530 8 2533 8 2531 8 2534 1437 2535 1437 915 1437 2534 1437 915 1437 1598 1437 2536 1438 2537 1438 914 1438 2536 1438 914 1438 913 1438 915 1319 2536 1319 913 1319 2535 1332 2536 1332 915 1332 2537 1439 2536 1439 2535 1439 2534 8 2537 8 2535 8 2538 1440 2539 1440 912 1440 2538 1440 912 1440 1593 1440 2540 1441 2541 1441 911 1441 2540 1441 911 1441 910 1441 2539 1314 910 1314 912 1314 2539 1314 2540 1314 910 1314 2541 1442 2540 1442 2539 1442 2538 8 2541 8 2539 8 2542 1443 2543 1443 909 1443 2542 1444 909 1444 1588 1444 907 1445 2544 1445 908 1445 2545 1446 2544 1446 907 1446 909 1447 2545 1447 907 1447 2543 1448 2545 1448 909 1448 2544 1449 2545 1449 2543 1449 2542 8 2544 8 2543 8 2546 1450 2547 1450 906 1450 2546 1451 906 1451 1583 1451 2548 1452 2549 1452 905 1452 2548 1452 905 1452 904 1452 2547 1319 904 1319 906 1319 2547 1319 2548 1319 904 1319 2549 1453 2548 1453 2547 1453 2546 8 2549 8 2547 8 2550 1454 2551 1454 903 1454 2550 1454 903 1454 1578 1454 2552 1455 2553 1455 902 1455 2552 1455 902 1455 901 1455 903 1314 2552 1314 901 1314 2551 1314 2552 1314 903 1314 2553 1456 2552 1456 2551 1456 2550 8 2553 8 2551 8 1573 1457 2554 1457 900 1457 2555 1457 2554 1457 1573 1457 2556 1458 2557 1458 899 1458 2556 1458 899 1458 898 1458 2554 1459 898 1459 900 1459 2554 1382 2556 1382 898 1382 2557 1460 2556 1460 2554 1460 2555 8 2557 8 2554 8 2558 1461 2559 1461 897 1461 2558 1462 897 1462 1568 1462 895 1463 2560 1463 896 1463 2561 1463 2560 1463 895 1463 897 1464 2561 1464 895 1464 2559 1464 2561 1464 897 1464 2560 1465 2561 1465 2559 1465 2558 8 2560 8 2559 8 2562 1466 2563 1466 894 1466 2562 1467 894 1467 1563 1467 2564 1468 2565 1468 893 1468 2564 1468 893 1468 892 1468 2563 1323 892 1323 894 1323 2563 1323 2564 1323 892 1323 2565 1469 2564 1469 2563 1469 2562 8 2565 8 2563 8 1558 1470 2566 1470 891 1470 2567 1471 2566 1471 1558 1471 889 1472 2568 1472 890 1472 2569 1473 2568 1473 889 1473 891 1447 2569 1447 889 1447 2566 1447 2569 1447 891 1447 2568 1474 2569 1474 2566 1474 2567 8 2568 8 2566 8 2570 1475 2571 1475 888 1475 2570 1476 888 1476 1553 1476 2572 1477 2573 1477 887 1477 2572 1478 887 1478 886 1478 888 1314 2572 1314 886 1314 2571 1314 2572 1314 888 1314 2573 1479 2572 1479 2571 1479 2570 8 2573 8 2571 8 2574 1480 2575 1480 885 1480 2574 1481 885 1481 1548 1481 883 1482 2576 1482 884 1482 2577 1482 2576 1482 883 1482 2575 1333 883 1333 885 1333 2575 1319 2577 1319 883 1319 2576 1483 2577 1483 2575 1483 2574 8 2576 8 2575 8 2578 1484 2579 1484 882 1484 2578 1485 882 1485 1543 1485 2580 1486 2581 1486 881 1486 2580 1486 881 1486 880 1486 882 1314 2580 1314 880 1314 2579 1338 2580 1338 882 1338 2581 1487 2580 1487 2579 1487 2578 8 2581 8 2579 8 2582 1488 2583 1488 879 1488 2582 1488 879 1488 1538 1488 877 1489 2584 1489 878 1489 2585 1489 2584 1489 877 1489 2583 1490 877 1490 879 1490 2583 1314 2585 1314 877 1314 2584 1491 2585 1491 2583 1491 2582 8 2584 8 2583 8 2586 1492 2587 1492 876 1492 2586 1492 876 1492 1533 1492 2588 1493 2589 1493 875 1493 2588 1494 875 1494 874 1494 876 1495 2588 1495 874 1495 2587 1496 2588 1496 876 1496 2589 1497 2588 1497 2587 1497 2586 8 2589 8 2587 8 2590 1498 2591 1498 873 1498 2590 1498 873 1498 1528 1498 871 1499 2592 1499 872 1499 2593 1500 2592 1500 871 1500 2591 1490 871 1490 873 1490 2591 1501 2593 1501 871 1501 2592 1502 2593 1502 2591 1502 2590 1503 2592 1503 2591 1503 2594 1504 2595 1504 870 1504 2594 1505 870 1505 1523 1505 2596 1506 2597 1506 869 1506 2596 1507 869 1507 868 1507 870 1333 2596 1333 868 1333 2595 1495 2596 1495 870 1495 2597 1508 2596 1508 2595 1508 2594 8 2597 8 2595 8 2598 1509 2599 1509 867 1509 2598 1510 867 1510 1518 1510 2600 1511 2601 1511 866 1511 2600 1512 866 1512 865 1512 867 1496 2600 1496 865 1496 2599 1319 2600 1319 867 1319 2601 1513 2600 1513 2599 1513 2598 8 2601 8 2599 8 2602 1514 2603 1514 864 1514 2602 1514 864 1514 1513 1514 2604 1515 2605 1515 863 1515 2604 1516 863 1516 862 1516 2603 1490 862 1490 864 1490 2603 1501 2604 1501 862 1501 2605 1517 2604 1517 2603 1517 2602 8 2605 8 2603 8 2606 1518 2607 1518 861 1518 2606 1519 861 1519 1508 1519 2608 1520 2609 1520 860 1520 2608 1521 860 1521 859 1521 861 1495 2608 1495 859 1495 2607 1319 2608 1319 861 1319 2609 1522 2608 1522 2607 1522 2606 1523 2609 1523 2607 1523 2610 1524 2611 1524 858 1524 2610 1525 858 1525 1503 1525 2612 1526 2613 1526 857 1526 2612 1526 857 1526 856 1526 2611 1314 856 1314 858 1314 2611 1314 2612 1314 856 1314 2613 1527 2612 1527 2611 1527 2610 8 2613 8 2611 8 2614 1528 2615 1528 855 1528 2614 1529 855 1529 1498 1529 853 1530 2616 1530 854 1530 2617 1531 2616 1531 853 1531 855 1532 2617 1532 853 1532 2615 1382 2617 1382 855 1382 2616 1533 2617 1533 2615 1533 2614 8 2616 8 2615 8 2618 1534 2619 1534 852 1534 2618 1535 852 1535 1493 1535 2620 1536 2621 1536 851 1536 2620 1537 851 1537 850 1537 852 1495 2620 1495 850 1495 2619 1496 2620 1496 852 1496 2621 1538 2620 1538 2619 1538 2618 8 2621 8 2619 8 2622 1539 2623 1539 849 1539 2622 1540 849 1540 1488 1540 2624 1541 2625 1541 848 1541 2624 1542 848 1542 847 1542 849 1532 2624 1532 847 1532 2623 1323 2624 1323 849 1323 2625 1543 2624 1543 2623 1543 2622 8 2625 8 2623 8 2626 1544 2627 1544 846 1544 2626 1545 846 1545 1483 1545 844 1546 2628 1546 845 1546 2629 1547 2628 1547 844 1547 846 1548 2629 1548 844 1548 2627 1548 2629 1548 846 1548 2628 1549 2629 1549 2627 1549 2626 8 2628 8 2627 8 2630 1550 2631 1550 843 1550 2630 1550 843 1550 1478 1550 2632 1551 2633 1551 842 1551 2632 1552 842 1552 841 1552 843 1553 2632 1553 841 1553 2631 1554 2632 1554 843 1554 2633 1555 2632 1555 2631 1555 2630 8 2633 8 2631 8 2634 1556 2635 1556 840 1556 2634 1556 840 1556 1473 1556 838 1557 2636 1557 839 1557 2637 1557 2636 1557 838 1557 840 1558 2637 1558 838 1558 2635 1344 2637 1344 840 1344 2636 1559 2637 1559 2635 1559 2634 8 2636 8 2635 8 2638 1560 2639 1560 837 1560 2638 1561 837 1561 1468 1561 835 1562 2640 1562 836 1562 2641 1562 2640 1562 835 1562 837 1501 2641 1501 835 1501 2639 1314 2641 1314 837 1314 2640 1563 2641 1563 2639 1563 2638 8 2640 8 2639 8 2642 1564 2643 1564 834 1564 2642 1565 834 1565 1463 1565 832 1566 2644 1566 833 1566 2645 1567 2644 1567 832 1567 2643 1490 832 1490 834 1490 2643 1314 2645 1314 832 1314 2644 1568 2645 1568 2643 1568 2642 8 2644 8 2643 8 2646 1569 2647 1569 831 1569 2646 1569 831 1569 1458 1569 829 1570 2648 1570 830 1570 2649 1571 2648 1571 829 1571 2647 1323 829 1323 831 1323 2647 1532 2649 1532 829 1532 2648 1572 2649 1572 2647 1572 2646 8 2648 8 2647 8 2650 1573 2651 1573 828 1573 2650 1574 828 1574 1453 1574 826 1575 2652 1575 827 1575 2653 1575 2652 1575 826 1575 2651 1548 826 1548 828 1548 2651 1548 2653 1548 826 1548 2652 1576 2653 1576 2651 1576 2650 8 2652 8 2651 8 2654 1577 2655 1577 825 1577 2654 1578 825 1578 1448 1578 2656 1579 2657 1579 824 1579 2656 1580 824 1580 823 1580 2655 1496 823 1496 825 1496 2655 1319 2656 1319 823 1319 2657 1581 2656 1581 2655 1581 2654 1582 2657 1582 2655 1582 2658 1583 2659 1583 822 1583 2658 1584 822 1584 1443 1584 820 1585 2660 1585 821 1585 2661 1586 2660 1586 820 1586 2659 1496 820 1496 822 1496 2659 1495 2661 1495 820 1495 2660 1587 2661 1587 2659 1587 2658 8 2660 8 2659 8 2662 1588 2663 1588 819 1588 2662 1589 819 1589 1438 1589 817 1590 2664 1590 818 1590 2665 1591 2664 1591 817 1591 2663 1501 817 1501 819 1501 2663 1314 2665 1314 817 1314 2664 1592 2665 1592 2663 1592 2662 8 2664 8 2663 8 2666 1593 2667 1593 814 1593 2666 1594 814 1594 1433 1594 812 1595 2668 1595 813 1595 2669 1595 2668 1595 812 1595 2667 1495 812 1495 814 1495 2667 1333 2669 1333 812 1333 2668 1596 2669 1596 2667 1596 2666 8 2668 8 2667 8 2670 1597 2671 1597 811 1597 2670 1598 811 1598 1428 1598 2672 1599 2673 1599 810 1599 2672 1600 810 1600 809 1600 811 1501 2672 1501 809 1501 2671 1314 2672 1314 811 1314 2673 1601 2672 1601 2671 1601 2670 8 2673 8 2671 8 2674 1602 2675 1602 808 1602 2674 1602 808 1602 1423 1602 806 1603 2676 1603 807 1603 2677 1604 2676 1604 806 1604 808 1319 2677 1319 806 1319 2675 1495 2677 1495 808 1495 2676 1605 2677 1605 2675 1605 2674 1606 2676 1606 2675 1606 2678 1607 2679 1607 805 1607 2678 1608 805 1608 1418 1608 803 1609 2680 1609 804 1609 2681 1610 2680 1610 803 1610 805 1333 2681 1333 803 1333 2679 1495 2681 1495 805 1495 2680 1611 2681 1611 2679 1611 2678 8 2680 8 2679 8 2682 1612 2683 1612 802 1612 2682 1613 802 1613 1413 1613 800 1614 2684 1614 801 1614 2685 1615 2684 1615 800 1615 802 1314 2685 1314 800 1314 2683 1501 2685 1501 802 1501 2684 1616 2685 1616 2683 1616 2682 8 2684 8 2683 8 2686 1617 2687 1617 799 1617 2686 1618 799 1618 1408 1618 797 1619 2688 1619 798 1619 2689 1620 2688 1620 797 1620 799 1323 2689 1323 797 1323 2687 1532 2689 1532 799 1532 2688 1621 2689 1621 2687 1621 2690 1622 2688 1622 2687 1622 2686 8 2690 8 2687 8 2691 1623 2692 1623 796 1623 2691 1623 796 1623 1403 1623 794 1624 2693 1624 795 1624 2694 1625 2693 1625 794 1625 796 1490 2694 1490 794 1490 2692 1501 2694 1501 796 1501 2693 1626 2694 1626 2692 1626 2691 8 2693 8 2692 8 2695 1627 2696 1627 793 1627 2695 1564 793 1564 1398 1564 791 1628 2697 1628 792 1628 2698 1628 2697 1628 791 1628 793 1314 2698 1314 791 1314 2696 1501 2698 1501 793 1501 2697 1629 2698 1629 2696 1629 2695 1630 2697 1630 2696 1630 1393 1631 2699 1631 790 1631 2700 1632 2699 1632 1393 1632 788 1633 2701 1633 789 1633 2702 1633 2701 1633 788 1633 790 1532 2702 1532 788 1532 2699 1382 2702 1382 790 1382 2701 1634 2702 1634 2699 1634 2700 1635 2701 1635 2699 1635 2703 1545 2704 1545 787 1545 2703 1540 787 1540 1388 1540 2705 1636 2706 1636 786 1636 2705 1637 786 1637 785 1637 787 1554 2705 1554 785 1554 2704 1638 2705 1638 787 1638 2706 1639 2705 1639 2704 1639 2703 8 2706 8 2704 8 2707 1640 2708 1640 784 1640 2707 1640 784 1640 1383 1640 782 1641 2709 1641 783 1641 2710 1642 2709 1642 782 1642 784 1643 2710 1643 782 1643 2708 1532 2710 1532 784 1532 2709 1644 2710 1644 2708 1644 2707 8 2709 8 2708 8 2711 1645 2712 1645 781 1645 2711 1646 781 1646 1378 1646 2713 1647 2714 1647 780 1647 2713 1647 780 1647 779 1647 781 1548 2713 1548 779 1548 2712 1448 2713 1448 781 1448 2714 1648 2713 1648 2712 1648 2711 1649 2714 1649 2712 1649 1373 1650 2715 1650 778 1650 2716 1650 2715 1650 1373 1650 2717 1651 2718 1651 777 1651 2717 1651 777 1651 776 1651 2715 1314 776 1314 778 1314 2715 1501 2717 1501 776 1501 2718 1652 2717 1652 2715 1652 2716 8 2718 8 2715 8 2719 1653 2720 1653 775 1653 2719 1654 775 1654 1368 1654 2721 1655 2722 1655 774 1655 2721 1656 774 1656 773 1656 2720 1447 773 1447 775 1447 2720 1548 2721 1548 773 1548 2722 1657 2721 1657 2720 1657 2719 8 2722 8 2720 8 2723 1658 2724 1658 772 1658 2723 1659 772 1659 1363 1659 2725 1660 2726 1660 771 1660 2725 1661 771 1661 770 1661 2724 1314 770 1314 772 1314 2724 1490 2725 1490 770 1490 2726 1662 2725 1662 2724 1662 2723 1663 2726 1663 2724 1663 2727 1664 2728 1664 769 1664 2727 1665 769 1665 1358 1665 2729 1666 2730 1666 768 1666 2729 1667 768 1667 767 1667 2728 1364 767 1364 769 1364 2728 1364 2729 1364 767 1364 2730 1668 2729 1668 2728 1668 2727 8 2730 8 2728 8 2731 1669 2732 1669 766 1669 2731 1670 766 1670 1353 1670 2733 1671 2734 1671 765 1671 2733 1672 765 1672 764 1672 2732 1496 764 1496 766 1496 2732 1319 2733 1319 764 1319 2734 1673 2733 1673 2732 1673 2731 8 2734 8 2732 8 2735 1674 2736 1674 763 1674 2735 1674 763 1674 1348 1674 2737 1675 2738 1675 762 1675 2737 1676 762 1676 761 1676 2736 1496 761 1496 763 1496 2736 1319 2737 1319 761 1319 2738 1677 2737 1677 2736 1677 2735 8 2738 8 2736 8 2739 1678 2740 1678 760 1678 2739 1679 760 1679 1343 1679 2741 1680 2742 1680 759 1680 2741 1680 759 1680 758 1680 2740 1319 758 1319 760 1319 2740 1319 2741 1319 758 1319 2742 1681 2741 1681 2740 1681 2739 8 2742 8 2740 8 2743 1682 2744 1682 757 1682 2743 1682 757 1682 1338 1682 2745 1683 2746 1683 756 1683 2745 1683 756 1683 755 1683 757 1314 2745 1314 755 1314 2744 1314 2745 1314 757 1314 2746 1684 2745 1684 2744 1684 2743 8 2746 8 2744 8 1333 1685 2747 1685 754 1685 2748 1686 2747 1686 1333 1686 2749 1687 2750 1687 753 1687 2749 1688 753 1688 752 1688 2747 1501 752 1501 754 1501 2747 1314 2749 1314 752 1314 2750 1689 2749 1689 2747 1689 2748 8 2750 8 2747 8 2751 1690 2752 1690 751 1690 2751 1691 751 1691 1328 1691 2753 1692 2754 1692 750 1692 2753 1693 750 1693 749 1693 2752 1314 749 1314 751 1314 2752 1501 2753 1501 749 1501 2754 1694 2753 1694 2752 1694 2751 8 2754 8 2752 8 1323 1695 2755 1695 748 1695 2756 1696 2755 1696 1323 1696 2757 1697 2758 1697 747 1697 2757 1698 747 1698 746 1698 2755 1314 746 1314 748 1314 2755 1314 2757 1314 746 1314 2758 1699 2757 1699 2755 1699 2756 8 2758 8 2755 8 1318 1700 2759 1700 745 1700 2760 1701 2759 1701 1318 1701 2761 1702 2762 1702 744 1702 2761 1703 744 1703 743 1703 745 1496 2761 1496 743 1496 2759 1319 2761 1319 745 1319 2762 1704 2761 1704 2759 1704 2760 8 2762 8 2759 8 2763 1705 2764 1705 742 1705 2763 1705 742 1705 1313 1705 2765 1706 2766 1706 741 1706 2765 1707 741 1707 740 1707 2764 1333 740 1333 742 1333 2764 1319 2765 1319 740 1319 2766 1708 2765 1708 2764 1708 2763 8 2766 8 2764 8 2767 1709 2768 1709 739 1709 2767 1710 739 1710 1308 1710 2769 1711 2770 1711 738 1711 2769 1712 738 1712 737 1712 2768 1323 737 1323 739 1323 2768 1323 2769 1323 737 1323 2770 1713 2769 1713 2768 1713 2767 8 2770 8 2768 8 2771 1714 2772 1714 736 1714 2771 1715 736 1715 1303 1715 2773 1716 2774 1716 735 1716 2773 1716 735 1716 734 1716 2772 1323 734 1323 736 1323 2772 1323 2773 1323 734 1323 2774 1717 2773 1717 2772 1717 2771 8 2774 8 2772 8 2775 1718 2776 1718 733 1718 2775 1719 733 1719 1298 1719 2777 1720 2778 1720 732 1720 2777 1720 732 1720 731 1720 733 1501 2777 1501 731 1501 2776 1490 2777 1490 733 1490 2778 1721 2777 1721 2776 1721 2775 1722 2778 1722 2776 1722 1293 1723 2779 1723 730 1723 2780 1724 2779 1724 1293 1724 2781 1725 2782 1725 729 1725 2781 1726 729 1726 728 1726 2779 1323 728 1323 730 1323 2779 1643 2781 1643 728 1643 2782 1727 2781 1727 2779 1727 2780 1728 2782 1728 2779 1728 2783 1729 2784 1729 727 1729 2783 1729 727 1729 1288 1729 2785 1730 2786 1730 726 1730 2785 1730 726 1730 725 1730 2784 1314 725 1314 727 1314 2784 1501 2785 1501 725 1501 2786 1731 2785 1731 2784 1731 2783 8 2786 8 2784 8 2787 1732 2788 1732 724 1732 2787 1733 724 1733 1283 1733 2789 1734 2790 1734 723 1734 2789 1735 723 1735 722 1735 2788 1319 722 1319 724 1319 2788 1496 2789 1496 722 1496 2790 1736 2789 1736 2788 1736 2787 8 2790 8 2788 8 2791 1737 2792 1737 721 1737 2791 1738 721 1738 1278 1738 2793 1739 2794 1739 720 1739 2793 1740 720 1740 719 1740 2792 1323 719 1323 721 1323 2792 1643 2793 1643 719 1643 2794 1741 2793 1741 2792 1741 2791 1742 2794 1742 2792 1742 2795 1743 2796 1743 717 1743 2795 1743 717 1743 1273 1743 2797 1744 2798 1744 716 1744 2797 1744 716 1744 715 1744 2796 1558 715 1558 717 1558 2796 1343 2797 1343 715 1343 2798 1745 2797 1745 2796 1745 2795 8 2798 8 2796 8 2799 1746 2800 1746 714 1746 2799 1746 714 1746 1268 1746 2801 1747 2802 1747 713 1747 2801 1747 713 1747 712 1747 2800 1495 712 1495 714 1495 2800 1496 2801 1496 712 1496 2802 1748 2801 1748 2800 1748 2799 8 2802 8 2800 8 2803 1749 2804 1749 711 1749 2803 1750 711 1750 1263 1750 2805 1751 2806 1751 710 1751 2805 1752 710 1752 709 1752 2804 1558 709 1558 711 1558 2804 1343 2805 1343 709 1343 2806 1753 2805 1753 2804 1753 2803 1754 2806 1754 2804 1754 2807 1481 2808 1481 708 1481 2807 1755 708 1755 1258 1755 2809 1756 2810 1756 707 1756 2809 1756 707 1756 706 1756 2808 1314 706 1314 708 1314 2808 1314 2809 1314 706 1314 2810 1757 2809 1757 2808 1757 2807 8 2810 8 2808 8 2811 1758 2812 1758 705 1758 2811 1758 705 1758 1253 1758 2813 1759 2814 1759 704 1759 2813 1759 704 1759 703 1759 2812 1364 703 1364 705 1364 2812 1760 2813 1760 703 1760 2814 1761 2813 1761 2812 1761 2811 8 2814 8 2812 8 2815 1762 2816 1762 702 1762 2815 1762 702 1762 1248 1762 2817 1763 2818 1763 701 1763 2817 1764 701 1764 700 1764 2816 1314 700 1314 702 1314 2816 1501 2817 1501 700 1501 2818 1765 2817 1765 2816 1765 2815 8 2818 8 2816 8 2819 1766 2820 1766 699 1766 2819 1766 699 1766 1243 1766 2821 1767 2822 1767 698 1767 2821 1767 698 1767 697 1767 2820 1364 697 1364 699 1364 2820 1363 2821 1363 697 1363 2822 1768 2821 1768 2820 1768 2819 8 2822 8 2820 8 2823 1769 2824 1769 696 1769 2823 1769 696 1769 1238 1769 2825 1770 2826 1770 695 1770 2825 1771 695 1771 694 1771 2824 1501 694 1501 696 1501 2824 1314 2825 1314 694 1314 2826 1772 2825 1772 2824 1772 2823 8 2826 8 2824 8 1233 1773 2827 1773 693 1773 2828 1774 2827 1774 1233 1774 2829 1775 2830 1775 692 1775 2829 1776 692 1776 691 1776 2827 1501 691 1501 693 1501 2827 1314 2829 1314 691 1314 2830 1777 2829 1777 2827 1777 2828 8 2830 8 2827 8 2831 1778 2832 1778 690 1778 2831 1778 690 1778 1228 1778 2833 1779 2834 1779 689 1779 2833 1780 689 1780 688 1780 2832 1496 688 1496 690 1496 2832 1495 2833 1495 688 1495 2834 1781 2833 1781 2832 1781 2831 8 2834 8 2832 8 2835 1782 2836 1782 687 1782 2835 1783 687 1783 1223 1783 2837 1784 2838 1784 686 1784 2837 1785 686 1785 685 1785 2836 1314 685 1314 687 1314 2836 1314 2837 1314 685 1314 2838 1786 2837 1786 2836 1786 2835 8 2838 8 2836 8 2839 1787 2840 1787 684 1787 2839 1788 684 1788 1218 1788 2841 1789 2842 1789 683 1789 2841 1789 683 1789 682 1789 2840 1323 682 1323 684 1323 2840 1323 2841 1323 682 1323 2842 1790 2841 1790 2840 1790 2839 8 2842 8 2840 8 2843 1791 2844 1791 681 1791 2843 1792 681 1792 1213 1792 2845 1793 2846 1793 680 1793 2845 1794 680 1794 679 1794 2844 1323 679 1323 681 1323 2844 1323 2845 1323 679 1323 2846 1795 2845 1795 2844 1795 2843 8 2846 8 2844 8 2847 1796 2848 1796 678 1796 2847 1796 678 1796 1208 1796 2849 1797 2850 1797 677 1797 2849 1798 677 1798 676 1798 2848 1643 676 1643 678 1643 2848 1532 2849 1532 676 1532 2850 1799 2849 1799 2848 1799 2847 8 2850 8 2848 8 2851 1800 2852 1800 675 1800 2851 1801 675 1801 1203 1801 2853 1802 2854 1802 674 1802 2853 1802 674 1802 673 1802 2852 1323 673 1323 675 1323 2852 1323 2853 1323 673 1323 2854 1803 2853 1803 2852 1803 2851 8 2854 8 2852 8 2855 1804 2856 1804 672 1804 2855 1805 672 1805 1198 1805 2857 1806 2858 1806 671 1806 2857 1807 671 1807 670 1807 2856 1501 670 1501 672 1501 2856 1314 2857 1314 670 1314 2858 1808 2857 1808 2856 1808 2855 1809 2858 1809 2856 1809 2859 1810 2860 1810 669 1810 2859 1811 669 1811 1193 1811 2861 1812 2862 1812 668 1812 2861 1812 668 1812 667 1812 2860 1323 667 1323 669 1323 2860 1382 2861 1382 667 1382 2862 1813 2861 1813 2860 1813 2859 1814 2862 1814 2860 1814 1188 1815 2863 1815 666 1815 2864 1815 2863 1815 1188 1815 2865 132 664 132 663 132 2865 132 2866 132 664 132 664 1816 2867 1816 665 1816 2866 1817 2867 1817 664 1817 666 1314 2865 1314 663 1314 2863 1490 2865 1490 666 1490 2867 8 2866 8 2865 8 2867 1818 2865 1818 2863 1818 2864 8 2867 8 2863 8 2868 1819 2869 1819 662 1819 2868 1820 662 1820 1183 1820 2870 132 660 132 659 132 2870 1821 2871 1821 660 1821 660 1822 2872 1822 661 1822 2871 1823 2872 1823 660 1823 2869 1495 659 1495 662 1495 2869 1319 2870 1319 659 1319 2872 8 2871 8 2870 8 2872 1824 2870 1824 2869 1824 2868 8 2872 8 2869 8 2873 1825 2874 1825 658 1825 2873 1826 658 1826 1178 1826 655 132 2875 132 656 132 2876 1821 2875 1821 655 1821 656 1827 2877 1827 657 1827 2875 1827 2877 1827 656 1827 2874 1495 655 1495 658 1495 2874 1495 2876 1495 655 1495 2877 1828 2875 1828 2876 1828 2877 1829 2876 1829 2874 1829 2873 8 2877 8 2874 8 2878 1830 2879 1830 653 1830 2878 1830 653 1830 654 1830 650 131 2880 131 651 131 2881 131 2880 131 650 131 651 1831 2882 1831 652 1831 2880 1831 2882 1831 651 1831 653 1490 2881 1490 650 1490 2879 1314 2881 1314 653 1314 2882 8 2880 8 2881 8 2882 1832 2881 1832 2879 1832 2878 8 2882 8 2879 8 2883 1833 2884 1833 647 1833 2883 1833 647 1833 648 1833 645 132 2885 132 646 132 2886 132 2885 132 645 132 646 1834 2887 1834 649 1834 2885 1835 2887 1835 646 1835 647 1495 2886 1495 645 1495 2884 1319 2886 1319 647 1319 2885 1836 2886 1836 2884 1836 2887 8 2885 8 2884 8 2883 8 2887 8 2884 8 2888 1837 2889 1837 642 1837 2888 1838 642 1838 643 1838 2890 1839 641 1839 640 1839 2890 131 2891 131 641 131 641 1840 2892 1840 644 1840 2891 1841 2892 1841 641 1841 642 1490 2890 1490 640 1490 2889 1490 2890 1490 642 1490 2891 1842 2890 1842 2889 1842 2892 8 2891 8 2889 8 2888 8 2892 8 2889 8 2893 1843 2894 1843 637 1843 2893 1844 637 1844 638 1844 2895 131 636 131 635 131 2895 131 2896 131 636 131 2896 1845 2897 1845 639 1845 2896 1846 639 1846 636 1846 637 1490 2895 1490 635 1490 2894 1314 2895 1314 637 1314 2896 1847 2895 1847 2894 1847 2897 8 2896 8 2894 8 2893 8 2897 8 2894 8 2898 1848 2899 1848 630 1848 2898 1849 630 1849 631 1849 2900 1821 629 1821 628 1821 2900 1850 2901 1850 629 1850 629 1851 2902 1851 632 1851 2901 1852 2902 1852 629 1852 630 1495 2900 1495 628 1495 2899 1495 2900 1495 630 1495 2901 1853 2900 1853 2899 1853 2902 8 2901 8 2899 8 2898 8 2902 8 2899 8 2903 1854 2904 1854 625 1854 2903 1854 625 1854 624 1854 2905 131 627 131 1153 131 2905 131 2906 131 627 131 627 1855 2907 1855 626 1855 2906 1855 2907 1855 627 1855 625 1490 2905 1490 1153 1490 2904 1314 2905 1314 625 1314 2906 1856 2905 1856 2904 1856 2907 8 2906 8 2904 8 2903 8 2907 8 2904 8 2908 1857 2429 1857 2425 1857 1005 1858 2425 1858 1006 1858 2909 1859 2425 1859 1005 1859 2909 1860 2908 1860 2425 1860 2684 1861 2686 1861 1408 1861 2684 1861 1408 1861 801 1861 2910 1862 2690 1862 2686 1862 2910 1863 2686 1863 2684 1863 2682 1864 2910 1864 2684 1864 2680 1865 2682 1865 1413 1865 2680 1865 1413 1865 804 1865 2680 1866 2910 1866 2682 1866 2678 1867 2910 1867 2680 1867 2676 1861 2678 1861 1418 1861 2676 1861 1418 1861 807 1861 2676 1868 2910 1868 2678 1868 2674 1869 1423 1869 810 1869 2673 1870 2674 1870 810 1870 2668 1861 2670 1861 1428 1861 2668 1861 1428 1861 813 1861 2664 1865 2666 1865 1433 1865 2664 1865 1433 1865 818 1865 2660 1871 2662 1871 1438 1871 2660 1872 1438 1872 821 1872 2657 1865 2658 1865 1443 1865 2657 1865 1443 1865 824 1865 2652 1865 2654 1865 1448 1865 2652 1865 1448 1865 827 1865 2648 1861 2650 1861 1453 1861 2648 1873 1453 1873 830 1873 2646 1869 1458 1869 833 1869 2644 1870 2646 1870 833 1870 2642 1865 1463 1865 836 1865 2640 1865 2642 1865 836 1865 2636 1874 2638 1874 1468 1874 2636 1874 1468 1874 839 1874 2633 1875 2634 1875 1473 1875 2633 1872 1473 1872 842 1872 2628 1865 2630 1865 1478 1865 2628 1865 1478 1865 845 1865 2626 1861 1483 1861 848 1861 2625 1861 2626 1861 848 1861 2621 1876 2622 1876 1488 1876 2621 1877 1488 1877 851 1877 2616 1865 2618 1865 1493 1865 2616 1865 1493 1865 854 1865 2613 1865 2614 1865 1498 1865 2613 1878 1498 1878 857 1878 2609 1874 2610 1874 1503 1874 2609 1874 1503 1874 860 1874 2605 1879 2606 1879 1508 1879 2605 1876 1508 1876 863 1876 2602 1865 1513 1865 866 1865 2601 1865 2602 1865 866 1865 2597 1861 2598 1861 1518 1861 2597 1861 1518 1861 869 1861 2592 1874 2594 1874 1523 1874 2592 1874 1523 1874 872 1874 2589 1874 2590 1874 1528 1874 2589 1874 1528 1874 875 1874 2584 1865 2586 1865 1533 1865 2584 1865 1533 1865 878 1865 2581 1865 2582 1865 1538 1865 2581 1880 1538 1880 881 1880 2578 1881 1543 1881 884 1881 2576 1877 2578 1877 884 1877 2574 1874 1548 1874 887 1874 2573 1874 2574 1874 887 1874 2568 1861 2570 1861 1553 1861 2568 1861 1553 1861 890 1861 2565 1882 2567 1882 1558 1882 2565 1883 1558 1883 893 1883 2562 1861 1563 1861 896 1861 2560 1861 2562 1861 896 1861 2557 1874 2558 1874 1568 1874 2557 1874 1568 1874 899 1874 2555 1865 1573 1865 902 1865 2553 1865 2555 1865 902 1865 2549 1865 2550 1865 1578 1865 2549 1865 1578 1865 905 1865 2544 1861 2546 1861 1583 1861 2544 1861 1583 1861 908 1861 2542 1874 1588 1874 911 1874 2541 1874 2542 1874 911 1874 2537 1882 2538 1882 1593 1882 2537 1883 1593 1883 914 1883 2533 1884 2534 1884 1598 1884 2533 1861 1598 1861 917 1861 2529 1865 2530 1865 1603 1865 2529 1865 1603 1865 920 1865 2525 1861 2526 1861 1608 1861 2525 1861 1608 1861 923 1861 2522 1882 1613 1882 926 1882 2520 1883 2522 1883 926 1883 2517 1861 2518 1861 1618 1861 2517 1861 1618 1861 929 1861 2512 1865 2514 1865 1623 1865 2512 1865 1623 1865 932 1865 2508 1871 2510 1871 1628 1871 2508 1875 1628 1875 935 1875 2506 1861 1633 1861 938 1861 2504 1861 2506 1861 938 1861 2501 1865 2502 1865 1638 1865 2501 1865 1638 1865 941 1865 2498 1871 1643 1871 944 1871 2496 1871 2498 1871 944 1871 2492 1865 2494 1865 1648 1865 2492 1865 1648 1865 947 1865 2490 1874 1653 1874 950 1874 2489 1874 2490 1874 950 1874 2485 1865 2486 1865 1658 1865 2485 1865 1658 1865 953 1865 2480 1875 2482 1875 1663 1875 2480 1871 1663 1871 956 1871 2478 1861 1668 1861 959 1861 2476 1861 2478 1861 959 1861 2472 1885 2474 1885 1673 1885 2472 1874 1673 1874 962 1874 2469 1874 2470 1874 1678 1874 2469 1874 1678 1874 965 1874 2465 1865 2466 1865 1683 1865 2465 1865 1683 1865 968 1865 2462 1861 1688 1861 971 1861 2461 1861 2462 1861 971 1861 2456 1886 2458 1886 1693 1886 2456 1886 1693 1886 974 1886 2452 1877 2455 1877 1698 1877 2452 1877 1698 1877 977 1877 2448 1887 2450 1887 1703 1887 2448 1865 1703 1865 980 1865 2444 1861 2446 1861 1708 1861 2444 1861 1708 1861 983 1861 2440 1874 2442 1874 1713 1874 2440 1874 1713 1874 986 1874 2436 1865 2438 1865 1718 1865 2436 1887 1718 1887 989 1887 2432 1861 2434 1861 1723 1861 2432 1861 1723 1861 992 1861 2426 1865 2430 1865 1728 1865 2426 1865 1728 1865 995 1865 2908 1888 2426 1888 2429 1888 2908 1889 2436 1889 2434 1889 2908 1890 2432 1890 2430 1890 2908 1891 2434 1891 2432 1891 2908 1892 2430 1892 2426 1892 2908 1893 2910 1893 2676 1893 2908 1894 2676 1894 2674 1894 2908 1895 2674 1895 2673 1895 2908 1896 2673 1896 2670 1896 2908 1897 2670 1897 2668 1897 2908 1898 2668 1898 2666 1898 2908 1899 2666 1899 2664 1899 2908 1900 2664 1900 2662 1900 2908 1901 2662 1901 2660 1901 2908 1902 2660 1902 2658 1902 2908 1903 2658 1903 2657 1903 2908 1904 2657 1904 2654 1904 2908 1905 2654 1905 2652 1905 2908 1906 2652 1906 2650 1906 2908 1907 2650 1907 2648 1907 2908 1908 2648 1908 2646 1908 2908 1909 2646 1909 2644 1909 2908 1910 2644 1910 2642 1910 2908 1911 2642 1911 2640 1911 2908 1912 2640 1912 2638 1912 2908 1913 2638 1913 2636 1913 2908 1914 2636 1914 2634 1914 2908 1915 2634 1915 2633 1915 2908 1916 2633 1916 2630 1916 2908 1917 2630 1917 2628 1917 2908 1918 2628 1918 2626 1918 2908 1919 2626 1919 2625 1919 2908 1920 2625 1920 2622 1920 2908 1921 2622 1921 2621 1921 2908 1922 2621 1922 2618 1922 2908 1923 2618 1923 2616 1923 2908 1924 2616 1924 2614 1924 2908 1925 2614 1925 2613 1925 2908 1926 2613 1926 2610 1926 2908 1927 2610 1927 2609 1927 2908 1928 2609 1928 2606 1928 2908 1929 2606 1929 2605 1929 2908 1930 2605 1930 2602 1930 2908 1931 2602 1931 2601 1931 2908 1932 2601 1932 2598 1932 2908 1933 2598 1933 2597 1933 2908 1934 2597 1934 2594 1934 2908 1935 2594 1935 2592 1935 2908 1936 2592 1936 2590 1936 2908 1937 2590 1937 2589 1937 2908 1938 2589 1938 2586 1938 2908 1939 2586 1939 2584 1939 2908 1940 2584 1940 2582 1940 2908 1941 2582 1941 2581 1941 2908 1942 2581 1942 2578 1942 2908 1943 2578 1943 2576 1943 2908 1944 2576 1944 2574 1944 2908 1945 2574 1945 2573 1945 2908 1946 2573 1946 2570 1946 2908 1947 2570 1947 2568 1947 2908 1948 2568 1948 2567 1948 2908 1949 2567 1949 2565 1949 2908 1950 2565 1950 2562 1950 2908 1951 2562 1951 2560 1951 2908 1952 2560 1952 2558 1952 2908 1953 2558 1953 2557 1953 2908 1954 2557 1954 2555 1954 2908 1955 2555 1955 2553 1955 2908 1956 2553 1956 2550 1956 2908 1957 2550 1957 2549 1957 2908 1958 2549 1958 2546 1958 2908 1959 2546 1959 2544 1959 2908 1960 2544 1960 2542 1960 2908 1961 2542 1961 2541 1961 2908 1962 2541 1962 2538 1962 2908 1963 2538 1963 2537 1963 2908 1956 2537 1956 2534 1956 2908 1964 2534 1964 2533 1964 2908 1965 2533 1965 2530 1965 2908 1966 2530 1966 2529 1966 2908 1967 2529 1967 2526 1967 2908 1968 2526 1968 2525 1968 2908 1969 2525 1969 2522 1969 2908 1970 2522 1970 2520 1970 2908 1971 2520 1971 2518 1971 2908 1972 2518 1972 2517 1972 2908 1973 2517 1973 2514 1973 2908 1974 2514 1974 2512 1974 2908 1975 2512 1975 2510 1975 2908 1976 2510 1976 2508 1976 2908 1977 2508 1977 2506 1977 2908 1978 2506 1978 2504 1978 2908 1979 2504 1979 2502 1979 2908 1980 2502 1980 2501 1980 2908 1981 2501 1981 2498 1981 2908 1982 2498 1982 2496 1982 2908 1983 2496 1983 2494 1983 2908 1984 2494 1984 2492 1984 2908 1985 2492 1985 2490 1985 2908 1986 2490 1986 2489 1986 2908 1987 2489 1987 2486 1987 2908 1988 2486 1988 2485 1988 2908 1989 2485 1989 2482 1989 2908 1990 2482 1990 2480 1990 2908 1956 2480 1956 2478 1956 2908 1991 2478 1991 2476 1991 2908 1992 2476 1992 2474 1992 2908 1993 2474 1993 2472 1993 2908 1994 2472 1994 2470 1994 2908 1995 2470 1995 2469 1995 2908 1996 2469 1996 2466 1996 2908 1997 2466 1997 2465 1997 2908 1998 2465 1998 2462 1998 2908 1999 2462 1999 2461 1999 2908 2000 2461 2000 2458 2000 2908 2001 2458 2001 2456 2001 2908 2002 2456 2002 2455 2002 2908 2003 2455 2003 2452 2003 2908 2004 2452 2004 2450 2004 2908 2005 2450 2005 2448 2005 2908 2006 2448 2006 2446 2006 2908 2007 2446 2007 2444 2007 2908 2008 2444 2008 2442 2008 2908 2009 2442 2009 2440 2009 2908 2010 2440 2010 2438 2010 2908 2011 2438 2011 2436 2011 2907 2012 2911 2012 623 2012 2907 2013 623 2013 626 2013 2902 2014 2903 2014 624 2014 2902 2014 624 2014 632 2014 2897 2015 2898 2015 631 2015 2897 2016 631 2016 639 2016 2892 2017 2893 2017 638 2017 2892 2018 638 2018 644 2018 2887 2019 2888 2019 643 2019 2887 2020 643 2020 649 2020 652 2021 2883 2021 648 2021 2882 2022 2883 2022 652 2022 2877 2023 2878 2023 654 2023 2877 2024 654 2024 657 2024 2872 2025 2873 2025 1178 2025 2872 2026 1178 2026 661 2026 2867 2027 2868 2027 1183 2027 2867 2028 1183 2028 665 2028 2864 2029 1188 2029 668 2029 2862 2030 2864 2030 668 2030 2858 2031 2859 2031 1193 2031 2858 2031 1193 2031 671 2031 2855 2032 1198 2032 674 2032 2854 2032 2855 2032 674 2032 2851 2032 1203 2032 677 2032 2850 2032 2851 2032 677 2032 2846 2033 2847 2033 1208 2033 2846 2033 1208 2033 680 2033 2842 2034 2843 2034 1213 2034 2842 2034 1213 2034 683 2034 2839 2035 1218 2035 686 2035 2838 2032 2839 2032 686 2032 2834 2032 2835 2032 1223 2032 2834 2032 1223 2032 689 2032 2831 2036 1228 2036 692 2036 2830 2036 2831 2036 692 2036 2826 2031 2828 2031 1233 2031 2826 2031 1233 2031 695 2031 2823 2034 1238 2034 698 2034 2822 2034 2823 2034 698 2034 2819 2032 1243 2032 701 2032 2818 2032 2819 2032 701 2032 2814 2037 2815 2037 1248 2037 2814 2038 1248 2038 704 2038 2810 2034 2811 2034 1253 2034 2810 2034 1253 2034 707 2034 2806 2032 2807 2032 1258 2032 2806 2032 1258 2032 710 2032 2802 2032 2803 2032 1263 2032 2802 2032 1263 2032 713 2032 2798 2031 2799 2031 1268 2031 2798 2031 1268 2031 716 2031 2794 2038 2795 2038 1273 2038 2794 2038 1273 2038 720 2038 2790 2032 2791 2032 1278 2032 2790 2032 1278 2032 723 2032 2787 2032 1283 2032 726 2032 2786 2032 2787 2032 726 2032 2782 2032 2783 2032 1288 2032 2782 2035 1288 2035 729 2035 2778 2038 2780 2038 1293 2038 2778 2038 1293 2038 732 2038 2775 2032 1298 2032 735 2032 2774 2032 2775 2032 735 2032 2771 2032 1303 2032 738 2032 2770 2032 2771 2032 738 2032 2767 2029 1308 2029 741 2029 2766 2032 2767 2032 741 2032 2762 2034 2763 2034 1313 2034 2762 2034 1313 2034 744 2034 2758 2032 2760 2032 1318 2032 2758 2032 1318 2032 747 2032 2754 2032 2756 2032 1323 2032 2754 2032 1323 2032 750 2032 2750 2034 2751 2034 1328 2034 2750 2034 1328 2034 753 2034 2748 2032 1333 2032 756 2032 2746 2032 2748 2032 756 2032 2743 2039 1338 2039 759 2039 2742 2036 2743 2036 759 2036 2738 2032 2739 2032 1343 2032 2738 2032 1343 2032 762 2032 2735 2031 1348 2031 765 2031 2734 2040 2735 2040 765 2040 2730 2034 2731 2034 1353 2034 2730 2034 1353 2034 768 2034 2726 2041 2727 2041 1358 2041 2726 2033 1358 2033 771 2033 2723 2032 1363 2032 774 2032 2722 2032 2723 2032 774 2032 2719 2034 1368 2034 777 2034 2718 2034 2719 2034 777 2034 2716 2042 1373 2042 780 2042 2714 2031 2716 2031 780 2031 2709 2043 2711 2043 1378 2043 2709 2044 1378 2044 783 2044 2706 2032 2707 2032 1383 2032 2706 2032 1383 2032 786 2032 2701 2032 1388 2032 789 2032 2701 2032 2703 2032 1388 2032 2697 2034 2700 2034 1393 2034 2697 2034 1393 2034 792 2034 2693 2045 2695 2045 1398 2045 2693 2045 1398 2045 795 2045 2691 2044 1403 2044 798 2044 2688 2033 2691 2033 798 2033 2910 2046 2688 2046 2690 2046 2910 2047 2693 2047 2691 2047 2910 2048 2695 2048 2693 2048 2910 2049 2691 2049 2688 2049 2910 2050 2911 2050 2907 2050 2910 2051 2907 2051 2903 2051 2910 2052 2903 2052 2902 2052 2910 2053 2902 2053 2898 2053 2910 2054 2898 2054 2897 2054 2910 2055 2897 2055 2893 2055 2910 2056 2893 2056 2892 2056 2910 2057 2892 2057 2888 2057 2910 2058 2888 2058 2887 2058 2910 2059 2887 2059 2883 2059 2910 2060 2883 2060 2882 2060 2910 2061 2882 2061 2878 2061 2910 2062 2878 2062 2877 2062 2910 2063 2877 2063 2873 2063 2910 2064 2873 2064 2872 2064 2910 2065 2872 2065 2868 2065 2910 2066 2868 2066 2867 2066 2910 2067 2867 2067 2864 2067 2910 2068 2864 2068 2862 2068 2910 2069 2862 2069 2859 2069 2910 2070 2859 2070 2858 2070 2910 2071 2858 2071 2855 2071 2910 2072 2855 2072 2854 2072 2910 2073 2854 2073 2851 2073 2910 2074 2851 2074 2850 2074 2910 2075 2850 2075 2847 2075 2910 2076 2847 2076 2846 2076 2910 2077 2846 2077 2843 2077 2910 2078 2843 2078 2842 2078 2910 2079 2842 2079 2839 2079 2910 2080 2839 2080 2838 2080 2910 2081 2838 2081 2835 2081 2910 2082 2835 2082 2834 2082 2910 2083 2834 2083 2831 2083 2910 2084 2831 2084 2830 2084 2910 2085 2830 2085 2828 2085 2910 2086 2828 2086 2826 2086 2910 2087 2826 2087 2823 2087 2910 2088 2823 2088 2822 2088 2910 2089 2822 2089 2819 2089 2910 2090 2819 2090 2818 2090 2910 2091 2818 2091 2815 2091 2910 2092 2815 2092 2814 2092 2910 2093 2814 2093 2811 2093 2910 2094 2811 2094 2810 2094 2910 2095 2810 2095 2807 2095 2910 2096 2807 2096 2806 2096 2910 2097 2806 2097 2803 2097 2910 2098 2803 2098 2802 2098 2910 2099 2802 2099 2799 2099 2910 2100 2799 2100 2798 2100 2910 2101 2798 2101 2795 2101 2910 2102 2795 2102 2794 2102 2910 2103 2794 2103 2791 2103 2910 2104 2791 2104 2790 2104 2910 2105 2790 2105 2787 2105 2910 2106 2787 2106 2786 2106 2910 2107 2786 2107 2783 2107 2910 2108 2783 2108 2782 2108 2910 2109 2782 2109 2780 2109 2910 2110 2780 2110 2778 2110 2910 2111 2778 2111 2775 2111 2910 2112 2775 2112 2774 2112 2910 2113 2774 2113 2771 2113 2910 2114 2771 2114 2770 2114 2910 2115 2770 2115 2767 2115 2910 2116 2767 2116 2766 2116 2910 2117 2766 2117 2763 2117 2910 2118 2763 2118 2762 2118 2910 2119 2762 2119 2760 2119 2910 2120 2760 2120 2758 2120 2910 2121 2758 2121 2756 2121 2910 2122 2756 2122 2754 2122 2910 2123 2754 2123 2751 2123 2910 2124 2751 2124 2750 2124 2910 2125 2750 2125 2748 2125 2910 2126 2748 2126 2746 2126 2910 2127 2746 2127 2743 2127 2910 2128 2743 2128 2742 2128 2910 2129 2742 2129 2739 2129 2910 2130 2739 2130 2738 2130 2910 2131 2738 2131 2735 2131 2910 2132 2735 2132 2734 2132 2910 2133 2734 2133 2731 2133 2910 2134 2731 2134 2730 2134 2910 2135 2730 2135 2727 2135 2910 2136 2727 2136 2726 2136 2910 2137 2726 2137 2723 2137 2910 2138 2723 2138 2722 2138 2910 2139 2722 2139 2719 2139 2910 2140 2719 2140 2718 2140 2910 2141 2718 2141 2716 2141 2910 2142 2716 2142 2714 2142 2910 2143 2714 2143 2711 2143 2910 2144 2711 2144 2709 2144 2910 2145 2709 2145 2707 2145 2910 2146 2707 2146 2706 2146 2910 2147 2706 2147 2703 2147 2910 2148 2703 2148 2701 2148 2910 2149 2701 2149 2700 2149 2910 2150 2700 2150 2697 2150 2910 2151 2697 2151 2695 2151 2912 2152 2913 2152 458 2152 2912 2153 458 2153 487 2153 2914 2154 2915 2154 522 2154 2914 2154 522 2154 526 2154 2916 2155 2917 2155 524 2155 2916 2156 524 2156 562 2156 2918 2157 2919 2157 560 2157 2918 2158 560 2158 597 2158 2920 2159 596 2159 595 2159 2921 2160 2920 2160 595 2160 2922 2161 2918 2161 2920 2161 2922 2162 2921 2162 2923 2162 2922 2163 2919 2163 2918 2163 2922 2164 2920 2164 2921 2164 2922 2165 2913 2165 2912 2165 2922 2166 2912 2166 2915 2166 2922 2167 2915 2167 2914 2167 2922 2168 2914 2168 2917 2168 2922 2169 2917 2169 2916 2169 2922 2170 2916 2170 2919 2170 456 2171 2924 2171 1018 2171 456 2172 1018 2172 457 2172 2413 2173 456 2173 1839 2173 2413 2174 2924 2174 456 2174 1018 2175 2925 2175 1014 2175 2924 2175 2925 2175 1018 2175 2925 2176 1015 2176 1014 2176 2925 2177 2926 2177 1015 2177 2926 2178 1011 2178 1015 2178 2926 2179 2927 2179 1011 2179 1011 2180 2928 2180 1012 2180 2927 2181 2928 2181 1011 2181 2928 2182 1837 2182 1012 2182 2928 2183 2929 2183 1837 2183 2929 2184 1010 2184 1837 2184 2929 2185 2930 2185 1010 2185 2930 2186 1008 2186 1010 2186 2930 2187 2931 2187 1008 2187 2931 2188 1005 2188 1008 2188 2931 2189 2909 2189 1005 2189 623 2190 2932 2190 620 2190 2911 2191 2932 2191 623 2191 2932 2192 618 2192 620 2192 2932 2193 2933 2193 618 2193 2933 2194 619 2194 618 2194 2933 2195 2934 2195 619 2195 2935 2196 2922 2196 2923 2196 2936 2197 2935 2197 594 2197 2936 2198 594 2198 593 2198 2936 2199 2922 2199 2935 2199 2937 2200 2922 2200 2936 2200 2938 2201 2937 2201 592 2201 2938 2198 592 2198 591 2198 2938 2202 2922 2202 2937 2202 2939 2203 2922 2203 2938 2203 2940 2198 2939 2198 590 2198 2940 2197 590 2197 589 2197 2941 2198 2942 2198 588 2198 2941 2201 588 2201 587 2201 2943 2204 586 2204 585 2204 2944 2204 2943 2204 585 2204 2945 2205 584 2205 583 2205 2946 2206 2945 2206 583 2206 2947 2207 2948 2207 582 2207 2947 2207 582 2207 581 2207 2949 2208 580 2208 579 2208 2950 2207 2949 2207 579 2207 2951 2204 578 2204 577 2204 2952 2204 2951 2204 577 2204 2953 2209 2954 2209 576 2209 2953 2210 576 2210 575 2210 2955 2211 2956 2211 574 2211 2955 2212 574 2212 573 2212 2957 2213 572 2213 571 2213 2958 2214 2957 2214 571 2214 2959 2204 2960 2204 570 2204 2959 2204 570 2204 569 2204 2961 2215 568 2215 567 2215 2962 2216 2961 2216 567 2216 2963 2217 566 2217 565 2217 2964 2217 2963 2217 565 2217 2965 2210 2966 2210 564 2210 2965 2217 564 2217 563 2217 2967 2217 2968 2217 558 2217 2967 2217 558 2217 557 2217 2969 2217 556 2217 555 2217 2970 2217 2969 2217 555 2217 2971 2217 2972 2217 554 2217 2971 2210 554 2210 553 2210 2973 2210 2974 2210 552 2210 2973 2217 552 2217 551 2217 2975 2216 2976 2216 550 2216 2975 2216 550 2216 549 2216 2977 2217 2978 2217 548 2217 2977 2217 548 2217 547 2217 2979 2209 2980 2209 546 2209 2979 2217 546 2217 545 2217 2981 2217 2982 2217 544 2217 2981 2217 544 2217 543 2217 2983 2218 542 2218 541 2218 2984 2219 2983 2219 541 2219 2985 2204 2986 2204 540 2204 2985 2214 540 2214 539 2214 2987 2204 2988 2204 538 2204 2987 2204 538 2204 537 2204 2989 2220 536 2220 535 2220 2990 2220 2989 2220 535 2220 2991 2221 2992 2221 534 2221 2991 2212 534 2212 533 2212 2993 2222 2994 2222 532 2222 2993 2214 532 2214 531 2214 2995 2204 2996 2204 530 2204 2995 2214 530 2214 529 2214 2997 2204 528 2204 527 2204 2998 2204 2997 2204 527 2204 2999 2223 521 2223 520 2223 3000 2224 2999 2224 520 2224 3001 2217 519 2217 518 2217 3002 2210 3001 2210 518 2210 3003 2209 3004 2209 517 2209 3003 2225 517 2225 516 2225 3005 2215 3006 2215 515 2215 3005 2215 515 2215 514 2215 3007 2210 3008 2210 513 2210 3007 2209 513 2209 512 2209 3009 2210 511 2210 510 2210 3010 2210 3009 2210 510 2210 3011 2209 3012 2209 509 2209 3011 2210 509 2210 508 2210 3013 2209 507 2209 506 2209 3014 2210 3013 2210 506 2210 3015 2209 3016 2209 505 2209 3015 2210 505 2210 504 2210 3017 2215 3018 2215 503 2215 3017 2215 503 2215 502 2215 3019 2226 501 2226 500 2226 3020 2227 3019 2227 500 2227 3021 2215 3022 2215 499 2215 3021 2215 499 2215 498 2215 3023 2219 3024 2219 497 2219 3023 2228 497 2228 496 2228 3025 2213 3026 2213 495 2213 3025 2213 495 2213 494 2213 3027 2214 3028 2214 493 2214 3027 2213 493 2213 492 2213 3029 2214 3030 2214 491 2214 3029 2213 491 2213 490 2213 3031 2214 3032 2214 486 2214 3031 2214 486 2214 485 2214 3033 2220 3034 2220 484 2220 3033 2220 484 2220 483 2220 3035 2229 482 2229 481 2229 3036 2211 3035 2211 481 2211 3037 2230 3038 2230 480 2230 3037 2231 480 2231 479 2231 3039 2230 3040 2230 478 2230 3039 2231 478 2231 477 2231 3041 2211 476 2211 475 2211 3042 2211 3041 2211 475 2211 3043 2211 3044 2211 474 2211 3043 2211 474 2211 473 2211 3045 2231 472 2231 471 2231 3046 2230 3045 2230 471 2230 3047 2231 470 2231 469 2231 3048 2231 3047 2231 469 2231 3049 2232 3050 2232 468 2232 3049 2232 468 2232 467 2232 3051 2229 466 2229 465 2229 3052 2211 3051 2211 465 2211 3053 2230 3054 2230 464 2230 3053 2231 464 2231 463 2231 3055 2230 1126 2230 1131 2230 3056 2231 3055 2231 1131 2231 3057 2232 3058 2232 1129 2232 3057 2229 1129 2229 1133 2229 3059 2211 3060 2211 1134 2211 3059 2211 1134 2211 616 2211 3061 2231 3062 2231 614 2231 3061 2230 614 2230 1135 2230 3063 2231 3064 2231 1136 2231 3063 2230 1136 2230 1137 2230 3065 2220 3066 2220 1138 2220 3065 2220 1138 2220 1139 2220 619 2233 3067 2233 1140 2233 2934 2234 3067 2234 619 2234 2934 2235 3063 2235 3066 2235 2934 2236 3065 2236 3067 2236 2934 2237 3066 2237 3065 2237 2934 2238 2922 2238 2939 2238 2934 2239 2939 2239 2940 2239 2934 2240 2940 2240 2942 2240 2934 2241 2942 2241 2941 2241 2934 2242 2941 2242 2943 2242 2934 2243 2943 2243 2944 2243 2934 2244 2944 2244 2945 2244 2934 2245 2945 2245 2946 2245 2934 2246 2946 2246 2948 2246 2934 2247 2948 2247 2947 2247 2934 2248 2947 2248 2949 2248 2934 2249 2949 2249 2950 2249 2934 2250 2950 2250 2951 2250 2934 2251 2951 2251 2952 2251 2934 2252 2952 2252 2954 2252 2934 2253 2954 2253 2953 2253 2934 2254 2953 2254 2956 2254 2934 2255 2956 2255 2955 2255 2934 2256 2955 2256 2957 2256 2934 2257 2957 2257 2958 2257 2934 2258 2958 2258 2960 2258 2934 2259 2960 2259 2959 2259 2934 2260 2959 2260 2961 2260 2934 2261 2961 2261 2962 2261 2934 2262 2962 2262 2963 2262 2934 2263 2963 2263 2964 2263 2934 2264 2964 2264 2966 2264 2934 2265 2966 2265 2965 2265 2934 2266 2965 2266 2968 2266 2934 2267 2968 2267 2967 2267 2934 2268 2967 2268 2969 2268 2934 2269 2969 2269 2970 2269 2934 2270 2970 2270 2972 2270 2934 2271 2972 2271 2971 2271 2934 2272 2971 2272 2974 2272 2934 2273 2974 2273 2973 2273 2934 2274 2973 2274 2976 2274 2934 2275 2976 2275 2975 2275 2934 2276 2975 2276 2978 2276 2934 2277 2978 2277 2977 2277 2934 2278 2977 2278 2980 2278 2934 2279 2980 2279 2979 2279 2934 2280 2979 2280 2982 2280 2934 2281 2982 2281 2981 2281 2934 2282 2981 2282 2983 2282 2934 2283 2983 2283 2984 2283 2934 2284 2984 2284 2986 2284 2934 2285 2986 2285 2985 2285 2934 2286 2985 2286 2988 2286 2934 2287 2988 2287 2987 2287 2934 2288 2987 2288 2989 2288 2934 2289 2989 2289 2990 2289 2934 2290 2990 2290 2992 2290 2934 2291 2992 2291 2991 2291 2934 2292 2991 2292 2994 2292 2934 2293 2994 2293 2993 2293 2934 2294 2993 2294 2996 2294 2934 2295 2996 2295 2995 2295 2934 2296 2995 2296 2997 2296 2934 2297 2997 2297 2998 2297 2934 2298 2998 2298 2999 2298 2934 2299 2999 2299 3000 2299 2934 2300 3000 2300 3001 2300 2934 2301 3001 2301 3002 2301 2934 2302 3002 2302 3004 2302 2934 2303 3004 2303 3003 2303 2934 2304 3003 2304 3006 2304 2934 2305 3006 2305 3005 2305 2934 2306 3005 2306 3008 2306 2934 2307 3008 2307 3007 2307 2934 2308 3007 2308 3009 2308 2934 2309 3009 2309 3010 2309 2934 2310 3010 2310 3012 2310 2934 2311 3012 2311 3011 2311 2934 2304 3011 2304 3013 2304 2934 2312 3013 2312 3014 2312 2934 2313 3014 2313 3016 2313 2934 2314 3016 2314 3015 2314 2934 2315 3015 2315 3018 2315 2934 2316 3018 2316 3017 2316 2934 2317 3017 2317 3019 2317 2934 2318 3019 2318 3020 2318 2934 2319 3020 2319 3022 2319 2934 2320 3022 2320 3021 2320 2934 2321 3021 2321 3024 2321 2934 2322 3024 2322 3023 2322 2934 2323 3023 2323 3026 2323 2934 2324 3026 2324 3025 2324 2934 2325 3025 2325 3028 2325 2934 2326 3028 2326 3027 2326 2934 2327 3027 2327 3030 2327 2934 2328 3030 2328 3029 2328 2934 2329 3029 2329 3032 2329 2934 2330 3032 2330 3031 2330 2934 2331 3031 2331 3034 2331 2934 2332 3034 2332 3033 2332 2934 2333 3033 2333 3035 2333 2934 2334 3035 2334 3036 2334 2934 2335 3036 2335 3038 2335 2934 2336 3038 2336 3037 2336 2934 2337 3037 2337 3040 2337 2934 2338 3040 2338 3039 2338 2934 2339 3039 2339 3041 2339 2934 2340 3041 2340 3042 2340 2934 2341 3042 2341 3044 2341 2934 2342 3044 2342 3043 2342 2934 2343 3043 2343 3045 2343 2934 2344 3045 2344 3046 2344 2934 2345 3046 2345 3047 2345 2934 2346 3047 2346 3048 2346 2934 2347 3048 2347 3050 2347 2934 2348 3050 2348 3049 2348 2934 2349 3049 2349 3051 2349 2934 2350 3051 2350 3052 2350 2934 2351 3052 2351 3054 2351 2934 2352 3054 2352 3053 2352 2934 2353 3053 2353 3055 2353 2934 2354 3055 2354 3056 2354 2934 2355 3056 2355 3058 2355 2934 2356 3058 2356 3057 2356 2934 2357 3057 2357 3060 2357 2934 2358 3060 2358 3059 2358 2934 2359 3059 2359 3062 2359 2934 2360 3062 2360 3061 2360 2934 2361 3061 2361 3064 2361 2934 2362 3064 2362 3063 2362 458 2363 3068 2363 459 2363 2913 2363 3068 2363 458 2363 3068 2364 613 2364 459 2364 3068 2364 3069 2364 613 2364 613 2365 3070 2365 611 2365 3069 2366 3070 2366 613 2366 3070 2367 608 2367 611 2367 3070 2368 3071 2368 608 2368 3071 2369 612 2369 608 2369 3071 2370 3072 2370 612 2370 3072 2371 606 2371 612 2371 3072 2371 3073 2371 606 2371 3073 2372 607 2372 606 2372 3073 2372 3074 2372 607 2372 3074 2373 461 2373 607 2373 3074 2373 3075 2373 461 2373 3075 2374 460 2374 461 2374 3075 2374 3076 2374 460 2374 3076 2375 462 2375 460 2375 3076 2376 3077 2376 462 2376 3077 2377 622 2377 462 2377 3077 2377 3078 2377 622 2377 3078 2378 621 2378 622 2378 3078 2378 3079 2378 621 2378 3079 2379 1007 2379 621 2379 3079 2380 3080 2380 1007 2380 3080 2381 1009 2381 1007 2381 3080 2381 3081 2381 1009 2381 3081 2382 1013 2382 1009 2382 3081 2383 3082 2383 1013 2383 3082 2384 1149 2384 1013 2384 3082 2384 3083 2384 1149 2384 3083 2385 1016 2385 1149 2385 3083 2385 3084 2385 1016 2385 1016 2386 3085 2386 1017 2386 3084 2387 3085 2387 1016 2387 3085 2388 1019 2388 1017 2388 3085 2389 3086 2389 1019 2389 1019 2390 3087 2390 1152 2390 3086 2391 3087 2391 1019 2391 3087 2392 1834 2392 1152 2392 3087 2393 3088 2393 1834 2393 2416 2371 1835 2371 1834 2371 3088 2371 2416 2371 1834 2371 3068 8 2913 8 3076 8 3075 8 3068 8 3076 8 2922 2394 3076 2394 2913 2394 3074 2395 3068 2395 3075 2395 3077 8 2922 8 2934 8 2933 8 3077 8 2934 8 3078 2396 2933 2396 3079 2396 3078 2397 3077 2397 2933 2397 3083 2398 2926 2398 3084 2398 2927 8 2926 8 3083 8 3082 8 2928 8 2927 8 3082 2399 2927 2399 3083 2399 2925 2400 3084 2400 2926 2400 3085 2401 3084 2401 2925 2401 2924 2402 3085 2402 2925 2402 3086 2403 2924 2403 3087 2403 3086 2404 3085 2404 2924 2404 2909 2405 3080 2405 2908 2405 2931 2406 3081 2406 2909 2406 2415 2407 2416 2407 3088 2407 3088 2408 3087 2408 2415 2408 2415 2409 3087 2409 2414 2409 3082 8 3081 8 2929 8 2929 8 3081 8 2930 8 3081 8 3080 8 2909 8 3080 2410 3079 2410 2911 2410 3080 8 2911 8 2910 8 3080 2411 2910 2411 2908 2411 3077 8 3076 8 2922 8 3074 2412 3073 2412 3071 2412 3074 8 3071 8 3070 8 3073 8 3072 8 3071 8 3070 2413 3069 2413 3074 2413 3069 8 3068 8 3074 8 2933 2414 2932 2414 3079 2414 2932 8 2911 8 3079 8 2931 8 2930 8 3081 8 2929 2415 2928 2415 3082 2415 2924 2416 2413 2416 3087 2416 2413 8 2414 8 3087 8 3089 2417 3065 2417 1139 2417 3089 2418 1139 2418 1148 2418 3067 2419 3090 2419 1147 2419 3067 2420 1147 2420 1140 2420 3090 2421 1148 2421 1147 2421 3090 2422 3089 2422 1148 2422 3090 8 3067 8 3065 8 3090 2423 3065 2423 3089 2423 3091 2424 3063 2424 1137 2424 3091 2424 1137 2424 1146 2424 1138 2425 3092 2425 1145 2425 3066 2426 3092 2426 1138 2426 3092 2427 1146 2427 1145 2427 3092 2422 3091 2422 1146 2422 3092 8 3066 8 3063 8 3092 2428 3063 2428 3091 2428 1144 2429 3061 2429 1135 2429 3093 2430 3061 2430 1144 2430 3064 2431 3094 2431 1143 2431 3064 2431 1143 2431 1136 2431 3094 2432 1144 2432 1143 2432 3094 2432 3093 2432 1144 2432 3094 8 3064 8 3061 8 3094 8 3061 8 3093 8 617 2433 3059 2433 616 2433 3095 2433 3059 2433 617 2433 3062 2434 3096 2434 615 2434 3062 2435 615 2435 614 2435 3096 2436 617 2436 615 2436 3096 223 3095 223 617 223 3096 2437 3062 2437 3059 2437 3096 2438 3059 2438 3095 2438 1142 2439 3057 2439 1133 2439 3097 2439 3057 2439 1142 2439 3060 2440 3098 2440 1141 2440 3060 2440 1141 2440 1134 2440 3098 2441 1142 2441 1141 2441 3098 2442 3097 2442 1142 2442 3098 8 3060 8 3057 8 3098 2443 3057 2443 3097 2443 1132 2444 3056 2444 1131 2444 3099 2444 3056 2444 1132 2444 3058 2445 3100 2445 1130 2445 3058 2445 1130 2445 1129 2445 3100 2441 1132 2441 1130 2441 3100 2442 3099 2442 1132 2442 3100 2446 3058 2446 3056 2446 3100 2447 3056 2447 3099 2447 1128 2448 3053 2448 463 2448 3101 2449 3053 2449 1128 2449 3055 2450 3102 2450 1127 2450 3055 2450 1127 2450 1126 2450 3102 2436 1128 2436 1127 2436 3102 223 3101 223 1128 223 3102 8 3055 8 3053 8 3102 2451 3053 2451 3101 2451 1125 2452 3052 2452 465 2452 3103 2452 3052 2452 1125 2452 3054 2453 3104 2453 1124 2453 3054 2454 1124 2454 464 2454 3104 2432 1125 2432 1124 2432 3104 2455 3103 2455 1125 2455 3104 8 3054 8 3052 8 3104 2456 3052 2456 3103 2456 3105 2457 3049 2457 467 2457 3105 2458 467 2458 1123 2458 3051 2459 3106 2459 1122 2459 3051 2459 1122 2459 466 2459 3106 223 1123 223 1122 223 3106 2460 3105 2460 1123 2460 3106 8 3051 8 3049 8 3106 2461 3049 2461 3105 2461 1121 2462 3048 2462 469 2462 3107 2463 3048 2463 1121 2463 3050 2464 3108 2464 1120 2464 3050 2465 1120 2465 468 2465 3108 223 1121 223 1120 223 3108 223 3107 223 1121 223 3108 8 3050 8 3048 8 3108 2466 3048 2466 3107 2466 1119 2467 3046 2467 471 2467 3109 2468 3046 2468 1119 2468 3047 2469 3110 2469 1118 2469 3047 2470 1118 2470 470 2470 3110 223 1119 223 1118 223 3110 223 3109 223 1119 223 3110 8 3047 8 3046 8 3110 2471 3046 2471 3109 2471 3111 2472 3043 2472 473 2472 3111 2473 473 2473 1117 2473 3045 2474 3112 2474 1116 2474 3045 2475 1116 2475 472 2475 3112 2476 1117 2476 1116 2476 3112 2442 3111 2442 1117 2442 3112 8 3045 8 3043 8 3112 8 3043 8 3111 8 1115 2477 3042 2477 475 2477 3113 2478 3042 2478 1115 2478 3044 2479 3114 2479 1114 2479 3044 2480 1114 2480 474 2480 3114 223 1115 223 1114 223 3114 2481 3113 2481 1115 2481 3114 8 3044 8 3042 8 3114 2482 3042 2482 3113 2482 3115 2483 3039 2483 477 2483 3115 2484 477 2484 1113 2484 476 2485 3116 2485 1112 2485 3041 2486 3116 2486 476 2486 3116 223 1113 223 1112 223 3116 223 3115 223 1113 223 3116 8 3041 8 3039 8 3116 2487 3039 2487 3115 2487 3117 2488 3037 2488 479 2488 3117 2489 479 2489 1111 2489 3040 2490 3118 2490 1110 2490 3040 2491 1110 2491 478 2491 3118 2432 1111 2432 1110 2432 3118 2455 3117 2455 1111 2455 3118 8 3040 8 3037 8 3118 8 3037 8 3117 8 1109 2492 3036 2492 481 2492 3119 2493 3036 2493 1109 2493 3038 2494 3120 2494 1108 2494 3038 2495 1108 2495 480 2495 3120 223 1109 223 1108 223 3120 223 3119 223 1109 223 3120 2496 3038 2496 3036 2496 3120 2497 3036 2497 3119 2497 1107 2498 3033 2498 483 2498 3121 2498 3033 2498 1107 2498 482 2499 3122 2499 1106 2499 3035 2499 3122 2499 482 2499 3122 2442 1107 2442 1106 2442 3122 2442 3121 2442 1107 2442 3122 8 3035 8 3033 8 3122 2500 3033 2500 3121 2500 1105 2501 3031 2501 485 2501 3123 2501 3031 2501 1105 2501 3034 2502 3124 2502 1104 2502 3034 2503 1104 2503 484 2503 3124 2442 1105 2442 1104 2442 3124 2442 3123 2442 1105 2442 3124 8 3034 8 3031 8 3124 2504 3031 2504 3123 2504 3125 2505 3029 2505 490 2505 3125 2505 490 2505 1103 2505 3032 2506 3126 2506 1102 2506 3032 2506 1102 2506 486 2506 3126 223 1103 223 1102 223 3126 223 3125 223 1103 223 3126 2507 3032 2507 3029 2507 3126 2508 3029 2508 3125 2508 3127 2509 3027 2509 492 2509 3127 2509 492 2509 1101 2509 3030 2510 3128 2510 1100 2510 3030 2511 1100 2511 491 2511 3128 2442 1101 2442 1100 2442 3128 2512 3127 2512 1101 2512 3128 2513 3030 2513 3027 2513 3128 2514 3027 2514 3127 2514 1099 2515 3025 2515 494 2515 3129 2516 3025 2516 1099 2516 3028 2517 3130 2517 1098 2517 3028 2517 1098 2517 493 2517 3130 2455 1099 2455 1098 2455 3130 223 3129 223 1099 223 3130 8 3028 8 3025 8 3130 2518 3025 2518 3129 2518 1097 2519 3023 2519 496 2519 3131 2519 3023 2519 1097 2519 3026 2520 3132 2520 1096 2520 3026 2520 1096 2520 495 2520 3132 223 1097 223 1096 223 3132 223 3131 223 1097 223 3132 8 3026 8 3023 8 3132 2521 3023 2521 3131 2521 3133 2522 3021 2522 498 2522 3133 2523 498 2523 1095 2523 3024 2524 3134 2524 1094 2524 3024 2525 1094 2525 497 2525 3134 2455 1095 2455 1094 2455 3134 2455 3133 2455 1095 2455 3134 8 3024 8 3021 8 3134 2526 3021 2526 3133 2526 1093 2527 3020 2527 500 2527 3135 2527 3020 2527 1093 2527 3022 2528 3136 2528 1092 2528 3022 2528 1092 2528 499 2528 3136 2529 1093 2529 1092 2529 3136 2530 3135 2530 1093 2530 3136 8 3022 8 3020 8 3136 2531 3020 2531 3135 2531 3137 2532 3017 2532 502 2532 3137 2533 502 2533 1091 2533 3019 2534 3138 2534 1090 2534 3019 2535 1090 2535 501 2535 1090 2481 3137 2481 1091 2481 3138 2455 3137 2455 1090 2455 3138 2536 3019 2536 3017 2536 3138 2537 3017 2537 3137 2537 1089 2538 3015 2538 504 2538 3139 2539 3015 2539 1089 2539 3018 2540 3140 2540 1088 2540 3018 2541 1088 2541 503 2541 3140 2481 1089 2481 1088 2481 3140 223 3139 223 1089 223 3140 8 3018 8 3015 8 3140 2542 3015 2542 3139 2542 1087 2543 3014 2543 506 2543 3141 2544 3014 2544 1087 2544 505 2545 3142 2545 1086 2545 3016 2545 3142 2545 505 2545 1086 2546 3141 2546 1087 2546 3142 2547 3141 2547 1086 2547 3142 8 3016 8 3014 8 3142 8 3014 8 3141 8 1085 2548 3011 2548 508 2548 3143 217 3011 217 1085 217 3013 2549 3144 2549 1084 2549 3013 2549 1084 2549 507 2549 3144 2550 1085 2550 1084 2550 3144 2551 3143 2551 1085 2551 3144 8 3013 8 3011 8 3144 2552 3011 2552 3143 2552 1083 2553 3010 2553 510 2553 3145 2553 3010 2553 1083 2553 3012 2554 3146 2554 1082 2554 3012 2555 1082 2555 509 2555 1082 2481 3145 2481 1083 2481 3146 2455 3145 2455 1082 2455 3146 2556 3012 2556 3010 2556 3146 2557 3010 2557 3145 2557 3147 2558 3007 2558 512 2558 3147 2559 512 2559 1081 2559 3009 2560 3148 2560 1080 2560 3009 2560 1080 2560 511 2560 3148 2547 1081 2547 1080 2547 3148 2546 3147 2546 1081 2546 3148 8 3009 8 3007 8 3148 2561 3007 2561 3147 2561 1079 2562 3005 2562 514 2562 3149 2562 3005 2562 1079 2562 513 2563 3150 2563 1078 2563 3008 2563 3150 2563 513 2563 3150 2481 1079 2481 1078 2481 3150 2564 3149 2564 1079 2564 3150 2565 3008 2565 3005 2565 3150 2566 3005 2566 3149 2566 3151 2567 3003 2567 516 2567 3151 2567 516 2567 1077 2567 3006 2568 3152 2568 1076 2568 3006 2568 1076 2568 515 2568 3152 223 1077 223 1076 223 3152 223 3151 223 1077 223 3152 8 3006 8 3003 8 3152 2569 3003 2569 3151 2569 3153 2570 3002 2570 518 2570 3153 2570 518 2570 1075 2570 3004 2571 3154 2571 1074 2571 3004 2571 1074 2571 517 2571 3154 2572 1075 2572 1074 2572 3154 2573 3153 2573 1075 2573 3154 8 3004 8 3002 8 3154 8 3002 8 3153 8 1073 2574 3000 2574 520 2574 3155 2574 3000 2574 1073 2574 3001 2575 3156 2575 1072 2575 3001 2575 1072 2575 519 2575 1072 223 3155 223 1073 223 3156 223 3155 223 1072 223 3156 8 3001 8 3000 8 3156 2576 3000 2576 3155 2576 1071 2577 2998 2577 527 2577 3157 2577 2998 2577 1071 2577 2999 2578 3158 2578 1070 2578 2999 2578 1070 2578 521 2578 3158 223 1071 223 1070 223 3158 223 3157 223 1071 223 3158 8 2999 8 2998 8 3158 8 2998 8 3157 8 3159 2579 2995 2579 529 2579 3159 2579 529 2579 1069 2579 2997 2580 3160 2580 1068 2580 2997 2580 1068 2580 528 2580 1068 2529 3159 2529 1069 2529 3160 2573 3159 2573 1068 2573 3160 8 2997 8 2995 8 3160 8 2995 8 3159 8 1067 2581 2993 2581 531 2581 3161 2581 2993 2581 1067 2581 2996 2582 3162 2582 1066 2582 2996 194 1066 194 530 194 3162 2564 1067 2564 1066 2564 3162 2583 3161 2583 1067 2583 3162 8 2996 8 2993 8 3162 8 2993 8 3161 8 1065 2584 2991 2584 533 2584 3163 2585 2991 2585 1065 2585 2994 2586 3164 2586 1064 2586 2994 2587 1064 2587 532 2587 3164 223 1065 223 1064 223 3164 223 3163 223 1065 223 3164 8 2994 8 2991 8 3164 8 2991 8 3163 8 1063 2588 2990 2588 535 2588 3165 2589 2990 2589 1063 2589 534 2590 3166 2590 1062 2590 2992 2591 3166 2591 534 2591 3166 2529 1063 2529 1062 2529 3166 2573 3165 2573 1063 2573 3166 8 2992 8 2990 8 3166 2592 2990 2592 3165 2592 3167 2593 2987 2593 537 2593 3167 2594 537 2594 1061 2594 536 2595 3168 2595 1060 2595 2989 2596 3168 2596 536 2596 3168 223 1061 223 1060 223 3168 223 3167 223 1061 223 3168 2597 2989 2597 2987 2597 3168 8 2987 8 3167 8 3169 2598 2985 2598 539 2598 3169 2598 539 2598 1059 2598 2988 2599 3170 2599 1058 2599 2988 2599 1058 2599 538 2599 1058 223 3169 223 1059 223 3170 223 3169 223 1058 223 3170 8 2988 8 2985 8 3170 8 2985 8 3169 8 1057 2600 2984 2600 541 2600 3171 2600 2984 2600 1057 2600 2986 2601 3172 2601 1056 2601 2986 2601 1056 2601 540 2601 3172 2529 1057 2529 1056 2529 3172 2573 3171 2573 1057 2573 3172 8 2986 8 2984 8 3172 8 2984 8 3171 8 3173 2602 2981 2602 543 2602 3173 2603 543 2603 1055 2603 2983 2604 3174 2604 1054 2604 2983 2604 1054 2604 542 2604 1054 2564 3173 2564 1055 2564 3174 223 3173 223 1054 223 3174 2605 2983 2605 2981 2605 3174 8 2981 8 3173 8 3175 2606 2979 2606 545 2606 3175 2606 545 2606 1053 2606 544 2607 3176 2607 1052 2607 2982 2607 3176 2607 544 2607 3176 2564 1053 2564 1052 2564 3176 2583 3175 2583 1053 2583 3176 2608 2982 2608 2979 2608 3176 2609 2979 2609 3175 2609 1051 2610 2977 2610 547 2610 3177 2610 2977 2610 1051 2610 2980 2611 3178 2611 1050 2611 2980 2611 1050 2611 546 2611 3178 2564 1051 2564 1050 2564 3178 2583 3177 2583 1051 2583 3178 8 2980 8 2977 8 3178 2612 2977 2612 3177 2612 1049 2613 2975 2613 549 2613 3179 2613 2975 2613 1049 2613 2978 2614 3180 2614 1048 2614 2978 2614 1048 2614 548 2614 3180 223 1049 223 1048 223 3180 223 3179 223 1049 223 3180 2615 2978 2615 2975 2615 3180 2616 2975 2616 3179 2616 3181 2617 2973 2617 551 2617 3181 2617 551 2617 1047 2617 2976 2618 3182 2618 1046 2618 2976 2618 1046 2618 550 2618 3182 2529 1047 2529 1046 2529 3182 2573 3181 2573 1047 2573 3182 8 2976 8 2973 8 3182 2619 2973 2619 3181 2619 1045 2620 2971 2620 553 2620 3183 2621 2971 2621 1045 2621 552 2622 3184 2622 1044 2622 2974 2623 3184 2623 552 2623 1044 223 3183 223 1045 223 3184 223 3183 223 1044 223 3184 8 2974 8 2971 8 3184 8 2971 8 3183 8 1043 2624 2970 2624 555 2624 3185 2625 2970 2625 1043 2625 2972 2626 3186 2626 1042 2626 2972 2627 1042 2627 554 2627 3186 223 1043 223 1042 223 3186 2564 3185 2564 1043 2564 3186 8 2972 8 2970 8 3186 2628 2970 2628 3185 2628 3187 2629 2967 2629 557 2629 3187 2630 557 2630 1041 2630 2969 2631 3188 2631 1040 2631 2969 2632 1040 2632 556 2632 1040 2573 3187 2573 1041 2573 3188 2572 3187 2572 1040 2572 3188 2633 2969 2633 2967 2633 3188 2634 2967 2634 3187 2634 1039 2635 2965 2635 563 2635 3189 2636 2965 2636 1039 2636 2968 2637 3190 2637 1038 2637 2968 2638 1038 2638 558 2638 3190 223 1039 223 1038 223 3190 2583 3189 2583 1039 2583 3190 8 2968 8 2965 8 3190 2639 2965 2639 3189 2639 1037 2640 2964 2640 565 2640 3191 2640 2964 2640 1037 2640 2966 2641 3192 2641 1036 2641 2966 2641 1036 2641 564 2641 3192 2573 1037 2573 1036 2573 3192 2572 3191 2572 1037 2572 3192 2642 2966 2642 2964 2642 3192 2643 2964 2643 3191 2643 1035 2644 2962 2644 567 2644 3193 2644 2962 2644 1035 2644 2963 2645 3194 2645 1034 2645 2963 2645 1034 2645 566 2645 3194 2573 1035 2573 1034 2573 3194 2572 3193 2572 1035 2572 3194 8 2963 8 2962 8 3194 2646 2962 2646 3193 2646 3195 2647 2959 2647 569 2647 3195 2647 569 2647 1033 2647 2961 2648 3196 2648 1032 2648 2961 2648 1032 2648 568 2648 3196 2583 1033 2583 1032 2583 3196 2564 3195 2564 1033 2564 3196 8 2961 8 2959 8 3196 2649 2959 2649 3195 2649 3197 2650 2958 2650 571 2650 3197 2650 571 2650 598 2650 2960 2651 3198 2651 602 2651 2960 2652 602 2652 570 2652 3198 2583 598 2583 602 2583 3198 223 3197 223 598 223 3198 8 2960 8 2958 8 3198 2653 2958 2653 3197 2653 599 2654 2955 2654 573 2654 3199 2654 2955 2654 599 2654 2957 2655 3200 2655 603 2655 2957 2655 603 2655 572 2655 3200 2572 599 2572 603 2572 3200 2573 3199 2573 599 2573 3200 8 2957 8 2955 8 3200 2656 2955 2656 3199 2656 600 2657 2953 2657 575 2657 3201 2657 2953 2657 600 2657 2956 2658 3202 2658 604 2658 2956 2659 604 2659 574 2659 604 223 3201 223 600 223 3202 2564 3201 2564 604 2564 3202 8 2956 8 2953 8 3202 2660 2953 2660 3201 2660 601 2661 2952 2661 577 2661 3203 2661 2952 2661 601 2661 576 2662 3204 2662 605 2662 2954 2662 3204 2662 576 2662 3204 223 601 223 605 223 3204 2583 3203 2583 601 2583 3204 8 2954 8 2952 8 3204 2663 2952 2663 3203 2663 3205 2664 2950 2664 579 2664 3205 2664 579 2664 1031 2664 2951 2665 3206 2665 1030 2665 2951 2665 1030 2665 578 2665 1030 2666 3205 2666 1031 2666 3206 2573 3205 2573 1030 2573 3206 8 2951 8 2950 8 3206 2667 2950 2667 3205 2667 1029 2668 2947 2668 581 2668 3207 2668 2947 2668 1029 2668 580 2669 3208 2669 1028 2669 2949 2669 3208 2669 580 2669 3208 2564 1029 2564 1028 2564 3208 223 3207 223 1029 223 3208 2670 2949 2670 2947 2670 3208 8 2947 8 3207 8 1027 2671 2946 2671 583 2671 3209 2672 2946 2672 1027 2672 582 2673 3210 2673 1026 2673 2948 2673 3210 2673 582 2673 3210 213 1027 213 1026 213 3210 213 3209 213 1027 213 3210 8 2948 8 2946 8 3210 2674 2946 2674 3209 2674 1025 2675 2944 2675 585 2675 3211 2675 2944 2675 1025 2675 2945 2676 3212 2676 1024 2676 2945 2676 1024 2676 584 2676 3212 2677 1025 2677 1024 2677 3212 213 3211 213 1025 213 3212 8 2945 8 2944 8 3212 2678 2944 2678 3211 2678 3213 2679 2941 2679 587 2679 3213 2679 587 2679 1023 2679 2943 2680 3214 2680 1022 2680 2943 2681 1022 2681 586 2681 3214 213 1023 213 1022 213 3214 213 3213 213 1023 213 3214 8 2943 8 2941 8 3214 2682 2941 2682 3213 2682 1021 2683 2940 2683 589 2683 3215 2684 2940 2684 1021 2684 2942 2685 3216 2685 1020 2685 2942 2685 1020 2685 588 2685 1020 213 3215 213 1021 213 3216 213 3215 213 1020 213 3216 8 2942 8 2940 8 3216 2686 2940 2686 3215 2686 3217 2553 2938 2553 591 2553 3217 2553 591 2553 1004 2553 2939 2687 3218 2687 1003 2687 2939 2687 1003 2687 590 2687 3218 213 1004 213 1003 213 3218 213 3217 213 1004 213 3218 8 2939 8 2938 8 3218 2688 2938 2688 3217 2688 816 2558 2936 2558 593 2558 3219 2689 2936 2689 816 2689 592 2690 3220 2690 815 2690 2937 2691 3220 2691 592 2691 815 213 3219 213 816 213 3220 213 3219 213 815 213 3220 8 2937 8 2936 8 3220 2692 2936 2692 3219 2692 2935 2693 3221 2693 718 2693 2935 2694 718 2694 594 2694 3222 2695 2923 2695 2921 2695 3221 8 2935 8 2923 8 3221 2696 2923 2696 3222 2696 634 2697 2921 2697 595 2697 3222 2697 2921 2697 634 2697 3221 213 634 213 718 213 3221 211 3222 211 634 211 610 2698 2918 2698 597 2698 3223 2699 2918 2699 610 2699 2920 2700 3224 2700 633 2700 2920 2700 633 2700 596 2700 3224 213 610 213 633 213 3224 210 3223 210 610 210 3223 2701 2920 2701 2918 2701 3224 8 2920 8 3223 8 561 2424 2916 2424 562 2424 3225 2424 2916 2424 561 2424 2919 2702 3226 2702 609 2702 2919 2703 609 2703 560 2703 3226 211 561 211 609 211 3226 213 3225 213 561 213 3225 2704 2919 2704 2916 2704 3226 8 2919 8 3225 8 3227 2705 2914 2705 526 2705 3227 2705 526 2705 525 2705 2917 2706 3228 2706 559 2706 2917 2707 559 2707 524 2707 3228 213 525 213 559 213 3228 213 3227 213 525 213 3227 2708 2917 2708 2914 2708 3228 8 2917 8 3227 8 3229 2709 2912 2709 487 2709 3229 2710 487 2710 489 2710 488 2711 3229 2711 489 2711 3230 2712 3229 2712 488 2712 2915 2713 3231 2713 523 2713 2915 2714 523 2714 522 2714 523 213 3230 213 488 213 3231 211 3230 211 523 211 3230 8 2912 8 3229 8 3231 8 2915 8 2912 8 3231 2715 2912 2715 3230 2715 3232 2716 3233 2716 3234 2716 3235 2716 3233 2716 3232 2716 3233 2717 3236 2717 3234 2717 3233 2717 3237 2717 3236 2717 3237 2718 3238 2718 3236 2718 3237 2719 3239 2719 3238 2719 3239 2720 3232 2720 3238 2720 3239 2721 3235 2721 3232 2721 3233 1832 3235 1832 3239 1832 3237 8 3233 8 3239 8 3232 10 3234 10 3238 10 3234 10 3236 10 3238 10 3240 2722 3241 2722 3242 2722 3240 2723 3243 2723 3241 2723 3241 134 3244 134 3245 134 3243 133 3244 133 3241 133 3245 2724 3246 2724 3247 2724 3244 2718 3246 2718 3245 2718 3246 2720 3242 2720 3247 2720 3246 2720 3240 2720 3242 2720 3243 2725 3240 2725 3246 2725 3244 8 3243 8 3246 8 3242 10 3241 10 3247 10 3241 10 3245 10 3247 10 3248 2726 3249 2726 3250 2726 3248 2723 3251 2723 3249 2723 3249 2727 3252 2727 3253 2727 3251 2728 3252 2728 3249 2728 3253 2729 3254 2729 3255 2729 3252 2730 3254 2730 3253 2730 3254 138 3250 138 3255 138 3254 2731 3248 2731 3250 2731 3251 2732 3248 2732 3254 2732 3252 8 3251 8 3254 8 3250 10 3249 10 3255 10 3249 10 3253 10 3255 10 3256 2733 3257 2733 3258 2733 3256 131 3259 131 3257 131 3257 2734 3260 2734 3261 2734 3259 2734 3260 2734 3257 2734 3261 2735 3262 2735 3263 2735 3260 2729 3262 2729 3261 2729 3262 2736 3258 2736 3263 2736 3262 2737 3256 2737 3258 2737 3259 2738 3256 2738 3262 2738 3260 2739 3259 2739 3262 2739 3258 10 3257 10 3263 10 3257 10 3261 10 3263 10 3264 2740 3265 2740 3266 2740 3267 2726 3265 2726 3264 2726 3266 2741 3268 2741 3269 2741 3265 134 3268 134 3266 134 3269 2742 3270 2742 3271 2742 3268 2743 3270 2743 3269 2743 3270 138 3264 138 3271 138 3270 138 3267 138 3264 138 3265 2725 3267 2725 3270 2725 3268 8 3265 8 3270 8 3264 10 3266 10 3271 10 3266 10 3269 10 3271 10 3272 131 3273 131 3274 131 3275 131 3273 131 3272 131 3274 2734 3276 2734 3277 2734 3273 2744 3276 2744 3274 2744 3277 2745 3278 2745 3279 2745 3276 2724 3278 2724 3277 2724 3278 2721 3272 2721 3279 2721 3278 2746 3275 2746 3272 2746 3273 1832 3275 1832 3278 1832 3276 8 3273 8 3278 8 3272 10 3274 10 3279 10 3274 10 3277 10 3279 10 3280 2747 3281 2747 3282 2747 3283 132 3281 132 3280 132 3281 2748 3284 2748 3282 2748 3281 2749 3285 2749 3284 2749 3284 135 3286 135 3287 135 3285 2750 3286 2750 3284 2750 3286 2751 3280 2751 3287 2751 3286 138 3283 138 3280 138 3281 139 3283 139 3286 139 3285 2752 3281 2752 3286 2752 3280 10 3282 10 3287 10 3282 10 3284 10 3287 10 3288 2726 3289 2726 3290 2726 3291 2726 3289 2726 3288 2726 3290 2741 3292 2741 3293 2741 3289 2753 3292 2753 3290 2753 3293 2743 3294 2743 3295 2743 3292 2743 3294 2743 3293 2743 3295 2754 3291 2754 3288 2754 3294 138 3291 138 3295 138 3289 2755 3291 2755 3294 2755 3292 8 3289 8 3294 8 3288 10 3290 10 3295 10 3290 10 3293 10 3295 10 3296 2756 3297 2756 3298 2756 3296 131 3299 131 3297 131 3299 2757 3300 2757 3297 2757 3299 2758 3301 2758 3300 2758 3300 2724 3302 2724 3303 2724 3301 2724 3302 2724 3300 2724 3303 2759 3296 2759 3298 2759 3302 2759 3296 2759 3303 2759 3299 2760 3296 2760 3302 2760 3301 8 3299 8 3302 8 3298 10 3297 10 3303 10 3297 10 3300 10 3303 10 3304 132 3305 132 3306 132 3304 2747 3307 2747 3305 2747 3307 2761 3308 2761 3305 2761 3307 2761 3309 2761 3308 2761 3308 2743 3310 2743 3311 2743 3309 2743 3310 2743 3308 2743 3311 2731 3304 2731 3306 2731 3310 2762 3304 2762 3311 2762 3307 2763 3304 2763 3310 2763 3309 8 3307 8 3310 8 3306 10 3305 10 3311 10 3305 10 3308 10 3311 10 3312 2756 3313 2756 3314 2756 3312 131 3315 131 3313 131 3315 2764 3316 2764 3313 2764 3315 2764 3317 2764 3316 2764 3316 2730 3318 2730 3319 2730 3317 2765 3318 2765 3316 2765 3319 2766 3312 2766 3314 2766 3318 2766 3312 2766 3319 2766 3315 2767 3312 2767 3318 2767 3317 2752 3315 2752 3318 2752 3314 10 3313 10 3319 10 3313 10 3316 10 3319 10 3320 2726 3321 2726 3322 2726 3320 2726 3323 2726 3321 2726 3323 2768 3324 2768 3321 2768 3323 2768 3325 2768 3324 2768 3325 2724 3326 2724 3324 2724 3325 2724 3327 2724 3326 2724 3327 2769 3322 2769 3326 2769 3327 2769 3320 2769 3322 2769 3323 2770 3320 2770 3327 2770 3325 8 3323 8 3327 8 3322 10 3321 10 3326 10 3321 10 3324 10 3326 10 3328 2771 3329 2771 3330 2771 3328 2726 3331 2726 3329 2726 3331 2757 3332 2757 3329 2757 3331 2757 3333 2757 3332 2757 3333 2724 3334 2724 3332 2724 3333 2724 3335 2724 3334 2724 3335 2772 3330 2772 3334 2772 3335 2773 3328 2773 3330 2773 3331 2770 3328 2770 3335 2770 3333 8 3331 8 3335 8 3330 10 3329 10 3334 10 3329 10 3332 10 3334 10 3336 131 3337 131 3338 131 3336 131 3339 131 3337 131 3339 2774 3340 2774 3337 2774 3339 2764 3341 2764 3340 2764 3341 2765 3342 2765 3340 2765 3341 2730 3343 2730 3342 2730 3343 2766 3338 2766 3342 2766 3343 2766 3336 2766 3338 2766 3339 2767 3336 2767 3343 2767 3341 2752 3339 2752 3343 2752 3338 10 3337 10 3342 10 3337 10 3340 10 3342 10 3344 2726 3345 2726 3346 2726 3344 2726 3347 2726 3345 2726 3347 2775 3348 2775 3345 2775 3347 2775 3349 2775 3348 2775 3348 2743 3350 2743 3351 2743 3349 2743 3350 2743 3348 2743 3350 2762 3346 2762 3351 2762 3350 2762 3344 2762 3346 2762 3347 1832 3344 1832 3350 1832 3349 8 3347 8 3350 8 3346 10 3345 10 3351 10 3345 10 3348 10 3351 10 3352 2776 3353 2776 3354 2776 3352 2777 3355 2777 3353 2777 3353 2778 3356 2778 3357 2778 3355 2757 3356 2757 3353 2757 3356 2724 3358 2724 3357 2724 3356 2724 3359 2724 3358 2724 3358 2779 3352 2779 3354 2779 3359 1490 3352 1490 3358 1490 3355 2780 3352 2780 3359 2780 3356 8 3355 8 3359 8 3354 10 3353 10 3358 10 3353 10 3357 10 3358 10 3360 132 3361 132 3362 132 3360 132 3363 132 3361 132 3361 2781 3364 2781 3365 2781 3363 2782 3364 2782 3361 2782 3365 2724 3366 2724 3367 2724 3364 2724 3366 2724 3365 2724 3366 2769 3362 2769 3367 2769 3366 2759 3360 2759 3362 2759 3363 2783 3360 2783 3366 2783 3364 8 3363 8 3366 8 3362 10 3361 10 3367 10 3361 10 3365 10 3367 10 3368 132 3369 132 3370 132 3368 2747 3371 2747 3369 2747 3369 2784 3372 2784 3373 2784 3371 2748 3372 2748 3369 2748 3372 135 3374 135 3373 135 3372 135 3375 135 3374 135 3375 2731 3370 2731 3374 2731 3375 2762 3368 2762 3370 2762 3371 2785 3368 2785 3375 2785 3372 2786 3371 2786 3375 2786 3370 10 3369 10 3374 10 3369 10 3373 10 3374 10 3376 131 3377 131 3378 131 3376 131 3379 131 3377 131 3377 2787 3380 2787 3381 2787 3379 2774 3380 2774 3377 2774 3380 2724 3382 2724 3381 2724 3380 2724 3383 2724 3382 2724 3382 2788 3376 2788 3378 2788 3383 1490 3376 1490 3382 1490 3379 2780 3376 2780 3383 2780 3380 8 3379 8 3383 8 3378 10 3377 10 3382 10 3377 10 3381 10 3382 10 3384 2789 3385 2789 3386 2789 3384 2726 3387 2726 3385 2726 3387 2784 3388 2784 3385 2784 3387 2748 3389 2748 3388 2748 3389 2743 3390 2743 3388 2743 3389 2743 3391 2743 3390 2743 3391 2731 3386 2731 3390 2731 3391 2731 3384 2731 3386 2731 3387 1832 3384 1832 3391 1832 3389 8 3387 8 3391 8 3386 10 3385 10 3390 10 3385 10 3388 10 3390 10 3392 132 3393 132 3394 132 3392 132 3395 132 3393 132 3395 2778 3396 2778 3393 2778 3395 2758 3397 2758 3396 2758 3397 2730 3398 2730 3396 2730 3397 2730 3399 2730 3398 2730 3398 2790 3392 2790 3394 2790 3399 2773 3392 2773 3398 2773 3395 2783 3392 2783 3399 2783 3397 2791 3395 2791 3399 2791 3394 10 3393 10 3398 10 3393 10 3396 10 3398 10 3400 131 3401 131 3402 131 3400 131 3403 131 3401 131 3403 2774 3404 2774 3401 2774 3403 2787 3405 2787 3404 2787 3405 2730 3406 2730 3404 2730 3405 2730 3407 2730 3406 2730 3407 2792 3402 2792 3406 2792 3407 2793 3400 2793 3402 2793 3403 2794 3400 2794 3407 2794 3405 2752 3403 2752 3407 2752 3402 10 3401 10 3406 10 3401 10 3404 10 3406 10 3408 2726 3409 2726 3410 2726 3408 2726 3411 2726 3409 2726 3409 2784 3412 2784 3413 2784 3411 2784 3412 2784 3409 2784 3412 2743 3414 2743 3413 2743 3412 2743 3415 2743 3414 2743 3415 2795 3410 2795 3414 2795 3415 2795 3408 2795 3410 2795 3411 2796 3408 2796 3415 2796 3412 8 3411 8 3415 8 3410 10 3409 10 3414 10 3409 10 3413 10 3414 10 3416 131 3417 131 3418 131 3416 131 3419 131 3417 131 3417 2774 3420 2774 3421 2774 3419 2787 3420 2787 3417 2787 3421 2797 3422 2797 3423 2797 3420 2724 3422 2724 3421 2724 3422 1490 3418 1490 3423 1490 3422 1490 3416 1490 3418 1490 3419 2780 3416 2780 3422 2780 3420 8 3419 8 3422 8 3418 10 3417 10 3423 10 3417 10 3421 10 3423 10 3424 132 3425 132 3426 132 3424 132 3427 132 3425 132 3425 2753 3428 2753 3429 2753 3427 2798 3428 2798 3425 2798 3428 2743 3430 2743 3429 2743 3428 2743 3431 2743 3430 2743 3431 2799 3426 2799 3430 2799 3431 2800 3424 2800 3426 2800 3427 2801 3424 2801 3431 2801 3428 8 3427 8 3431 8 3426 10 3425 10 3430 10 3425 10 3429 10 3430 10 3432 131 3433 131 3434 131 3432 131 3435 131 3433 131 3433 2774 3436 2774 3437 2774 3435 2787 3436 2787 3433 2787 3436 2802 3438 2802 3437 2802 3436 2803 3439 2803 3438 2803 3439 2804 3434 2804 3438 2804 3439 2759 3432 2759 3434 2759 3435 1847 3432 1847 3439 1847 3436 8 3435 8 3439 8 3434 10 3433 10 3438 10 3433 10 3437 10 3438 10 3440 2726 3441 2726 3442 2726 3440 2726 3443 2726 3441 2726 3441 2748 3444 2748 3445 2748 3443 2748 3444 2748 3441 2748 3445 2797 3446 2797 3447 2797 3444 2724 3446 2724 3445 2724 3447 1490 3440 1490 3442 1490 3446 2788 3440 2788 3447 2788 3443 2796 3440 2796 3446 2796 3444 8 3443 8 3446 8 3442 10 3441 10 3447 10 3441 10 3445 10 3447 10 3448 132 3449 132 3450 132 3448 132 3451 132 3449 132 3449 2805 3452 2805 3453 2805 3451 2806 3452 2806 3449 2806 3453 2743 3454 2743 3455 2743 3452 2743 3454 2743 3453 2743 3455 2731 3448 2731 3450 2731 3454 2795 3448 2795 3455 2795 3451 2763 3448 2763 3454 2763 3452 8 3451 8 3454 8 3450 10 3449 10 3455 10 3449 10 3453 10 3455 10 3456 131 3457 131 3458 131 3456 131 3459 131 3457 131 3457 2758 3460 2758 3461 2758 3459 2758 3460 2758 3457 2758 3460 2797 3462 2797 3461 2797 3460 2724 3463 2724 3462 2724 3462 2804 3456 2804 3458 2804 3463 2759 3456 2759 3462 2759 3459 1847 3456 1847 3463 1847 3460 8 3459 8 3463 8 3458 10 3457 10 3462 10 3457 10 3461 10 3462 10 3464 2789 3465 2789 3466 2789 3467 2726 3465 2726 3464 2726 3465 2753 3468 2753 3466 2753 3465 2798 3469 2798 3468 2798 3469 2743 3470 2743 3468 2743 3469 2743 3471 2743 3470 2743 3471 2773 3464 2773 3470 2773 3471 2773 3467 2773 3464 2773 3465 2807 3467 2807 3471 2807 3469 8 3465 8 3471 8 3464 10 3466 10 3470 10 3466 10 3468 10 3470 10 3472 2726 3473 2726 3474 2726 3472 2726 3475 2726 3473 2726 3475 2748 3476 2748 3473 2748 3475 2784 3477 2784 3476 2784 3476 2743 3478 2743 3479 2743 3477 2743 3478 2743 3476 2743 3479 2731 3472 2731 3474 2731 3478 2795 3472 2795 3479 2795 3475 2796 3472 2796 3478 2796 3477 8 3475 8 3478 8 3474 10 3473 10 3479 10 3473 10 3476 10 3479 10 3480 2808 3481 2808 3482 2808 3483 2809 3481 2809 3480 2809 3481 2787 3484 2787 3482 2787 3481 2787 3485 2787 3484 2787 3484 2730 3486 2730 3487 2730 3485 2730 3486 2730 3484 2730 3486 1490 3480 1490 3487 1490 3486 2788 3483 2788 3480 2788 3481 2810 3483 2810 3486 2810 3485 2811 3481 2811 3486 2811 3480 10 3482 10 3487 10 3482 10 3484 10 3487 10 3488 2812 3489 2812 3490 2812 3488 2812 3491 2812 3489 2812 3491 2753 3492 2753 3489 2753 3491 2753 3493 2753 3492 2753 3492 2813 3494 2813 3495 2813 3493 2814 3494 2814 3492 2814 3494 2795 3490 2795 3495 2795 3494 2795 3488 2795 3490 2795 3491 1832 3488 1832 3494 1832 3493 8 3491 8 3494 8 3490 10 3489 10 3495 10 3489 10 3492 10 3495 10 3496 2815 3497 2815 3498 2815 3496 2816 3499 2816 3497 2816 3497 2817 3500 2817 3501 2817 3499 2778 3500 2778 3497 2778 3500 2797 3502 2797 3501 2797 3500 2797 3503 2797 3502 2797 3503 2804 3498 2804 3502 2804 3503 2804 3496 2804 3498 2804 3499 2755 3496 2755 3503 2755 3500 8 3499 8 3503 8 3498 10 3497 10 3502 10 3497 10 3501 10 3502 10 3504 132 3505 132 3506 132 3504 132 3507 132 3505 132 3507 2805 3508 2805 3505 2805 3507 2806 3509 2806 3508 2806 3509 2814 3510 2814 3508 2814 3509 2818 3511 2818 3510 2818 3511 2790 3506 2790 3510 2790 3511 2790 3504 2790 3506 2790 3507 2783 3504 2783 3511 2783 3509 8 3507 8 3511 8 3506 10 3505 10 3510 10 3505 10 3508 10 3510 10 3512 2819 3513 2819 3514 2819 3515 132 3513 132 3512 132 3513 2774 3516 2774 3514 2774 3513 2820 3517 2820 3516 2820 3516 2803 3518 2803 3519 2803 3517 2797 3518 2797 3516 2797 3519 1495 3515 1495 3512 1495 3518 2821 3515 2821 3519 2821 3513 2822 3515 2822 3518 2822 3517 8 3513 8 3518 8 3512 10 3514 10 3519 10 3514 10 3516 10 3519 10 3520 2823 3521 2823 3522 2823 3523 2824 3521 2824 3520 2824 3522 2774 3524 2774 3525 2774 3521 2820 3524 2820 3522 2820 3524 2803 3526 2803 3525 2803 3524 2797 3527 2797 3526 2797 3526 2759 3523 2759 3520 2759 3527 2804 3523 2804 3526 2804 3521 2755 3523 2755 3527 2755 3524 8 3521 8 3527 8 3520 10 3522 10 3526 10 3522 10 3525 10 3526 10 3528 2726 3529 2726 3530 2726 3531 2726 3529 2726 3528 2726 3530 2825 3532 2825 3533 2825 3529 2798 3532 2798 3530 2798 3533 2743 3534 2743 3535 2743 3532 2743 3534 2743 3533 2743 3534 2773 3528 2773 3535 2773 3534 2826 3531 2826 3528 2826 3529 2807 3531 2807 3534 2807 3532 8 3529 8 3534 8 3528 10 3530 10 3535 10 3530 10 3533 10 3535 10 3536 2809 3537 2809 3538 2809 3536 2809 3539 2809 3537 2809 3539 2820 3540 2820 3537 2820 3539 2774 3541 2774 3540 2774 3540 2827 3542 2827 3543 2827 3541 2828 3542 2828 3540 2828 3542 1314 3538 1314 3543 1314 3542 2759 3536 2759 3538 2759 3539 2829 3536 2829 3542 2829 3541 2830 3539 2830 3542 2830 3538 10 3537 10 3543 10 3537 10 3540 10 3543 10 3544 2831 3545 2831 3546 2831 3547 2789 3545 2789 3544 2789 3545 2748 3548 2748 3546 2748 3545 2784 3549 2784 3548 2784 3548 2797 3550 2797 3551 2797 3549 2724 3550 2724 3548 2724 3551 2832 3547 2832 3544 2832 3550 2788 3547 2788 3551 2788 3545 2780 3547 2780 3550 2780 3549 8 3545 8 3550 8 3544 10 3546 10 3551 10 3546 10 3548 10 3551 10 3552 2833 3553 2833 3554 2833 3552 2834 3555 2834 3553 2834 3555 2748 3556 2748 3553 2748 3555 2784 3557 2784 3556 2784 3556 2743 3558 2743 3559 2743 3557 2743 3558 2743 3556 2743 3559 2790 3552 2790 3554 2790 3558 2826 3552 2826 3559 2826 3555 2807 3552 2807 3558 2807 3557 8 3555 8 3558 8 3554 10 3553 10 3559 10 3553 10 3556 10 3559 10 3560 131 3561 131 3562 131 3560 131 3563 131 3561 131 3563 2835 3564 2835 3561 2835 3563 2835 3565 2835 3564 2835 3564 2836 3566 2836 3567 2836 3565 2837 3566 2837 3564 2837 3566 2804 3562 2804 3567 2804 3566 2804 3560 2804 3562 2804 3563 2755 3560 2755 3566 2755 3565 8 3563 8 3566 8 3562 10 3561 10 3567 10 3561 10 3564 10 3567 10 3568 132 3569 132 3570 132 3568 2819 3571 2819 3569 2819 3569 2825 3572 2825 3573 2825 3571 2748 3572 2748 3569 2748 3573 2818 3574 2818 3575 2818 3572 2838 3574 2838 3573 2838 3574 1319 3570 1319 3575 1319 3574 2800 3568 2800 3570 2800 3571 1836 3568 1836 3574 1836 3572 8 3571 8 3574 8 3570 10 3569 10 3575 10 3569 10 3573 10 3575 10 3576 2823 3577 2823 3578 2823 3576 2839 3579 2839 3577 2839 3579 2778 3580 2778 3577 2778 3579 2787 3581 2787 3580 2787 3581 2724 3582 2724 3580 2724 3581 2840 3583 2840 3582 2840 3583 1314 3578 1314 3582 1314 3583 2804 3576 2804 3578 2804 3579 2755 3576 2755 3583 2755 3581 8 3579 8 3583 8 3578 10 3577 10 3582 10 3577 10 3580 10 3582 10 3584 2726 3585 2726 3586 2726 3584 2726 3587 2726 3585 2726 3587 2753 3588 2753 3585 2753 3587 2784 3589 2784 3588 2784 3589 2743 3590 2743 3588 2743 3589 2743 3591 2743 3590 2743 3591 2795 3586 2795 3590 2795 3591 2790 3584 2790 3586 2790 3587 2732 3584 2732 3591 2732 3589 8 3587 8 3591 8 3586 10 3585 10 3590 10 3585 10 3588 10 3590 10 3592 132 3593 132 3594 132 3592 132 3595 132 3593 132 3595 2841 3596 2841 3593 2841 3595 2841 3597 2841 3596 2841 3597 2743 3598 2743 3596 2743 3597 2743 3599 2743 3598 2743 3599 2790 3594 2790 3598 2790 3599 2790 3592 2790 3594 2790 3595 2783 3592 2783 3599 2783 3597 8 3595 8 3599 8 3594 10 3593 10 3598 10 3593 10 3596 10 3598 10 3600 2839 3601 2839 3602 2839 3600 2823 3603 2823 3601 2823 3603 2778 3604 2778 3601 2778 3603 2817 3605 2817 3604 2817 3604 2724 3606 2724 3607 2724 3605 2842 3606 2842 3604 2842 3606 2804 3602 2804 3607 2804 3606 2804 3600 2804 3602 2804 3603 2755 3600 2755 3606 2755 3605 8 3603 8 3606 8 3602 10 3601 10 3607 10 3601 10 3604 10 3607 10 3608 2726 3609 2726 3610 2726 3611 2726 3609 2726 3608 2726 3610 2784 3612 2784 3613 2784 3609 2784 3612 2784 3610 2784 3613 2818 3614 2818 3615 2818 3612 2843 3614 2843 3613 2843 3614 2826 3608 2826 3615 2826 3614 2790 3611 2790 3608 2790 3609 2844 3611 2844 3614 2844 3612 8 3609 8 3614 8 3608 10 3610 10 3615 10 3610 10 3613 10 3615 10 3616 2823 3617 2823 3618 2823 3616 2839 3619 2839 3617 2839 3617 2845 3620 2845 3621 2845 3619 2835 3620 2835 3617 2835 3621 2730 3622 2730 3623 2730 3620 2730 3622 2730 3621 2730 3622 1490 3618 1490 3623 1490 3622 1490 3616 1490 3618 1490 3619 2846 3616 2846 3622 2846 3620 8 3619 8 3622 8 3618 10 3617 10 3623 10 3617 10 3621 10 3623 10 3624 2847 3625 2847 3626 2847 3624 2847 3627 2847 3625 2847 3625 2787 3628 2787 3629 2787 3627 2778 3628 2778 3625 2778 3629 2842 3630 2842 3631 2842 3628 2724 3630 2724 3629 2724 3630 2848 3626 2848 3631 2848 3630 2848 3624 2848 3626 2848 3627 2849 3624 2849 3630 2849 3628 8 3627 8 3630 8 3626 10 3625 10 3631 10 3625 10 3629 10 3631 10 3632 2833 3633 2833 3634 2833 3635 2726 3633 2726 3632 2726 3634 2753 3636 2753 3637 2753 3633 2753 3636 2753 3634 2753 3637 2838 3638 2838 3639 2838 3636 2818 3638 2818 3637 2818 3638 2790 3632 2790 3639 2790 3638 2826 3635 2826 3632 2826 3633 2844 3635 2844 3638 2844 3636 8 3633 8 3638 8 3632 10 3634 10 3639 10 3634 10 3637 10 3639 10 3640 2823 3641 2823 3642 2823 3643 2839 3641 2839 3640 2839 3642 2778 3644 2778 3645 2778 3641 2850 3644 2850 3642 2850 3645 2851 3646 2851 3647 2851 3644 2851 3646 2851 3645 2851 3646 2804 3640 2804 3647 2804 3646 2804 3643 2804 3640 2804 3641 2755 3643 2755 3646 2755 3644 8 3641 8 3646 8 3640 10 3642 10 3647 10 3642 10 3645 10 3647 10 3648 132 3649 132 3650 132 3651 132 3649 132 3648 132 3650 2753 3652 2753 3653 2753 3649 2784 3652 2784 3650 2784 3653 135 3654 135 3655 135 3652 135 3654 135 3653 135 3654 2790 3648 2790 3655 2790 3654 2795 3651 2795 3648 2795 3649 2852 3651 2852 3654 2852 3652 2811 3649 2811 3654 2811 3648 10 3650 10 3655 10 3650 10 3653 10 3655 10 3656 2853 3657 2853 3658 2853 3659 2853 3657 2853 3656 2853 3657 2787 3660 2787 3658 2787 3657 2778 3661 2778 3660 2778 3660 2851 3662 2851 3663 2851 3661 2842 3662 2842 3660 2842 3662 1319 3656 1319 3663 1319 3662 2800 3659 2800 3656 2800 3657 1836 3659 1836 3662 1836 3661 8 3657 8 3662 8 3656 10 3658 10 3663 10 3658 10 3660 10 3663 10 3664 2812 3665 2812 3666 2812 3667 2833 3665 2833 3664 2833 3665 2753 3668 2753 3666 2753 3665 2825 3669 2825 3668 2825 3669 2724 3670 2724 3668 2724 3669 2724 3671 2724 3670 2724 3671 1314 3664 1314 3670 1314 3671 2804 3667 2804 3664 2804 3665 1847 3667 1847 3671 1847 3669 8 3665 8 3671 8 3664 10 3666 10 3670 10 3666 10 3668 10 3670 10 3672 2726 3673 2726 3674 2726 3675 2726 3673 2726 3672 2726 3673 2854 3676 2854 3674 2854 3673 2855 3677 2855 3676 2855 3677 2856 3678 2856 3676 2856 3677 2856 3679 2856 3678 2856 3679 2826 3672 2826 3678 2826 3679 2790 3675 2790 3672 2790 3673 2760 3675 2760 3679 2760 3677 8 3673 8 3679 8 3672 10 3674 10 3678 10 3674 10 3676 10 3678 10 3680 2839 3681 2839 3682 2839 3683 2823 3681 2823 3680 2823 3681 2857 3684 2857 3682 2857 3681 2858 3685 2858 3684 2858 3684 2724 3686 2724 3687 2724 3685 2724 3686 2724 3684 2724 3687 2859 3683 2859 3680 2859 3686 2792 3683 2792 3687 2792 3681 2794 3683 2794 3686 2794 3685 8 3681 8 3686 8 3680 10 3682 10 3687 10 3682 10 3684 10 3687 10 3688 2853 3689 2853 3690 2853 3691 2853 3689 2853 3688 2853 3689 2860 3692 2860 3690 2860 3689 2860 3693 2860 3692 2860 3692 2861 3694 2861 3695 2861 3693 2861 3694 2861 3692 2861 3695 2790 3691 2790 3688 2790 3694 2790 3691 2790 3695 2790 3689 2783 3691 2783 3694 2783 3693 8 3689 8 3694 8 3688 10 3690 10 3695 10 3690 10 3692 10 3695 10 3696 132 3697 132 3698 132 3696 132 3699 132 3697 132 3699 2857 3700 2857 3697 2857 3699 2857 3701 2857 3700 2857 3700 2724 3702 2724 3703 2724 3701 2724 3702 2724 3700 2724 3703 2790 3696 2790 3698 2790 3702 2790 3696 2790 3703 2790 3699 2783 3696 2783 3702 2783 3701 8 3699 8 3702 8 3698 10 3697 10 3703 10 3697 10 3700 10 3703 10 3704 2862 3705 2862 3706 2862 3704 2847 3707 2847 3705 2847 3705 2863 3708 2863 3709 2863 3707 2857 3708 2857 3705 2857 3709 2724 3710 2724 3711 2724 3708 2724 3710 2724 3709 2724 3711 1314 3704 1314 3706 1314 3710 2804 3704 2804 3711 2804 3707 2829 3704 2829 3710 2829 3708 8 3707 8 3710 8 3706 10 3705 10 3711 10 3705 10 3709 10 3711 10 3712 2864 3713 2864 3714 2864 3715 2864 3713 2864 3712 2864 3714 2784 3716 2784 3717 2784 3713 2784 3716 2784 3714 2784 3717 2865 3718 2865 3719 2865 3716 2866 3718 2866 3717 2866 3718 2790 3712 2790 3719 2790 3718 2826 3715 2826 3712 2826 3713 2760 3715 2760 3718 2760 3716 8 3713 8 3718 8 3712 10 3714 10 3719 10 3714 10 3717 10 3719 10 3720 2862 3721 2862 3722 2862 3723 2847 3721 2847 3720 2847 3722 2867 3724 2867 3725 2867 3721 2835 3724 2835 3722 2835 3725 2868 3726 2868 3727 2868 3724 2869 3726 2869 3725 2869 3726 1490 3720 1490 3727 1490 3726 1490 3723 1490 3720 1490 3721 2870 3723 2870 3726 2870 3724 8 3721 8 3726 8 3720 10 3722 10 3727 10 3722 10 3725 10 3727 10 3728 2833 3729 2833 3730 2833 3731 2726 3729 2726 3728 2726 3729 2753 3732 2753 3730 2753 3729 2753 3733 2753 3732 2753 3733 2743 3734 2743 3732 2743 3733 2743 3735 2743 3734 2743 3735 2826 3728 2826 3734 2826 3735 2790 3731 2790 3728 2790 3729 2871 3731 2871 3735 2871 3733 8 3729 8 3735 8 3728 10 3730 10 3734 10 3730 10 3732 10 3734 10 3736 2726 3737 2726 3738 2726 3739 2726 3737 2726 3736 2726 3737 2835 3740 2835 3738 2835 3737 2835 3741 2835 3740 2835 3740 2730 3742 2730 3743 2730 3741 2730 3742 2730 3740 2730 3742 2790 3736 2790 3743 2790 3742 2790 3739 2790 3736 2790 3737 2770 3739 2770 3742 2770 3741 8 3737 8 3742 8 3736 10 3738 10 3743 10 3738 10 3740 10 3743 10 3744 2872 3745 2872 3746 2872 3747 2873 3745 2873 3744 2873 3745 2867 3748 2867 3746 2867 3745 2867 3749 2867 3748 2867 3748 2724 3750 2724 3751 2724 3749 2840 3750 2840 3748 2840 3750 2804 3744 2804 3751 2804 3750 2804 3747 2804 3744 2804 3745 1856 3747 1856 3750 1856 3749 8 3745 8 3750 8 3744 10 3746 10 3751 10 3746 10 3748 10 3751 10 3752 2726 3753 2726 3754 2726 3755 2726 3753 2726 3752 2726 3753 2784 3756 2784 3754 2784 3753 2784 3757 2784 3756 2784 3756 2838 3758 2838 3759 2838 3757 2818 3758 2818 3756 2818 3758 2874 3752 2874 3759 2874 3758 2790 3755 2790 3752 2790 3753 2796 3755 2796 3758 2796 3757 8 3753 8 3758 8 3752 10 3754 10 3759 10 3754 10 3756 10 3759 10 3760 2823 3761 2823 3762 2823 3763 2823 3761 2823 3760 2823 3761 2867 3764 2867 3762 2867 3761 2867 3765 2867 3764 2867 3765 2730 3766 2730 3764 2730 3765 2730 3767 2730 3766 2730 3767 2804 3760 2804 3766 2804 3767 2804 3763 2804 3760 2804 3761 2755 3763 2755 3767 2755 3765 8 3761 8 3767 8 3760 10 3762 10 3766 10 3762 10 3764 10 3766 10 3768 2726 3769 2726 3770 2726 3768 2726 3771 2726 3769 2726 3769 2753 3772 2753 3773 2753 3771 2753 3772 2753 3769 2753 3772 2828 3774 2828 3773 2828 3772 2875 3775 2875 3774 2875 3775 2859 3770 2859 3774 2859 3775 2859 3768 2859 3770 2859 3771 2876 3768 2876 3775 2876 3772 2877 3771 2877 3775 2877 3770 10 3769 10 3774 10 3769 10 3773 10 3774 10 3776 2726 3777 2726 3778 2726 3776 2726 3779 2726 3777 2726 3777 2753 3780 2753 3781 2753 3779 2784 3780 2784 3777 2784 3780 2818 3782 2818 3781 2818 3780 2743 3783 2743 3782 2743 3783 2790 3778 2790 3782 2790 3783 2790 3776 2790 3778 2790 3779 2878 3776 2878 3783 2878 3780 8 3779 8 3783 8 3778 10 3777 10 3782 10 3777 10 3781 10 3782 10 3784 2853 3785 2853 3786 2853 3787 132 3785 132 3784 132 3786 2753 3788 2753 3789 2753 3785 2784 3788 2784 3786 2784 3788 2875 3790 2875 3789 2875 3788 2730 3791 2730 3790 2730 3791 2804 3784 2804 3790 2804 3791 1490 3787 1490 3784 1490 3785 2785 3787 2785 3791 2785 3788 2879 3785 2879 3791 2879 3784 10 3786 10 3790 10 3786 10 3789 10 3790 10 3792 2880 3793 2880 3794 2880 3795 2864 3793 2864 3792 2864 3794 2784 3796 2784 3797 2784 3793 2753 3796 2753 3794 2753 3796 2881 3798 2881 3797 2881 3796 2882 3799 2882 3798 2882 3798 2883 3795 2883 3792 2883 3799 2883 3795 2883 3798 2883 3793 2884 3795 2884 3799 2884 3796 2885 3793 2885 3799 2885 3792 10 3794 10 3798 10 3794 10 3797 10 3798 10 3800 2726 3801 2726 3802 2726 3803 2833 3801 2833 3800 2833 3801 2867 3804 2867 3802 2867 3801 2835 3805 2835 3804 2835 3805 2828 3806 2828 3804 2828 3805 2730 3807 2730 3806 2730 3806 2826 3803 2826 3800 2826 3807 2790 3803 2790 3806 2790 3801 2760 3803 2760 3807 2760 3805 8 3801 8 3807 8 3800 10 3802 10 3806 10 3802 10 3804 10 3806 10 3808 2823 3809 2823 3810 2823 3808 1839 3811 1839 3809 1839 3809 2845 3812 2845 3813 2845 3811 2886 3812 2886 3809 2886 3813 2882 3814 2882 3815 2882 3812 2856 3814 2856 3813 2856 3815 2790 3808 2790 3810 2790 3814 2826 3808 2826 3815 2826 3811 2755 3808 2755 3814 2755 3812 8 3811 8 3814 8 3810 10 3809 10 3815 10 3809 10 3813 10 3815 10 3816 2853 3817 2853 3818 2853 3816 132 3819 132 3817 132 3819 2753 3820 2753 3817 2753 3819 2784 3821 2784 3820 2784 3821 135 3822 135 3820 135 3821 2881 3823 2881 3822 2881 3822 2826 3816 2826 3818 2826 3823 2874 3816 2874 3822 2874 3819 2887 3816 2887 3823 2887 3821 2885 3819 2885 3823 2885 3818 10 3817 10 3822 10 3817 10 3820 10 3822 10 3824 131 3825 131 3826 131 3824 2839 3827 2839 3825 2839 3825 2857 3828 2857 3829 2857 3827 2857 3828 2857 3825 2857 3829 2724 3830 2724 3831 2724 3828 2851 3830 2851 3829 2851 3831 2859 3824 2859 3826 2859 3830 2859 3824 2859 3831 2859 3827 2888 3824 2888 3830 2888 3828 8 3827 8 3830 8 3826 10 3825 10 3831 10 3825 10 3829 10 3831 10 3832 2889 3833 2889 3834 2889 3832 2889 3835 2889 3833 2889 3835 2890 3836 2890 3833 2890 3835 2891 3837 2891 3836 2891 3837 2861 3838 2861 3836 2861 3837 2866 3839 2866 3838 2866 3838 2795 3832 2795 3834 2795 3839 2874 3832 2874 3838 2874 3835 2892 3832 2892 3839 2892 3837 8 3835 8 3839 8 3834 10 3833 10 3838 10 3833 10 3836 10 3838 10 3840 2893 3841 2893 3842 2893 3840 2847 3843 2847 3841 2847 3841 2857 3844 2857 3845 2857 3843 2894 3844 2894 3841 2894 3844 2842 3846 2842 3845 2842 3844 2724 3847 2724 3846 2724 3847 2804 3842 2804 3846 2804 3847 2804 3840 2804 3842 2804 3843 2895 3840 2895 3847 2895 3844 8 3843 8 3847 8 3842 10 3841 10 3846 10 3841 10 3845 10 3846 10 3848 2847 3849 2847 3850 2847 3851 2808 3849 2808 3848 2808 3850 2857 3852 2857 3853 2857 3849 2896 3852 2896 3850 2896 3852 2724 3854 2724 3853 2724 3852 2724 3855 2724 3854 2724 3855 1314 3848 1314 3854 1314 3855 2897 3851 2897 3848 2897 3849 2763 3851 2763 3855 2763 3852 8 3849 8 3855 8 3848 10 3850 10 3854 10 3850 10 3853 10 3854 10 3856 2898 3857 2898 3858 2898 3856 2899 3859 2899 3857 2899 3857 2835 3860 2835 3861 2835 3859 2900 3860 2900 3857 2900 3860 2724 3862 2724 3861 2724 3860 2842 3863 2842 3862 2842 3863 2790 3858 2790 3862 2790 3863 2874 3856 2874 3858 2874 3859 1832 3856 1832 3863 1832 3860 8 3859 8 3863 8 3858 10 3857 10 3862 10 3857 10 3861 10 3862 10 3864 2862 3865 2862 3866 2862 3867 2862 3865 2862 3864 2862 3866 2863 3868 2863 3869 2863 3865 2896 3868 2896 3866 2896 3868 2851 3870 2851 3869 2851 3868 2851 3871 2851 3870 2851 3871 2804 3864 2804 3870 2804 3871 1490 3867 1490 3864 1490 3865 2852 3867 2852 3871 2852 3868 8 3865 8 3871 8 3864 10 3866 10 3870 10 3866 10 3869 10 3870 10 3872 2833 3873 2833 3874 2833 3875 2726 3873 2726 3872 2726 3874 2753 3876 2753 3877 2753 3873 2753 3876 2753 3874 2753 3876 2743 3878 2743 3877 2743 3876 2838 3879 2838 3878 2838 3878 2790 3875 2790 3872 2790 3879 2790 3875 2790 3878 2790 3873 2770 3875 2770 3879 2770 3876 8 3873 8 3879 8 3872 10 3874 10 3878 10 3874 10 3877 10 3878 10 3880 2726 3881 2726 3882 2726 3880 2726 3883 2726 3881 2726 3881 2784 3884 2784 3885 2784 3883 2784 3884 2784 3881 2784 3884 2838 3886 2838 3885 2838 3884 2743 3887 2743 3886 2743 3886 2874 3880 2874 3882 2874 3887 2795 3880 2795 3886 2795 3883 2901 3880 2901 3887 2901 3884 8 3883 8 3887 8 3882 10 3881 10 3886 10 3881 10 3885 10 3886 10 3888 2902 3889 2902 3890 2902 3891 2903 3889 2903 3888 2903 3890 2890 3892 2890 3893 2890 3889 2890 3892 2890 3890 2890 3893 2743 3894 2743 3895 2743 3892 2743 3894 2743 3893 2743 3895 2790 3891 2790 3888 2790 3894 2795 3891 2795 3895 2795 3889 2725 3891 2725 3894 2725 3892 8 3889 8 3894 8 3888 10 3890 10 3895 10 3890 10 3893 10 3895 10 3896 2904 3897 2904 3898 2904 3896 2833 3899 2833 3897 2833 3897 2784 3900 2784 3901 2784 3899 2905 3900 2905 3897 2905 3900 2818 3902 2818 3901 2818 3900 2818 3903 2818 3902 2818 3902 2790 3896 2790 3898 2790 3903 2874 3896 2874 3902 2874 3899 2732 3896 2732 3903 2732 3900 8 3899 8 3903 8 3898 10 3897 10 3902 10 3897 10 3901 10 3902 10 3904 131 3905 131 3906 131 3907 2823 3905 2823 3904 2823 3906 2835 3908 2835 3909 2835 3905 2835 3908 2835 3906 2835 3909 2730 3910 2730 3911 2730 3908 2730 3910 2730 3909 2730 3911 2804 3907 2804 3904 2804 3910 1314 3907 1314 3911 1314 3905 1847 3907 1847 3910 1847 3908 8 3905 8 3910 8 3904 10 3906 10 3911 10 3906 10 3909 10 3911 10 3912 2812 3913 2812 3914 2812 3912 2726 3915 2726 3913 2726 3913 2753 3916 2753 3917 2753 3915 2784 3916 2784 3913 2784 3916 2818 3918 2818 3917 2818 3916 2743 3919 2743 3918 2743 3918 2790 3912 2790 3914 2790 3919 2795 3912 2795 3918 2795 3915 1832 3912 1832 3919 1832 3916 8 3915 8 3919 8 3914 10 3913 10 3918 10 3913 10 3917 10 3918 10 3920 2823 3921 2823 3922 2823 3920 1839 3923 1839 3921 1839 3921 2835 3924 2835 3925 2835 3923 2886 3924 2886 3921 2886 3924 2875 3926 2875 3925 2875 3924 2730 3927 2730 3926 2730 3926 1490 3920 1490 3922 1490 3927 2804 3920 2804 3926 2804 3923 2906 3920 2906 3927 2906 3924 8 3923 8 3927 8 3922 10 3921 10 3926 10 3921 10 3925 10 3926 10 3928 2823 3929 2823 3930 2823 3931 131 3929 131 3928 131 3930 2867 3932 2867 3933 2867 3929 2845 3932 2845 3930 2845 3932 2730 3934 2730 3933 2730 3932 2828 3935 2828 3934 2828 3934 1490 3931 1490 3928 1490 3935 2804 3931 2804 3934 2804 3929 2906 3931 2906 3935 2906 3932 8 3929 8 3935 8 3928 10 3930 10 3934 10 3930 10 3933 10 3934 10 3936 132 3937 132 3938 132 3936 132 3939 132 3937 132 3937 2825 3940 2825 3941 2825 3939 2753 3940 2753 3937 2753 3940 2743 3942 2743 3941 2743 3940 2907 3943 2907 3942 2907 3942 2800 3936 2800 3938 2800 3943 1495 3936 1495 3942 1495 3939 1836 3936 1836 3943 1836 3940 8 3939 8 3943 8 3938 10 3937 10 3942 10 3937 10 3941 10 3942 10 3944 131 3945 131 3946 131 3944 131 3947 131 3945 131 3945 2867 3948 2867 3949 2867 3947 2867 3948 2867 3945 2867 3948 2908 3950 2908 3949 2908 3948 2909 3951 2909 3950 2909 3950 1369 3944 1369 3946 1369 3951 1314 3944 1314 3950 1314 3947 2796 3944 2796 3951 2796 3948 8 3947 8 3951 8 3946 10 3945 10 3950 10 3945 10 3949 10 3950 10 3952 132 3953 132 3954 132 3955 1821 3953 1821 3952 1821 3954 2825 3956 2825 3957 2825 3953 2784 3956 2784 3954 2784 3956 2843 3958 2843 3957 2843 3956 2743 3959 2743 3958 2743 3958 1319 3955 1319 3952 1319 3959 1495 3955 1495 3958 1495 3953 1836 3955 1836 3959 1836 3956 8 3953 8 3959 8 3952 10 3954 10 3958 10 3954 10 3957 10 3958 10 3960 132 3961 132 3962 132 3960 132 3963 132 3961 132 3961 2910 3964 2910 3965 2910 3963 2863 3964 2863 3961 2863 3964 2911 3966 2911 3965 2911 3964 2911 3967 2911 3966 2911 3966 1495 3960 1495 3962 1495 3967 1495 3960 1495 3966 1495 3963 2912 3960 2912 3967 2912 3964 2913 3963 2913 3967 2913 3962 10 3961 10 3966 10 3961 10 3965 10 3966 10 3968 131 3969 131 3970 131 3971 2914 3969 2914 3968 2914 3969 2858 3972 2858 3970 2858 3969 2863 3973 2863 3972 2863 3973 2915 3974 2915 3972 2915 3973 2916 3975 2916 3974 2916 3974 1314 3971 1314 3968 1314 3975 1314 3971 1314 3974 1314 3969 2844 3971 2844 3975 2844 3973 2917 3969 2917 3975 2917 3968 10 3970 10 3974 10 3970 10 3972 10 3974 10 3976 132 3977 132 3978 132 3976 132 3979 132 3977 132 3977 2784 3980 2784 3981 2784 3979 2825 3980 2825 3977 2825 3981 2918 3982 2918 3983 2918 3980 2919 3982 2919 3981 2919 3983 1532 3976 1532 3978 1532 3982 1532 3976 1532 3983 1532 3979 2920 3976 2920 3982 2920 3980 8 3979 8 3982 8 3978 10 3977 10 3983 10 3977 10 3981 10 3983 10 3984 131 3985 131 3986 131 3987 131 3985 131 3984 131 3986 2858 3988 2858 3989 2858 3985 2858 3988 2858 3986 2858 3988 2915 3990 2915 3989 2915 3988 2911 3991 2911 3990 2911 3991 1490 3984 1490 3990 1490 3991 1314 3987 1314 3984 1314 3985 1856 3987 1856 3991 1856 3988 2913 3985 2913 3991 2913 3984 10 3986 10 3990 10 3986 10 3989 10 3990 10 3992 2864 3993 2864 3994 2864 3992 2864 3995 2864 3993 2864 3993 2825 3996 2825 3997 2825 3995 2784 3996 2784 3993 2784 3996 2907 3998 2907 3997 2907 3996 2743 3999 2743 3998 2743 3999 1532 3994 1532 3998 1532 3999 1532 3992 1532 3994 1532 3995 2921 3992 2921 3999 2921 3996 8 3995 8 3999 8 3994 10 3993 10 3998 10 3993 10 3997 10 3998 10 4000 2864 4001 2864 4002 2864 4003 2864 4001 2864 4000 2864 4002 2867 4004 2867 4005 2867 4001 2886 4004 2886 4002 2886 4004 2730 4006 2730 4005 2730 4004 2909 4007 2909 4006 2909 4007 1323 4000 1323 4006 1323 4007 1323 4003 1323 4000 1323 4001 2922 4003 2922 4007 2922 4004 8 4001 8 4007 8 4000 10 4002 10 4006 10 4002 10 4005 10 4006 10 4008 1839 4009 1839 4010 1839 4008 1839 4011 1839 4009 1839 4009 2863 4012 2863 4013 2863 4011 2858 4012 2858 4009 2858 4012 2730 4014 2730 4013 2730 4012 2908 4015 2908 4014 2908 4014 1427 4008 1427 4010 1427 4015 1427 4008 1427 4014 1427 4011 2923 4008 2923 4015 2923 4012 8 4011 8 4015 8 4010 10 4009 10 4014 10 4009 10 4013 10 4014 10 4016 2898 4017 2898 4018 2898 4019 2880 4017 2880 4016 2880 4018 2924 4020 2924 4021 2924 4017 2825 4020 2825 4018 2825 4020 2843 4022 2843 4021 2843 4020 2843 4023 2843 4022 2843 4022 1323 4019 1323 4016 1323 4023 1323 4019 1323 4022 1323 4017 2925 4019 2925 4023 2925 4020 8 4017 8 4023 8 4016 10 4018 10 4022 10 4018 10 4021 10 4022 10 4024 131 4025 131 4026 131 4024 131 4027 131 4025 131 4025 2867 4028 2867 4029 2867 4027 2886 4028 2886 4025 2886 4028 2730 4030 2730 4029 2730 4028 2908 4031 2908 4030 2908 4030 1314 4024 1314 4026 1314 4031 1369 4024 1369 4030 1369 4027 2780 4024 2780 4031 2780 4028 8 4027 8 4031 8 4026 10 4025 10 4030 10 4025 10 4029 10 4030 10 4032 132 4033 132 4034 132 4032 1821 4035 1821 4033 1821 4033 2825 4036 2825 4037 2825 4035 2825 4036 2825 4033 2825 4036 2743 4038 2743 4037 2743 4036 2743 4039 2743 4038 2743 4038 1495 4032 1495 4034 1495 4039 1319 4032 1319 4038 1319 4035 1836 4032 1836 4039 1836 4036 8 4035 8 4039 8 4034 10 4033 10 4038 10 4033 10 4037 10 4038 10 4040 2898 4041 2898 4042 2898 4040 2864 4043 2864 4041 2864 4041 2784 4044 2784 4045 2784 4043 2784 4044 2784 4041 2784 4044 2843 4046 2843 4045 2843 4044 2743 4047 2743 4046 2743 4046 1532 4040 1532 4042 1532 4047 1532 4040 1532 4046 1532 4043 2926 4040 2926 4047 2926 4044 8 4043 8 4047 8 4042 10 4041 10 4046 10 4041 10 4045 10 4046 10 4048 27 4049 27 4050 27 4051 28 4049 28 4048 28 4049 30 4052 30 4050 30 4049 125 4053 125 4052 125 4052 23 4054 23 4055 23 4053 76 4054 76 4052 76 4054 2927 4048 2927 4055 2927 4054 2928 4051 2928 4048 2928 4049 8 4051 8 4054 8 4049 26 4054 26 4053 26 4055 10 4050 10 4052 10 4048 10 4050 10 4055 10 4056 2929 4057 2929 4058 2929 4059 2929 4057 2929 4056 2929 4058 2930 4060 2930 4061 2930 4057 2931 4060 2931 4058 2931 4060 2932 4062 2932 4061 2932 4060 2932 4063 2932 4062 2932 4062 2933 4059 2933 4056 2933 4063 2934 4059 2934 4062 2934 4059 2935 4063 2935 4060 2935 4059 2936 4060 2936 4057 2936 4062 10 4056 10 4061 10 4061 10 4056 10 4058 10 4064 2937 4065 2937 4066 2937 4067 2937 4065 2937 4064 2937 4066 2938 4068 2938 4069 2938 4065 270 4068 270 4066 270 4069 2939 4070 2939 4071 2939 4068 2940 4070 2940 4069 2940 4070 241 4064 241 4071 241 4070 241 4067 241 4064 241 4067 8 4070 8 4068 8 4067 242 4068 242 4065 242 4071 10 4064 10 4069 10 4069 10 4064 10 4066 10 4072 2941 4073 2941 4074 2941 4075 2942 4073 2942 4072 2942 4074 270 4076 270 4077 270 4073 270 4076 270 4074 270 4077 2943 4078 2943 4079 2943 4076 5 4078 5 4077 5 4078 240 4072 240 4079 240 4078 2944 4075 2944 4072 2944 4075 8 4078 8 4076 8 4075 242 4076 242 4073 242 4079 10 4072 10 4077 10 4077 10 4072 10 4074 10 4080 0 4081 0 4082 0 4083 2945 4081 2945 4080 2945 4081 2931 4084 2931 4082 2931 4081 2938 4085 2938 4084 2938 4085 5 4086 5 4084 5 4085 5 4087 5 4086 5 4087 2933 4080 2933 4086 2933 4087 2934 4083 2934 4080 2934 4081 8 4087 8 4085 8 4083 2946 4087 2946 4081 2946 4086 10 4082 10 4084 10 4086 10 4080 10 4082 10 4088 2942 4089 2942 4090 2942 4091 2947 4089 2947 4088 2947 4089 2938 4092 2938 4090 2938 4089 2938 4093 2938 4092 2938 4093 2943 4094 2943 4092 2943 4093 5 4095 5 4094 5 4095 240 4088 240 4094 240 4095 241 4091 241 4088 241 4091 8 4095 8 4093 8 4091 242 4093 242 4089 242 4094 10 4090 10 4092 10 4094 10 4088 10 4090 10 4096 0 4097 0 4098 0 4099 2945 4097 2945 4096 2945 4098 271 4100 271 4101 271 4097 2931 4100 2931 4098 2931 4101 239 4102 239 4103 239 4100 238 4102 238 4101 238 4102 2948 4096 2948 4103 2948 4102 240 4099 240 4096 240 4099 8 4102 8 4100 8 4099 242 4100 242 4097 242 4103 10 4096 10 4101 10 4101 10 4096 10 4098 10</p>
        </triangles>
      </mesh>
    </geometry>
  </library_geometries>
  <library_visual_scenes>
    <visual_scene id="Scene" name="Scene">
      <node id="node0" name="node0" type="NODE">
        <matrix sid="transform">0.9989699 0.04536299 0 0 -0.04536296 0.9989706 0 0 0 0 1 1 0 0 0 1</matrix>
        <instance_geometry url="#Compound-mesh" name="node0">
          <bind_material>
            <technique_common>
              <instance_material symbol="Compound-material" target="#Compound-material"/>
            </technique_common>
          </bind_material>
        </instance_geometry>
      </node>
      <node id="Camera" name="Camera" type="NODE">
        <matrix sid="transform">0.6859207 -0.3240135 0.6515582 7.358891 0.7276763 0.3054208 -0.6141704 -6.925791 0 0.8953956 0.4452714 4.958309 0 0 0 1</matrix>
        <instance_camera url="#Camera-camera"/>
      </node>
      <node id="Light" name="Light" type="NODE">
        <matrix sid="transform">-0.2908646 -0.7711008 0.5663932 4.076245 0.9551712 -0.1998834 0.2183912 1.005454 -0.05518906 0.6045247 0.7946723 5.903862 0 0 0 1</matrix>
        <instance_light url="#Light-light"/>
      </node>
    </visual_scene>
  </library_visual_scenes>
  <scene>
    <instance_visual_scene url="#Scene"/>
  </scene>
</COLLADA>