<?xml version="1.0" encoding="utf-8"?>
<COLLADA xmlns="http://www.collada.org/2005/11/COLLADASchema" version="1.4.1" xmlns:xsi="http://www.w3.org/2001/XMLSchema-instance">
  <asset>
    <contributor>
      <author>Blender User</author>
      <authoring_tool>Blender 3.0.1</authoring_tool>
    </contributor>
    <created>2024-05-13T11:21:56</created>
    <modified>2024-05-13T11:21:56</modified>
    <unit name="meter" meter="1"/>
    <up_axis>Z_UP</up_axis>
  </asset>
  <library_effects>
    <effect id="Compound_002-effect">
      <profile_COMMON>
        <technique sid="common">
          <lambert>
            <emission>
              <color sid="emission">0 0 0 1</color>
            </emission>
            <diffuse>
              <color sid="diffuse">0.12371 0.02847963 0.003709512 1</color>
            </diffuse>
            <reflectivity>
              <float sid="specular">0.5</float>
            </reflectivity>
            <index_of_refraction>
              <float sid="ior">1.45</float>
            </index_of_refraction>
          </lambert>
        </technique>
      </profile_COMMON>
    </effect>
  </library_effects>
  <library_images/>
  <library_materials>
    <material id="Compound_002-material" name="Compound.002">
      <instance_effect url="#Compound_002-effect"/>
    </material>
  </library_materials>
  <library_geometries>
    <geometry id="Compound_002-mesh" name="Compound.002">
      <mesh>
        <source id="Compound_002-mesh-positions">
          <float_array id="Compound_002-mesh-positions-array" count="11172">41.97423 81.03646 0 42.07632 80.19261 0.04999995 42.07632 80.19261 0 41.97423 81.03646 0.04999995 39.725 79.90814 0 39.62291 80.75198 0.04999995 39.62291 80.75198 0 164.6372 99.96542 0 165.4815 100.0639 0.00999999 165.7596 97.67959 0 165.7596 97.67959 0.00999999 164.9153 97.58111 0.00999999 164.9153 97.58111 0 165.5018 100.0617 0.00999999 166.3461 100.1602 0 166.3461 100.1602 0.00999999 166.6242 97.77585 0 166.6242 97.77585 0.00999999 165.78 97.67737 0.00999999 165.78 97.67737 0 166.3665 100.1579 0 167.2108 100.2564 0.00999999 166.3665 100.1579 0.00999999 167.4889 97.87211 0.00999999 167.4889 97.87211 0 166.6446 97.77362 0.00999999 167.2312 100.2542 0 168.0754 100.3527 0.00999999 168.0754 100.3527 0 167.2312 100.2542 0.00999999 168.3536 97.96837 0 168.3536 97.96837 0.00999999 167.5093 97.86988 0 168.0958 100.3504 0 168.9401 100.4489 0.00999999 168.9401 100.4489 0 168.0958 100.3504 0.00999999 169.2182 98.06463 0 169.2182 98.06463 0.00999999 168.3739 97.96614 0 168.9605 100.4467 0 169.8048 100.5452 0.00999999 168.9605 100.4467 0.00999999 170.0829 98.16088 0.00999999 170.0829 98.16088 0 169.2386 98.0624 0.00999999 169.8251 100.543 0 170.6694 100.6414 0.00999999 170.6694 100.6414 0 169.8251 100.543 0.00999999 170.9475 98.25714 0 170.9475 98.25714 0.00999999 170.1033 98.15866 0 170.6898 100.6392 0 171.5341 100.7377 0.00999999 171.5341 100.7377 0 170.6898 100.6392 0.00999999 171.8122 98.35339 0 171.8122 98.35339 0.00999999 170.9679 98.25491 0 171.5545 100.7355 0 172.3987 100.834 0.00999999 172.3987 100.834 0 171.5545 100.7355 0.00999999 172.6769 98.44965 0.00999999 171.8326 98.35116 0 172.4191 100.8317 0 173.2634 100.9302 0.00999999 173.2634 100.9302 0 172.4191 100.8317 0.00999999 173.5415 98.54591 0 173.5415 98.54591 0.00999999 172.6972 98.44742 0 173.2838 100.928 0 174.128 101.0265 0.00999999 174.128 101.0265 0 173.2838 100.928 0.00999999 174.4062 98.64216 0 173.5619 98.54368 0.00999999 173.5619 98.54368 0 174.1484 101.0242 0 174.9927 101.1227 0.00999999 174.9927 101.1227 0 174.1484 101.0242 0.00999999 175.2708 98.73842 0.00999999 174.4266 98.63994 0 175.0131 101.1205 0 175.8574 101.219 0.00999999 175.8574 101.219 0 175.0131 101.1205 0.00999999 176.1355 98.83468 0 176.1355 98.83468 0.00999999 175.2912 98.7362 0 175.8777 101.2168 0 176.722 101.3152 0.00999999 176.722 101.3152 0 175.8777 101.2168 0.00999999 177.0001 98.93093 0 176.1559 98.83245 0.00999999 176.1559 98.83245 0 176.7424 101.313 0 177.5867 101.4115 0.00999999 176.7424 101.313 0.00999999 177.8648 99.02719 0.00999999 177.8648 99.02719 0 177.0205 98.9287 0.00999999 177.6071 101.4093 0 178.4513 101.5078 0.00999999 178.4513 101.5078 0 177.6071 101.4093 0.00999999 178.7295 99.12345 0.00999999 177.8852 99.02496 0 178.4717 101.5055 0 179.316 101.604 0.00999999 179.316 101.604 0 178.4717 101.5055 0.00999999 179.5941 99.2197 0 178.7498 99.12122 0.00999999 178.7498 99.12122 0 179.3364 101.6018 0 180.1807 101.7003 0.00999999 179.3364 101.6018 0.00999999 180.4588 99.31596 0.00999999 180.4588 99.31596 0 179.6145 99.21748 0.00999999 180.201 101.698 0.00999999 181.0453 101.7965 0 180.201 101.698 0 181.0453 101.7965 0.00999999 181.3234 99.41222 0 180.4792 99.31373 0.00999999 180.4792 99.31373 0 181.0657 101.7943 0.00999999 181.91 101.8928 0 181.91 101.8928 0.00999999 182.1881 99.50848 0 182.1881 99.50848 0.00999999 181.3438 99.40999 0.00999999 181.3438 99.40999 0 181.9304 101.8906 0.00999999 182.7746 101.989 0 181.9304 101.8906 0 182.7746 101.989 0.00999999 183.0528 99.60473 0 182.2085 99.50624 0 182.2085 99.50624 0.00999999 182.795 101.9868 0.00999999 183.6393 102.0853 0 182.795 101.9868 0 183.6393 102.0853 0.00999999 183.9174 99.70098 0.00999999 183.9174 99.70098 0 183.0731 99.6025 0 183.6597 102.0831 0.00999999 184.504 102.1816 0 184.504 102.1816 0.00999999 184.7821 99.79724 0 184.7821 99.79724 0.00999999 183.9378 99.69876 0.00999999 183.9378 99.69876 0 184.5243 102.1793 0.00999999 185.3686 102.2778 0 184.5243 102.1793 0 185.3686 102.2778 0.00999999 185.6467 99.8935 0 184.8025 99.79502 0 184.8025 99.79502 0.00999999 185.389 102.2756 0.00999999 186.2333 102.3741 0 185.389 102.2756 0 186.2333 102.3741 0.00999999 186.5114 99.98976 0.00999999 186.5114 99.98976 0 185.6671 99.89127 0 2.812053 23.49138 0 2.644492 26.67585 0.04999995 2.644492 26.67585 0 2.812053 23.49138 0.04999995 3.488177 26.77927 0 3.488177 26.77927 0.04999995 3.655738 23.59481 0.04999995 3.851272 0.2904279 0 0.03926092 0.1143535 0.04999995 0.03926092 0.1143535 0 3.851272 0.2904279 0.04999995 0 0.9643535 0 0 0.9643535 0.04999995 3.812011 1.140428 0 3.81113 1.159501 0.04999995 -8.8099e-4 0.9834269 0 3.81113 1.159501 0 -0.04014194 1.833427 0 -0.04014194 1.833427 0.04999995 3.771869 2.009501 0 3.770988 2.028575 0 -0.04102277 1.8525 0.04999995 -0.04102277 1.8525 0 3.770988 2.028575 0.04999995 -0.08028388 2.7025 0 3.731727 2.878575 0.04999995 3.731727 2.878575 0 3.730846 2.897648 0 -0.08116489 2.721574 0.04999995 -0.08116489 2.721574 0 3.730846 2.897648 0.04999995 -0.1204259 3.571574 0 -0.1204259 3.571574 0.04999995 3.691585 3.747648 0 3.690704 3.766722 0 -0.1213069 3.590647 0.04999995 -0.1213069 3.590647 0 3.690704 3.766722 0.04999995 -0.1605678 4.440647 0 -0.1605678 4.440647 0.04999995 3.651443 4.616722 0 3.650562 4.635795 0 -0.1614488 4.459721 0.04999995 -0.1614488 4.459721 0 3.650562 4.635795 0.04999995 -0.2007098 5.309721 0 3.611301 5.485795 0.04999995 3.611301 5.485795 0 3.61042 5.504869 0 -0.2015908 5.328794 0.04999995 -0.2015908 5.328794 0 3.61042 5.504869 0.04999995 -0.2408518 6.178794 0 -0.2408518 6.178794 0.04999995 3.571159 6.354869 0 3.571159 6.354869 0.04999995 3.570278 6.373942 0 -0.2417327 6.197868 0.04999995 -0.2417327 6.197868 0 3.570278 6.373942 0.04999995 -0.2809937 7.047868 0 3.531017 7.223942 0.04999995 3.531017 7.223942 0 3.530136 7.243015 0.04999995 -0.2818747 7.066941 0 -0.3211357 7.916941 0 -0.3211357 7.916941 0.04999995 3.490875 8.093015 0 3.490875 8.093015 0.04999995 3.489994 8.112092 0 -0.3220167 7.936014 0.04999995 -0.3220167 7.936014 0 3.489994 8.112092 0.04999995 -0.3612776 8.786015 0 -0.3612776 8.786015 0.04999995 3.450733 8.962089 0 3.449852 8.981163 0.04999995 -0.3621586 8.805088 0 3.449852 8.981163 0 -0.4014196 9.65509 0 -0.4014196 9.65509 0.04999995 3.410591 9.831162 0.04999995 3.410591 9.831162 0 3.40971 9.850235 0 -0.4023006 9.674161 0.04999995 -0.4023006 9.674161 0 3.40971 9.850235 0.04999995 -0.4415616 10.52416 0 3.370449 10.70024 0.04999995 3.370449 10.70024 0 3.369568 10.71931 0 -0.4424425 10.54323 0.04999995 -0.4424425 10.54323 0 3.369568 10.71931 0.04999995 -0.4817035 11.39323 0 3.330307 11.56931 0.04999995 3.330307 11.56931 0 3.329426 11.58838 0.04999995 -0.4825845 11.41231 0 -0.5218455 12.26231 0 -0.5218455 12.26231 0.04999995 3.290165 12.43838 0 3.289284 12.45746 0 -0.5227264 12.28138 0.04999995 -0.5227264 12.28138 0 3.289284 12.45746 0.04999995 -0.5619874 13.13138 0 -0.5619874 13.13138 0.04999995 3.250023 13.30746 0 3.249142 13.32653 0 -0.5628684 13.15046 0.04999995 -0.5628684 13.15046 0 3.249142 13.32653 0.04999995 -0.6021294 14.00046 0 -0.6021294 14.00046 0.04999995 3.209881 14.17653 0 3.209 14.1956 0 -0.6030104 14.01953 0.04999995 -0.6030104 14.01953 0 3.209 14.1956 0.04999995 -0.6422714 14.86953 0 3.16974 15.0456 0.04999995 3.16974 15.0456 0 3.168858 15.06468 0 -0.6431523 14.8886 0.04999995 -0.6431523 14.8886 0 3.168858 15.06468 0.04999995 -0.6824133 15.7386 0 -0.6824133 15.7386 0.04999995 3.129598 15.91468 0 3.128717 15.93375 0 -0.6832943 15.75767 0.04999995 -0.6832943 15.75767 0 3.128717 15.93375 0.04999995 -0.7225553 16.60768 0 -0.7225553 16.60768 0.04999995 3.089456 16.78375 0 3.088575 16.80282 0 -0.7234363 16.62675 0.04999995 -0.7234363 16.62675 0 3.088575 16.80282 0.04999995 -0.7626972 17.47675 0 -0.7626972 17.47675 0.04999995 3.049314 17.65282 0 3.048433 17.6719 0.04999995 -0.7635782 17.49582 0 3.048433 17.6719 0 -0.8028392 18.34582 0 -0.8028392 18.34582 0.04999995 3.009172 18.5219 0.04999995 3.009172 18.5219 0 3.008291 18.54097 0.04999995 -0.8037202 18.3649 0 3.008291 18.54097 0 -0.8429811 19.2149 0 -0.8429811 19.2149 0.04999995 2.96903 19.39097 0 2.968149 19.41004 0.04999995 -0.8438621 19.23397 0 -0.8831231 20.08397 0 -0.8831231 20.08397 0.04999995 2.928888 20.26004 0 2.928888 20.26004 0.04999995 2.928007 20.27912 0 -0.8840041 20.10304 0.04999995 -0.8840041 20.10304 0 2.928007 20.27912 0.04999995 -0.9232651 20.95304 0 -0.9232651 20.95304 0.04999995 2.888746 21.12912 0 40.99156 86.19578 0.00999999 38.99354 85.95405 0.04999995 38.99354 85.95405 0 40.99156 86.19578 0 41.34486 86.23852 0.04999995 41.34486 86.23852 0.00999999 41.34445 86.24195 0.00999999 41.24277 87.08237 0 41.34445 86.24195 0 41.24277 87.08237 0.04999995 38.89145 86.7979 0.04999995 38.89145 86.7979 0 40.99388 86.17591 0.00999999 41.34726 86.21867 0.04999995 41.34726 86.21867 0.00999999 38.99595 85.9342 0 40.99388 86.17591 0 38.99595 85.9342 0.04999995 41.44936 85.37482 0.04999995 41.44936 85.37482 0.00999999 41.09237 85.33163 0.00999999 39.09804 85.09035 0.04999995 39.09804 85.09035 0 41.09237 85.33163 0 41.09468 85.31177 0.00999999 41.45176 85.35497 0.04999995 41.45176 85.35497 0.00999999 39.10044 85.0705 0 41.09468 85.31177 0 39.10044 85.0705 0.04999995 41.55385 84.51113 0.04999995 41.55385 84.51113 0.00999999 41.19317 84.46748 0.00999999 39.20253 84.22665 0.04999995 39.20253 84.22665 0 41.19317 84.46748 0 41.63277 83.85884 0.00999999 41.65834 83.64742 0.04999995 41.65834 83.64742 0 41.63277 83.85884 0 41.55625 84.49127 0.04999995 41.55625 84.49127 0.00999999 39.30702 83.36295 0 39.30702 83.36295 0.04999995 39.20493 84.2068 0.04999995 39.20493 84.2068 0 41.19548 84.44762 0.00999999 41.19548 84.44762 0 41.42341 86.25116 0.00999999 41.42341 86.25116 0 -5.44444e-4 -0.002005279 0 4.011837 0.1416923 0 -0.155203 -0.1740303 0 4.225693 0.015046 0 -3.876449 82.94486 0 -3.492021 76.59287 0 -3.491138 76.5738 0 -3.451794 75.7238 0 -3.450911 75.70473 0 -3.411567 74.85473 0 -3.410685 74.83566 0 -3.371341 73.98566 0 -3.370458 73.96659 0 -3.331114 73.11659 0 -3.330231 73.09752 0 -3.290887 72.24752 0 -3.290004 72.22845 0 -3.25066 71.37845 0 -3.249777 71.35938 0 -3.210433 70.50938 0 -3.20955 70.49031 0 -3.170206 69.64031 0 -3.169323 69.62124 0 -3.129979 68.77124 0 -3.129096 68.75217 0 -3.089752 67.90218 0 -3.08887 67.8831 0 -3.049526 67.03311 0 -3.048643 67.01403 0 -0.9575865 21.6961 0 2.887865 21.14819 0 -0.9241461 20.97212 0 -3.009299 66.16404 0 -3.008416 66.14496 0 -2.969072 65.29497 0 -2.968189 65.27589 0 -2.928845 64.4259 0 -2.927962 64.40682 0 -2.888618 63.55683 0 -2.887735 63.53775 0 -2.848391 62.68776 0 -2.847509 62.66869 0 -2.808165 61.81869 0 -2.807281 61.79962 0 -2.767937 60.94962 0 -2.767055 60.93055 0 -2.727711 60.08055 0 -2.726828 60.06148 0 -2.687484 59.21148 0 -2.686601 59.19241 0 -2.647257 58.34241 0 -2.646374 58.32334 0 -2.60703 57.47334 0 -2.606147 57.45427 0 -2.566803 56.60427 0 -2.56592 56.5852 0 -2.526576 55.7352 0 -2.525694 55.71613 0 -2.48635 54.86613 0 -2.485467 54.84706 0 -2.446123 53.99706 0 -2.44524 53.97799 0 -2.405896 53.128 0 -2.405013 53.10892 0 -0.9631452 21.82213 0 2.848604 21.99819 0 -1.001481 22.69129 0 2.847723 22.01726 0 -0.9639865 21.8412 0 -2.365669 52.25893 0 -2.364786 52.23985 0 -2.325442 51.38986 0 -2.324559 51.37078 0 -2.285215 50.52079 0 -2.284332 50.50171 0 -2.244988 49.65171 0 -2.244105 49.63264 0 -2.204761 48.78265 0 -2.203879 48.76357 0 -2.164535 47.91358 0 -2.163652 47.8945 0 -2.124308 47.04451 0 -2.123425 47.02543 0 -2.084081 46.17544 0 -2.083198 46.15636 0 -2.043854 45.30637 0 -2.042971 45.2873 0 -2.003627 44.4373 0 -2.002744 44.41823 0 -1.9634 43.56823 0 -1.962517 43.54916 0 -1.923173 42.69916 0 -1.922291 42.68009 0 -1.882947 41.83009 0 -1.882064 41.81102 0 -1.84272 40.96102 0 -1.841837 40.94195 0 -1.802493 40.09195 0 -1.80161 40.07288 0 -1.762266 39.22288 0 -1.761383 39.20381 0 2.808462 22.86726 0 -1.039817 23.56044 0 2.807581 22.88634 0 -1.002323 22.71036 0 -1.722039 38.35381 0 -1.721156 38.33474 0 -1.681812 37.48474 0 -1.680929 37.46567 0 -1.641585 36.61567 0 -1.640703 36.5966 0 -1.601359 35.74661 0 -1.600476 35.72753 0 -1.561132 34.87754 0 -1.560249 34.85846 0 -1.520905 34.00846 0 -1.520022 33.98939 0 -1.480678 33.13939 0 -1.479795 33.12032 0 -1.440451 32.27033 0 -1.439568 32.25125 0 -1.400224 31.40126 0 -1.399341 31.38218 0 -1.359997 30.53219 0 -1.359114 30.51311 0 -1.31977 29.66312 0 -1.318888 29.64404 0 -1.279544 28.79405 0 -1.278661 28.77497 0 -1.239317 27.92498 0 -1.238434 27.90591 0 -1.19909 27.05591 0 -1.198207 27.03684 0 -1.158863 26.18684 0 -1.15798 26.16777 0 -1.118636 25.31777 0 -1.117753 25.2987 0 -1.078995 24.44867 0 -1.078153 24.4296 0 -1.040659 23.57952 0 2.245594 35.05336 0 2.285735 34.18429 0 2.325877 33.31522 0 2.366019 32.44614 0 2.206333 35.90336 0 2.246474 35.03429 0 2.286616 34.16522 0 2.326758 33.29614 0 193.669 43.94184 0 3.226717 23.16131 0 141.6929 38.5094 0 2.76832 23.73634 0 2.767439 23.75541 0 86.11577 32.50287 0 193.669 44.22059 0 2.934614 23.40962 0 -3.652046 80.05008 0 0.1590925 80.22611 0 -3.612702 79.20008 0 0.1983535 79.37611 0 0.2407021 83.04409 0 -3.781626 82.84955 0 2.835535 26.75289 0 2.937493 26.86812 0 0.361228 83.08784 0 85.42362 35.74809 0 92.56749 36.51716 0 92.73505 33.33283 0 92.55775 36.51611 0 91.7238 36.41387 0 92.75621 33.32395 0 92.58865 36.50842 0 93.59989 33.42738 0 93.43241 36.61027 0 93.3262 36.59883 0 2.728178 24.60541 0 2.727297 24.62448 0 93.62105 33.4185 0 93.45349 36.60296 0 94.46474 33.52192 0 94.29734 36.70338 0 94.09466 36.68156 0 94.48591 33.51304 0 94.31834 36.6975 0 95.32959 33.61646 0 95.16226 36.79649 0 94.86311 36.76429 0 95.35075 33.60758 0 95.18319 36.79205 0 96.19444 33.71101 0 96.02718 36.88961 0 95.63156 36.84702 0 96.2156 33.70213 0 96.04804 36.88659 0 96.40002 36.92974 0 97.05928 33.80555 0 96.89211 36.98272 0 97.08045 33.79667 0 96.91288 36.98114 0 97.16847 37.01247 0 97.92413 33.9001 0 97.9453 33.89121 0 97.77773 37.07568 0 97.93692 37.0952 0 98.78898 33.99464 0 98.81014 33.98576 0 98.64258 37.17023 0 98.70538 37.17792 0 99.65383 34.08918 0 99.67499 34.0803 0 99.50745 37.26427 0 100.5187 34.18373 0 100.5398 34.17485 0 100.3724 37.35738 0 101.3835 34.27827 0 101.4047 34.26939 0 101.2373 37.4505 0 102.2484 34.37282 0 102.2695 34.36393 0 102.1022 37.54361 0 103.1132 34.46736 0 103.1344 34.45848 0 102.9671 37.63672 0 103.9781 34.56191 0 103.9992 34.55302 0 103.8321 37.72983 0 104.8429 34.65645 0 104.8641 34.64757 0 104.697 37.82295 0 105.7078 34.75099 0 105.7289 34.74211 0 105.5619 37.91606 0 106.5726 34.84554 0 106.5938 34.83666 0 106.4268 38.00917 0 107.4586 34.9312 0 107.2918 38.10228 0 108.3023 35.03462 0 108.3235 35.02574 0 108.1567 38.19539 0 109.1671 35.12917 0 109.1883 35.12029 0 109.0216 38.28851 0 110.032 35.22371 0 110.0532 35.21483 0 109.8865 38.38162 0 110.8968 35.31826 0 110.918 35.30938 0 110.7515 38.47473 0 111.7617 35.4128 0 111.7829 35.40392 0 111.6164 38.56785 0 112.6265 35.50734 0 112.6477 35.49846 0 112.4813 38.66096 0 113.4914 35.60189 0 113.5126 35.59301 0 113.3462 38.75407 0 114.3562 35.69643 0 2.688036 25.47448 0 114.3774 35.68755 0 114.2111 38.84718 0 115.2211 35.79098 0 115.2422 35.78209 0 115.0761 38.9403 0 116.0859 35.88552 0 116.1071 35.87664 0 115.941 39.03341 0 116.9508 35.98006 0 116.9719 35.97118 0 116.8059 39.12652 0 117.8368 36.06573 0 117.6708 39.21963 0 118.6805 36.16915 0 118.7016 36.16027 0 118.5358 39.31275 0 119.5453 36.2637 0 119.5665 36.25481 0 119.4007 39.40586 0 120.4102 36.35824 0 120.4313 36.34936 0 120.2656 39.49897 0 121.275 36.45279 0 121.2962 36.4439 0 121.1305 39.59208 0 122.1399 36.54733 0 122.161 36.53845 0 121.9955 39.6852 0 123.0259 36.63299 0 122.8604 39.77831 0 123.8696 36.73641 0 123.8907 36.72754 0 123.7253 39.87142 0 124.7556 36.82208 0 124.5902 39.96454 0 125.5993 36.9255 0 125.6204 36.91662 0 125.4551 40.05764 0 126.4641 37.02005 0 126.4853 37.01116 0 126.3201 40.15076 0 127.329 37.11459 0 127.3501 37.10571 0 127.185 40.24387 0 128.1938 37.20914 0 128.215 37.20025 0 128.0499 40.33698 0 129.0586 37.30368 0 129.0798 37.2948 0 128.9148 40.4301 0 129.9235 37.39822 0 129.9447 37.38934 0 129.7798 40.52321 0 130.7883 37.49277 0 130.8095 37.48389 0 130.6447 40.61632 0 131.6744 37.57843 0 131.5096 40.70943 0 132.518 37.68186 0 132.5392 37.67297 0 132.3745 40.80255 0 133.3829 37.7764 0 133.404 37.76752 0 133.2395 40.89566 0 134.2477 37.87094 0 134.2689 37.86206 0 134.1044 40.98877 0 135.1126 37.96549 0 135.1337 37.95661 0 134.9693 41.08188 0 135.9774 38.06003 0 135.9986 38.05115 0 135.8342 41.175 0 136.8423 38.15457 0 136.8634 38.14569 0 136.6991 41.26811 0 137.7071 38.24912 0 137.7283 38.24024 0 137.5641 41.36132 0 138.572 38.34366 0 138.5931 38.33478 0 138.4289 41.45622 0 139.4368 38.43821 0 139.458 38.42932 0 139.2937 41.55112 0 140.3017 38.53275 0 140.3228 38.52387 0 140.1585 41.64601 0 141.1665 38.62729 0 141.1877 38.61841 0 141.0234 41.74091 0 142.0314 38.72184 0 2.647894 26.34356 0 2.687155 25.49356 0 142.0525 38.71296 0 141.8882 41.83581 0 142.8962 38.81638 0 142.9174 38.8075 0 142.753 41.93071 0 143.7611 38.91093 0 143.7822 38.90204 0 143.6179 42.02561 0 144.6259 39.00547 0 144.6471 38.99659 0 144.4827 42.1205 0 145.4907 39.10002 0 145.5119 39.09113 0 145.3475 42.2154 0 146.3556 39.19456 0 146.3768 39.18568 0 146.2123 42.3103 0 147.2205 39.2891 0 147.2416 39.28022 0 147.0772 42.4052 0 148.0853 39.38364 0 148.1065 39.37477 0 147.942 42.50009 0 148.9501 39.47819 0 148.9713 39.46931 0 148.8068 42.59499 0 149.815 39.57273 0 149.8362 39.56385 0 149.6717 42.68989 0 150.6798 39.66728 0 150.701 39.65839 0 150.5365 42.78479 0 151.5447 39.76182 0 151.5658 39.75294 0 151.4013 42.87968 0 152.4095 39.85637 0 152.4307 39.84748 0 152.2662 42.97458 0 153.2744 39.95091 0 153.2955 39.94203 0 153.131 43.06948 0 154.1392 40.04545 0 154.1604 40.03657 0 153.9958 43.16437 0 155.0041 40.14 0 155.0252 40.13112 0 154.8606 43.25927 0 155.8689 40.23454 0 155.8901 40.22566 0 155.7255 43.35417 0 156.7338 40.32909 0 156.7549 40.3202 0 156.5903 43.44907 0 157.5986 40.42363 0 157.6198 40.41475 0 157.4551 43.54396 0 158.4635 40.51817 0 158.4846 40.50929 0 158.32 43.63886 0 159.3283 40.61272 0 159.3495 40.60384 0 159.1848 43.73376 0 160.1932 40.70726 0 160.2143 40.69838 0 160.0496 43.82866 0 161.058 40.8018 0 161.0792 40.79292 0 160.9144 43.92355 0 161.9229 40.89635 0 161.944 40.88747 0 161.7793 44.01845 0 162.7877 40.99089 0 162.8089 40.98201 0 162.6441 44.11335 0 163.6525 41.08544 0 163.6737 41.07655 0 163.5089 44.20825 0 164.5174 41.17998 0 164.5386 41.1711 0 164.3738 44.30315 0 165.3822 41.27452 0 165.4034 41.26564 0 165.2386 44.39804 0 166.2682 41.36019 0 166.1034 44.49294 0 167.1119 41.46361 0 167.1331 41.45473 0 166.9683 44.58784 0 167.9768 41.55816 0 167.998 41.54927 0 167.8331 44.68274 0 168.8416 41.6527 0 168.8628 41.64382 0 168.6979 44.77763 0 169.7065 41.74724 0 169.7276 41.73836 0 169.5627 44.87253 0 170.5713 41.84179 0 170.5925 41.83291 0 170.4276 44.96743 0 171.4362 41.93633 0 171.4573 41.92745 0 171.2924 45.06233 0 172.301 42.03088 0 172.3222 42.022 0 172.1572 45.15723 0 173.1659 42.12542 0 173.187 42.11654 0 173.022 45.25212 0 174.0307 42.21996 0 174.0519 42.21108 0 173.8869 45.34702 0 174.8956 42.31451 0 174.9167 42.30562 0 174.7517 45.44192 0 175.7604 42.40905 0 175.7816 42.40017 0 175.6165 45.53682 0 176.6253 42.50359 0 176.6464 42.49471 0 176.4814 45.63171 0 177.4901 42.59814 0 177.5113 42.58926 0 177.3462 45.72661 0 178.355 42.69268 0 178.3761 42.6838 0 178.211 45.82151 0 179.2198 42.78723 0 179.241 42.77835 0 179.0759 45.91641 0 180.0847 42.88177 0 180.1058 42.87289 0 179.9407 46.0113 0 180.9495 42.97632 0 180.9707 42.96743 0 180.8055 46.1062 0 181.8144 43.07086 0 181.8355 43.06198 0 181.6703 46.2011 0 182.6792 43.1654 0 182.7004 43.15652 0 182.5352 46.296 0 183.544 43.25995 0 183.5652 43.25107 0 183.4 46.39089 0 184.4089 43.35449 0 184.4301 43.34561 0 184.2648 46.48579 0 185.2737 43.44904 0 185.2949 43.44015 0 185.1297 46.58069 0 186.1386 43.54358 0 186.1598 43.5347 0 185.9945 46.67559 0 187.0034 43.63812 0 187.0246 43.62924 0 186.8593 46.77048 0 187.8683 43.73267 0 187.8895 43.72379 0 187.7241 46.86538 0 188.7331 43.82721 0 188.7543 43.81833 0 188.589 46.96028 0 189.598 43.92175 0 189.6191 43.91287 0 189.4538 47.05518 0 190.4628 44.0163 0 190.484 44.00742 0 190.3186 47.15007 0 191.3277 44.11084 0 191.3488 44.10196 0 191.1835 47.24497 0 192.1925 44.20539 0 192.2137 44.1965 0 192.0483 47.33987 0 193.0574 44.29993 0 193.0785 44.29105 0 192.9131 47.43477 0 193.9002 44.81377 0 193.9222 44.39447 0 193.976 44.169 0 196.5687 44.47397 0 193.5775 47.55721 0 187.1132 102.5112 0 189.6676 102.758 0 2.607752 27.21263 0 2.647013 26.36263 0 189.6676 79.36175 0 193.338 47.52786 0 192.7491 47.80352 0 187.3584 100.0164 0 187.3003 99.89324 0 146.7472 95.4411 0 42.17692 80.14462 0 41.73702 83.7213 0 41.79326 83.69492 0 38.53609 89.41006 0 39.69591 79.82346 0 39.67066 79.7928 0 38.49 89.46 0 40.99805 89.78259 0 41.03513 89.83261 0 2.56761 28.08171 0 2.606871 27.23171 0 2.527468 28.95078 0 2.566729 28.10078 0 2.487326 29.81985 0 2.526587 28.96985 0 2.447184 30.68892 0 2.486445 29.83892 0 2.407042 31.558 0 2.446303 30.708 0 2.3669 32.42707 0 2.406161 31.57707 0 2.16619 36.77244 0 2.205451 35.92244 0 2.126049 37.64151 0 2.16531 36.79151 0 2.085906 38.51059 0 2.125167 37.66059 0 2.045765 39.37966 0 2.085026 38.52966 0 2.005623 40.24873 0 2.044884 39.39873 0 1.965481 41.1178 0 2.004742 40.2678 0 1.925339 41.98688 0 1.9646 41.13688 0 1.885197 42.85595 0 1.924458 42.00595 0 1.845055 43.72503 0 1.884316 42.87503 0 1.804913 44.5941 0 1.844174 43.7441 0 1.764771 45.46317 0 1.724629 46.33225 0 1.76389 45.48225 0 1.684487 47.20132 0 1.723748 46.35132 0 1.644345 48.07039 0 1.683606 47.22039 0 1.604203 48.93946 0 1.564061 49.80854 0 1.603322 48.95854 0 1.523919 50.67761 0 1.56318 49.82761 0 1.483777 51.54669 0 1.523038 50.69669 0 1.443635 52.41576 0 1.482896 51.56576 0 1.403493 53.28483 0 1.442754 52.43483 0 1.363351 54.15391 0 1.402612 53.30391 0 1.323209 55.02298 0 1.36247 54.17298 0 1.283067 55.89205 0 1.322328 55.04205 0 1.242925 56.76113 0 1.282186 55.91113 0 1.202783 57.6302 0 1.242044 56.7802 0 1.162641 58.49927 0 1.201902 57.64927 0 1.1225 59.36835 0 1.16176 58.51835 0 1.082358 60.23742 0 1.121619 59.38742 0 1.042216 61.1065 0 1.081477 60.2565 0 1.002074 61.97557 0 1.041335 61.12557 0 0.9619317 62.84464 0 1.001193 61.99464 0 0.9217898 63.71371 0 0.9610507 62.86371 0 0.8816478 64.58279 0 0.9209088 63.73279 0 0.8415059 65.45186 0 0.8807668 64.60186 0 0.8013639 66.32094 0 0.8406249 65.47093 0 0.7612219 67.19001 0 0.8004829 66.34001 0 0.72108 68.05908 0 0.7603409 67.20908 0 0.680938 68.92816 0 0.720199 68.07816 0 0.640796 69.79723 0 0.680057 68.94723 0 0.6006541 70.6663 0 0.639915 69.8163 0 0.5605121 71.53538 0 0.5203702 72.40445 0 0.5596312 71.55445 0 0.4802282 73.27352 0 0.5194892 72.42352 0 0.4400862 74.14259 0 0.4793472 73.29259 0 0.3999443 75.01167 0 0.4392053 74.16167 0 0.3598023 75.88074 0 0.3990633 75.03074 0 0.3196604 76.74981 0 0.3589213 75.89981 0 -3.531365 77.44287 0 0.2795184 77.61889 0 0.3187794 76.76889 0 -3.571592 78.31194 0 0.2393764 78.48796 0 -3.532248 77.46194 0 0.2786374 77.63796 0 -3.572475 78.33101 0 -3.611819 79.18101 0 -3.652929 80.06915 0 -3.692273 80.91915 0 -3.693156 80.93822 0 -3.7325 81.78821 0 -3.733382 81.80729 0 -3.772726 82.65728 0 0.1992345 79.35704 0 0.2384955 78.50704 0 0.1189506 81.09518 0 0.1582115 80.24518 0 0.0788086 81.96426 0 0.0386666 82.83333 0 0.07792758 81.98333 0 42.21257 80.10034 0 42.11339 83.9149 0 41.83755 86.27954 0 41.48841 86.30826 0 91.89136 33.22941 0 41.85743 86.28173 0 42.70233 86.3748 0 42.13377 83.91267 0 42.97805 84.01116 0 42.7222 86.37698 0 43.56711 86.47005 0 42.99843 84.00893 0 43.84271 84.10741 0 43.58698 86.47223 0 44.43188 86.5653 0 43.86309 84.10519 0 44.70737 84.20367 0 44.45175 86.56748 0 45.29666 86.66055 0 44.72775 84.20144 0 45.57203 84.29992 0 45.31653 86.66273 0 46.16144 86.7558 0 45.59241 84.2977 0 46.43668 84.39618 0 46.1813 86.75798 0 47.02621 86.85105 0 46.45707 84.39395 0 47.30134 84.49244 0 97.75703 37.07583 0 47.04608 86.85323 0 47.89099 86.9463 0 47.32173 84.49021 0 48.166 84.5887 0 98.62195 37.16894 0 47.91086 86.94849 0 48.75577 87.04155 0 48.18639 84.58647 0 49.03066 84.68495 0 99.48687 37.26205 0 48.77563 87.04374 0 49.62054 87.1368 0 49.05104 84.68273 0 49.89532 84.78121 0 100.3518 37.35517 0 49.64041 87.13899 0 50.48532 87.23205 0 49.9157 84.77898 0 50.75998 84.87746 0 101.2167 37.44828 0 50.50518 87.23424 0 51.35009 87.3273 0 50.78036 84.87523 0 51.62464 84.97372 0 102.0816 37.54139 0 51.36996 87.32949 0 52.21487 87.42255 0 51.64502 84.97149 0 52.4893 85.06998 0 102.9466 37.6345 0 52.23474 87.42474 0 53.07964 87.5178 0 52.50968 85.06775 0 53.35395 85.16623 0 103.8115 37.72762 0 53.09951 87.51999 0 53.94442 87.61305 0 53.37434 85.16401 0 54.21861 85.26249 0 104.6764 37.82073 0 53.96429 87.61525 0 54.8092 87.70831 0 54.239 85.26027 0 55.08327 85.35875 0 105.5413 37.91384 0 54.82906 87.7105 0 55.67397 87.80356 0 55.10366 85.35652 0 55.94793 85.45501 0 106.4063 38.00696 0 55.69384 87.80575 0 56.53875 87.89881 0 55.96831 85.45277 0 56.81259 85.55126 0 107.2712 38.10007 0 56.55862 87.901 0 57.40352 87.99406 0 56.83297 85.54903 0 57.67725 85.64752 0 108.1361 38.19318 0 57.42339 87.99625 0 58.2683 88.08931 0 57.69763 85.64529 0 58.54191 85.74377 0 109.001 38.28629 0 58.28817 88.0915 0 59.13307 88.18456 0 58.56229 85.74155 0 59.40657 85.84003 0 109.866 38.37941 0 59.15295 88.18675 0 59.99785 88.27981 0 59.42695 85.8378 0 60.27122 85.93629 0 110.7309 38.47252 0 60.01772 88.28201 0 60.86263 88.37507 0 60.29161 85.93406 0 61.13588 86.03255 0 111.5958 38.56563 0 60.8825 88.37726 0 61.7274 88.47032 0 61.15627 86.03031 0 62.00054 86.1288 0 112.4607 38.65874 0 61.74727 88.47251 0 62.59218 88.56557 0 62.02093 86.12657 0 62.8652 86.22505 0 113.3256 38.75186 0 62.61205 88.56776 0 63.45696 88.66082 0 62.88558 86.22283 0 63.72986 86.32131 0 114.1906 38.84497 0 63.47682 88.66301 0 64.32173 88.75607 0 63.75024 86.31909 0 64.59452 86.41757 0 115.0555 38.93808 0 64.3416 88.75826 0 65.18651 88.85132 0 64.6149 86.41534 0 65.45918 86.51383 0 115.9204 39.03119 0 65.20638 88.85351 0 66.05128 88.94658 0 65.47956 86.5116 0 66.32384 86.61009 0 116.7853 39.1243 0 66.07115 88.94877 0 66.91606 89.04183 0 66.34422 86.60786 0 67.18849 86.70634 0 117.6503 39.21742 0 66.93593 89.04402 0 67.78084 89.13708 0 67.20888 86.70411 0 68.05316 86.80259 0 118.5152 39.31053 0 67.8007 89.13927 0 68.64561 89.23233 0 68.07354 86.80037 0 68.91781 86.89885 0 119.3801 39.40364 0 68.66548 89.23452 0 69.51039 89.32758 0 68.9382 86.89663 0 69.78247 86.99511 0 120.245 39.49675 0 69.53026 89.32977 0 70.37516 89.42283 0 69.80285 86.99288 0 70.64713 87.09137 0 121.1099 39.58987 0 70.39503 89.42502 0 71.23994 89.51808 0 70.66752 87.08914 0 71.51179 87.18762 0 121.9749 39.68298 0 71.2598 89.52027 0 72.10472 89.61334 0 71.53217 87.1854 0 72.37645 87.28388 0 122.8398 39.77609 0 72.12459 89.61552 0 72.96949 89.70859 0 72.39683 87.28166 0 73.2411 87.38014 0 123.7047 39.86921 0 72.98936 89.71077 0 73.83427 89.80384 0 73.26148 87.37791 0 74.10577 87.47639 0 124.5696 39.96232 0 73.85413 89.80602 0 74.69905 89.89909 0 74.12615 87.47416 0 74.97042 87.57265 0 125.4346 40.05543 0 74.71891 89.90127 0 75.56382 89.99434 0 74.9908 87.57042 0 75.83508 87.66891 0 126.2995 40.14854 0 75.58369 89.99652 0 76.42859 90.08959 0 75.85546 87.66668 0 76.69974 87.76516 0 127.1644 40.24166 0 76.44846 90.09177 0 77.29337 90.18484 0 76.72012 87.76294 0 77.5644 87.86142 0 128.0293 40.33477 0 77.31324 90.18703 0 78.15815 90.28009 0 77.58478 87.8592 0 78.42905 87.95768 0 128.8943 40.42788 0 78.17802 90.28228 0 79.02292 90.37534 0 78.44944 87.95545 0 79.29372 88.05394 0 129.7592 40.52099 0 79.04279 90.37753 0 79.8877 90.47059 0 79.3141 88.0517 0 80.15838 88.15019 0 130.6241 40.61411 0 79.90757 90.47278 0 80.75248 90.56584 0 80.17876 88.14796 0 81.02303 88.24645 0 131.489 40.70722 0 80.77234 90.56803 0 81.61725 90.66109 0 81.04341 88.24422 0 81.8877 88.3427 0 132.354 40.80033 0 81.90808 88.34048 0 82.48203 90.75634 0 82.75235 88.43896 0 81.63712 90.66328 0 133.2189 40.89344 0 82.5019 90.75853 0 83.3468 90.85159 0 82.77273 88.43673 0 83.61701 88.53522 0 134.0838 40.98655 0 83.36667 90.85379 0 84.21158 90.94685 0 83.63739 88.53299 0 84.48166 88.63148 0 134.9487 41.07967 0 84.23145 90.94904 0 85.07636 91.0421 0 84.50205 88.62924 0 135.8136 41.17278 0 85.09623 91.04429 0 85.94107 91.1379 0 85.36671 88.7255 0 86.21098 88.82398 0 136.6786 41.26589 0 85.96093 91.14012 0 86.80566 91.23476 0 86.23137 88.82176 0 87.07564 88.92024 0 137.5435 41.35906 0 86.82552 91.23698 0 87.67024 91.33162 0 87.09602 88.91802 0 87.9403 89.0165 0 138.4083 41.45396 0 87.69011 91.33384 0 88.53484 91.42847 0 87.96069 89.01427 0 88.80496 89.11276 0 139.2731 41.54886 0 88.5547 91.4307 0 89.39942 91.52533 0 88.82534 89.11053 0 89.66962 89.20902 0 140.138 41.64375 0 89.41929 91.52755 0 90.26401 91.62218 0 89.69 89.20679 0 90.53428 89.30527 0 141.0028 41.73865 0 90.28388 91.62441 0 91.1286 91.71904 0 90.55466 89.30304 0 91.39894 89.40152 0 141.8676 41.83355 0 91.14846 91.72127 0 91.99319 91.8159 0 91.41932 89.3993 0 92.26359 89.49778 0 142.7325 41.92845 0 92.01305 91.81812 0 92.85778 91.91275 0 92.28398 89.49555 0 93.12826 89.59404 0 143.5973 42.02335 0 92.87764 91.91498 0 93.72237 92.00961 0 93.14864 89.59181 0 93.99291 89.6903 0 144.4621 42.11824 0 93.74223 92.01184 0 94.58695 92.10646 0 94.0133 89.68807 0 94.85757 89.78655 0 145.3269 42.21314 0 94.60682 92.10869 0 95.45155 92.20332 0 94.87795 89.78433 0 95.72223 89.88281 0 146.1918 42.30804 0 95.47141 92.20555 0 96.31613 92.30018 0 95.74262 89.88058 0 96.58689 89.97906 0 147.0566 42.40294 0 96.33601 92.30241 0 97.18072 92.39703 0 96.60727 89.97684 0 97.45155 90.07532 0 147.9214 42.49784 0 97.20059 92.39926 0 98.04531 92.49389 0 97.47193 90.07309 0 98.3162 90.17158 0 148.7863 42.59273 0 98.06517 92.49612 0 98.9099 92.59075 0 98.33659 90.16935 0 99.18087 90.26784 0 149.6511 42.68763 0 98.92977 92.59297 0 99.77448 92.6876 0 99.20125 90.26561 0 100.0455 90.36409 0 150.5159 42.78253 0 99.79435 92.68983 0 100.6391 92.78446 0 100.0659 90.36187 0 100.9102 90.46035 0 151.3808 42.87743 0 100.6589 92.78669 0 101.5037 92.88131 0 100.9306 90.45812 0 101.7748 90.55661 0 152.2456 42.97232 0 101.5235 92.88354 0 102.3683 92.97817 0 101.7952 90.55438 0 102.6395 90.65286 0 153.1104 43.06722 0 102.3881 92.9804 0 103.2328 93.07503 0 102.6599 90.65063 0 103.5042 90.74912 0 153.9752 43.16212 0 103.2527 93.07725 0 104.0974 93.17188 0 103.5245 90.74689 0 104.3688 90.84538 0 154.8401 43.25702 0 104.1173 93.17411 0 104.962 93.26874 0 104.3892 90.84315 0 105.2335 90.94163 0 155.7049 43.35191 0 104.9819 93.27097 0 105.8266 93.36559 0 105.2539 90.93941 0 106.0981 91.03789 0 156.5697 43.44681 0 105.8465 93.36782 0 106.6912 93.46245 0 106.1185 91.03566 0 106.9628 91.13415 0 157.4345 43.54171 0 106.7111 93.46468 0 107.5558 93.55931 0 106.9832 91.13192 0 107.8275 91.23041 0 158.2994 43.63661 0 107.5756 93.56154 0 108.4204 93.65616 0 107.8478 91.22817 0 108.6921 91.32666 0 159.1642 43.7315 0 108.4402 93.65839 0 109.285 93.75302 0 108.7125 91.32443 0 109.5568 91.42291 0 160.029 43.8264 0 109.3048 93.75525 0 110.1496 93.84988 0 109.5772 91.42069 0 110.4214 91.51917 0 160.8939 43.9213 0 110.1694 93.8521 0 111.0141 93.94673 0 110.4418 91.51695 0 111.2861 91.61543 0 161.7587 44.0162 0 111.034 93.94896 0 111.8787 94.04359 0 111.3065 91.6132 0 112.1508 91.71169 0 162.6235 44.11109 0 111.8986 94.04582 0 112.7433 94.14045 0 112.1711 91.70946 0 113.0154 91.80795 0 163.4884 44.20599 0 112.7632 94.14267 0 113.6079 94.2373 0 113.0358 91.80571 0 113.8801 91.9042 0 164.3532 44.30089 0 113.6278 94.23953 0 114.4725 94.33416 0 113.9004 91.90197 0 114.7447 92.00045 0 165.218 44.39579 0 114.4924 94.33638 0 115.3371 94.43102 0 114.7651 91.99823 0 115.6094 92.09671 0 166.0828 44.49068 0 115.3569 94.43324 0 116.2017 94.52788 0 115.6298 92.09448 0 116.474 92.19297 0 166.9477 44.58558 0 116.2215 94.5301 0 117.0663 94.62473 0 116.4944 92.19074 0 117.3387 92.28923 0 167.8125 44.68048 0 117.0861 94.62695 0 117.9309 94.72159 0 117.3591 92.28701 0 118.2034 92.38548 0 168.6773 44.77538 0 117.9507 94.72381 0 118.7954 94.81845 0 118.2237 92.38326 0 119.068 92.48174 0 169.5422 44.87027 0 118.8153 94.82067 0 119.66 94.9153 0 119.0884 92.47951 0 119.9327 92.57799 0 170.407 44.96517 0 119.6799 94.91752 0 120.5246 95.01216 0 119.9531 92.57577 0 120.7973 92.67425 0 171.2718 45.06007 0 120.5445 95.01438 0 121.3892 95.10902 0 120.8177 92.67202 0 121.662 92.77051 0 172.1366 45.15497 0 121.4091 95.11123 0 122.2538 95.20587 0 121.6824 92.76828 0 122.5266 92.86677 0 173.0015 45.24986 0 122.2737 95.20809 0 123.1184 95.30273 0 122.547 92.86454 0 123.3913 92.96302 0 173.8663 45.34476 0 123.1382 95.30495 0 123.983 95.39958 0 123.4117 92.9608 0 124.256 93.05928 0 174.7311 45.43966 0 124.0028 95.4018 0 124.8476 95.49644 0 124.2764 93.05705 0 125.1206 93.15554 0 175.596 45.53456 0 124.8674 95.49866 0 125.7121 95.5933 0 125.141 93.1533 0 125.9853 93.25179 0 176.4608 45.62945 0 125.732 95.59552 0 126.5767 95.69015 0 126.0057 93.24956 0 126.8499 93.34805 0 177.3256 45.72435 0 126.5966 95.69237 0 127.4413 95.78701 0 126.8703 93.34582 0 127.7146 93.4443 0 178.1905 45.81925 0 127.4612 95.78923 0 128.3059 95.88386 0 127.735 93.44208 0 128.5793 93.54056 0 179.0553 45.91415 0 128.3258 95.88609 0 129.1705 95.98072 0 128.5996 93.53834 0 129.4439 93.63682 0 179.9201 46.00905 0 129.1904 95.98295 0 130.0351 96.07758 0 129.4643 93.63459 0 130.3086 93.73308 0 180.7849 46.10394 0 130.055 96.0798 0 130.8997 96.17443 0 130.329 93.73084 0 131.1732 93.82933 0 181.6498 46.19884 0 130.9195 96.17666 0 131.7643 96.27129 0 131.1936 93.8271 0 132.0379 93.92559 0 182.5146 46.29374 0 131.7841 96.27352 0 132.6289 96.36815 0 132.0583 93.92336 0 132.9026 94.02184 0 183.3794 46.38864 0 132.6487 96.37037 0 133.4935 96.46501 0 132.9229 94.01962 0 133.7672 94.1181 0 184.2442 46.48354 0 133.5133 96.46723 0 134.358 96.56186 0 133.7876 94.11588 0 134.6319 94.21436 0 185.1091 46.57843 0 134.3779 96.56409 0 135.2226 96.65871 0 134.6523 94.21213 0 135.4965 94.31062 0 185.9739 46.67333 0 135.2425 96.66094 0 136.0872 96.75557 0 135.5169 94.30839 0 136.3612 94.40687 0 186.8387 46.76823 0 136.1071 96.7578 0 136.9518 96.85243 0 136.3816 94.40464 0 137.2258 94.50312 0 187.7036 46.86313 0 136.9717 96.85465 0 137.8164 96.94928 0 137.2462 94.5009 0 138.0905 94.59938 0 188.5684 46.95802 0 137.8363 96.95151 0 138.681 97.04614 0 138.1109 94.59716 0 138.9552 94.69564 0 189.4332 47.05292 0 138.7008 97.04837 0 139.5456 97.14299 0 138.9755 94.69341 0 139.8198 94.7919 0 190.298 47.14782 0 139.5654 97.14522 0 140.4102 97.23985 0 139.8402 94.78967 0 140.6845 94.88816 0 191.1629 47.24271 0 140.43 97.24208 0 141.2748 97.33671 0 140.7049 94.88593 0 141.5491 94.98441 0 192.0277 47.33761 0 141.2946 97.33894 0 142.1393 97.43356 0 141.5695 94.98218 0 142.4138 95.08067 0 192.8925 47.43251 0 142.1592 97.43579 0 143.0039 97.53042 0 142.4342 95.07844 0 143.2785 95.17692 0 143.0238 97.53265 0 143.8685 97.62728 0 143.2988 95.1747 0 144.1431 95.27318 0 143.8884 97.6295 0 144.7331 97.72413 0 144.1635 95.27095 0 145.0078 95.36944 0 144.753 97.72636 0 145.5977 97.82099 0 145.0282 95.36721 0 145.8724 95.4657 0 145.6175 97.82322 0 146.4622 97.91822 0 145.8928 95.46347 0 146.7371 95.56195 0 146.4821 97.92046 0 147.3268 98.01576 0 146.7575 95.55973 0 147.6018 95.65821 0 147.3466 98.01801 0 148.1912 98.1133 0 147.6221 95.65598 0 148.4664 95.75446 0 148.2111 98.11554 0 149.0558 98.21084 0 148.4868 95.75223 0 149.3311 95.85072 0 149.0756 98.21308 0 149.9203 98.30837 0 149.3515 95.84849 0 150.1957 95.94698 0 149.9401 98.31062 0 150.7848 98.40591 0 150.2161 95.94475 0 151.0604 96.04323 0 150.8046 98.40816 0 151.6493 98.50345 0 151.0808 96.04101 0 151.925 96.13949 0 151.6692 98.5057 0 152.5138 98.60099 0 151.9454 96.13727 0 152.7897 96.23575 0 152.5337 98.60323 0 153.3783 98.69853 0 152.8101 96.23352 0 153.6544 96.33201 0 153.3982 98.70077 0 154.2428 98.79607 0 153.6748 96.32977 0 154.519 96.42826 0 154.2627 98.7983 0 155.1073 98.89361 0 154.5394 96.42603 0 155.1272 98.89584 0 155.9718 98.99115 0 155.4041 96.52229 0 156.2483 96.62077 0 155.9917 98.99338 0 156.8363 99.08868 0 156.2687 96.61855 0 157.113 96.71703 0 156.8562 99.09092 0 157.7009 99.18622 0 157.1334 96.7148 0 157.9777 96.81329 0 157.7207 99.18846 0 158.5654 99.28376 0 157.998 96.81106 0 158.8423 96.90955 0 158.5852 99.28601 0 159.4299 99.3813 0 158.8627 96.90731 0 159.707 97.0058 0 159.4497 99.38354 0 160.2944 99.47884 0 159.7274 97.00357 0 160.5716 97.10205 0 160.3143 99.48108 0 161.1589 99.57637 0 160.592 97.09983 0 161.4363 97.19831 0 161.1788 99.57862 0 162.0234 99.67391 0 161.4567 97.19609 0 162.301 97.29457 0 162.0433 99.67616 0 162.8879 99.77145 0 162.3213 97.29234 0 163.1656 97.39083 0 163.186 97.3886 0 163.1162 99.79722 0 164.0303 97.48709 0 163.7524 99.86899 0 163.7725 99.86916 0 164.3206 99.93309 0 164.0507 97.48486 0 164.8949 97.58334 0 164.6169 99.96653 0 187.0569 102.5446 0 187.0569 102.4983 0 162.9079 99.77291 0 85.85476 88.62274 0 42.11339 83.9149 0.00999999 41.42546 86.23415 0.00999999 41.83755 86.27954 0.00999999 41.85743 86.28173 0.00999999 42.13377 83.91267 0.00999999 42.70233 86.3748 0.00999999 42.97805 84.01116 0.00999999 42.7222 86.37698 0.00999999 42.99843 84.00893 0.00999999 43.56711 86.47005 0.00999999 43.84271 84.10741 0.00999999 43.58698 86.47223 0.00999999 43.86309 84.10519 0.00999999 44.43188 86.5653 0.00999999 44.70737 84.20367 0.00999999 44.45175 86.56748 0.00999999 44.72775 84.20144 0.00999999 45.29666 86.66055 0.00999999 45.57203 84.29992 0.00999999 45.31653 86.66273 0.00999999 45.59241 84.2977 0.00999999 46.16144 86.7558 0.00999999 46.43668 84.39618 0.00999999 46.1813 86.75798 0.00999999 46.45707 84.39395 0.00999999 47.02621 86.85105 0.00999999 47.30134 84.49244 0.00999999 47.04608 86.85323 0.00999999 47.32173 84.49021 0.00999999 47.89099 86.9463 0.00999999 48.166 84.5887 0.00999999 47.91086 86.94849 0.00999999 48.18639 84.58647 0.00999999 48.75577 87.04155 0.00999999 49.03066 84.68495 0.00999999 48.77563 87.04374 0.00999999 49.05104 84.68273 0.00999999 49.89532 84.78121 0.00999999 49.62054 87.1368 0.00999999 49.64041 87.13899 0.00999999 49.9157 84.77898 0.00999999 50.48532 87.23205 0.00999999 50.75998 84.87746 0.00999999 50.50518 87.23424 0.00999999 50.78036 84.87523 0.00999999 51.35009 87.3273 0.00999999 51.36996 87.32949 0.00999999 51.64502 84.97149 0.00999999 52.21487 87.42255 0.00999999 52.23474 87.42474 0.00999999 52.50968 85.06775 0.00999999 53.07964 87.5178 0.00999999 53.35395 85.16623 0.00999999 53.37434 85.16401 0.00999999 53.09951 87.51999 0.00999999 53.94442 87.61305 0.00999999 54.21861 85.26249 0.00999999 53.96429 87.61525 0.00999999 54.239 85.26027 0.00999999 54.8092 87.70831 0.00999999 54.82906 87.7105 0.00999999 55.10366 85.35652 0.00999999 55.67397 87.80356 0.00999999 55.69384 87.80575 0.00999999 55.96831 85.45277 0.00999999 56.53875 87.89881 0.00999999 56.55862 87.901 0.00999999 56.83297 85.54903 0.00999999 57.67725 85.64752 0.00999999 57.40352 87.99406 0.00999999 57.42339 87.99625 0.00999999 57.69763 85.64529 0.00999999 58.2683 88.08931 0.00999999 58.28817 88.0915 0.00999999 58.56229 85.74155 0.00999999 59.13307 88.18456 0.00999999 59.40657 85.84003 0.00999999 59.15295 88.18675 0.00999999 59.42695 85.8378 0.00999999 59.99785 88.27981 0.00999999 60.01772 88.28201 0.00999999 60.29161 85.93406 0.00999999 60.86263 88.37507 0.00999999 60.8825 88.37726 0.00999999 61.15627 86.03031 0.00999999 61.7274 88.47032 0.00999999 62.00054 86.1288 0.00999999 61.74727 88.47251 0.00999999 62.02093 86.12657 0.00999999 62.59218 88.56557 0.00999999 62.8652 86.22505 0.00999999 62.61205 88.56776 0.00999999 62.88558 86.22283 0.00999999 63.45696 88.66082 0.00999999 63.47682 88.66301 0.00999999 63.75024 86.31909 0.00999999 64.59452 86.41757 0.00999999 64.32173 88.75607 0.00999999 64.3416 88.75826 0.00999999 64.6149 86.41534 0.00999999 65.18651 88.85132 0.00999999 65.20638 88.85351 0.00999999 65.47956 86.5116 0.00999999 66.05128 88.94658 0.00999999 66.07115 88.94877 0.00999999 66.34422 86.60786 0.00999999 66.91606 89.04183 0.00999999 66.93593 89.04402 0.00999999 67.20888 86.70411 0.00999999 67.78084 89.13708 0.00999999 68.07354 86.80037 0.00999999 67.8007 89.13927 0.00999999 68.64561 89.23233 0.00999999 68.91781 86.89885 0.00999999 68.66548 89.23452 0.00999999 68.9382 86.89663 0.00999999 69.51039 89.32758 0.00999999 69.78247 86.99511 0.00999999 69.53026 89.32977 0.00999999 69.80285 86.99288 0.00999999 70.64713 87.09137 0.00999999 70.37516 89.42283 0.00999999 70.39503 89.42502 0.00999999 70.66752 87.08914 0.00999999 71.23994 89.51808 0.00999999 71.51179 87.18762 0.00999999 71.2598 89.52027 0.00999999 71.53217 87.1854 0.00999999 72.10472 89.61334 0.00999999 72.37645 87.28388 0.00999999 72.39683 87.28166 0.00999999 72.12459 89.61552 0.00999999 72.96949 89.70859 0.00999999 73.2411 87.38014 0.00999999 72.98936 89.71077 0.00999999 73.26148 87.37791 0.00999999 74.10577 87.47639 0.00999999 73.83427 89.80384 0.00999999 73.85413 89.80602 0.00999999 74.12615 87.47416 0.00999999 74.69905 89.89909 0.00999999 74.97042 87.57265 0.00999999 74.9908 87.57042 0.00999999 74.71891 89.90127 0.00999999 75.56382 89.99434 0.00999999 75.83508 87.66891 0.00999999 75.58369 89.99652 0.00999999 75.85546 87.66668 0.00999999 76.42859 90.08959 0.00999999 76.44846 90.09177 0.00999999 76.72012 87.76294 0.00999999 77.29337 90.18484 0.00999999 77.5644 87.86142 0.00999999 77.31324 90.18703 0.00999999 77.58478 87.8592 0.00999999 78.15815 90.28009 0.00999999 78.42905 87.95768 0.00999999 78.17802 90.28228 0.00999999 78.44944 87.95545 0.00999999 79.02292 90.37534 0.00999999 79.3141 88.0517 0.00999999 79.04279 90.37753 0.00999999 79.8877 90.47059 0.00999999 79.90757 90.47278 0.00999999 80.17876 88.14796 0.00999999 80.75248 90.56584 0.00999999 81.02303 88.24645 0.00999999 80.77234 90.56803 0.00999999 81.04341 88.24422 0.00999999 81.61725 90.66109 0.00999999 81.8877 88.3427 0.00999999 81.63712 90.66328 0.00999999 81.90808 88.34048 0.00999999 82.48203 90.75634 0.00999999 82.5019 90.75853 0.00999999 82.77273 88.43673 0.00999999 83.3468 90.85159 0.00999999 83.61701 88.53522 0.00999999 83.36667 90.85379 0.00999999 83.63739 88.53299 0.00999999 84.21158 90.94685 0.00999999 84.48166 88.63148 0.00999999 84.50205 88.62924 0.00999999 84.23145 90.94904 0.00999999 85.34633 88.72773 0.00999999 85.07636 91.0421 0.00999999 85.09623 91.04429 0.00999999 85.36671 88.7255 0.00999999 85.94107 91.1379 0.00999999 86.21098 88.82398 0.00999999 85.64467 91.1047 0.00999999 85.96093 91.14012 0.00999999 86.23137 88.82176 0.00999999 86.80566 91.23476 0.00999999 87.07564 88.92024 0.00999999 87.09602 88.91802 0.00999999 86.82552 91.23698 0.00999999 87.67024 91.33162 0.00999999 87.9403 89.0165 0.00999999 87.69011 91.33384 0.00999999 87.96069 89.01427 0.00999999 88.53484 91.42847 0.00999999 88.5547 91.4307 0.00999999 88.82534 89.11053 0.00999999 89.39942 91.52533 0.00999999 89.66962 89.20902 0.00999999 89.41929 91.52755 0.00999999 89.69 89.20679 0.00999999 90.26401 91.62218 0.00999999 90.53428 89.30527 0.00999999 90.28388 91.62441 0.00999999 90.55466 89.30304 0.00999999 91.1286 91.71904 0.00999999 91.39894 89.40152 0.00999999 91.14846 91.72127 0.00999999 91.41932 89.3993 0.00999999 91.99319 91.8159 0.00999999 92.26359 89.49778 0.00999999 92.01305 91.81812 0.00999999 92.28398 89.49555 0.00999999 92.85778 91.91275 0.00999999 93.12826 89.59404 0.00999999 92.87764 91.91498 0.00999999 93.14864 89.59181 0.00999999 93.72237 92.00961 0.00999999 93.74223 92.01184 0.00999999 94.0133 89.68807 0.00999999 94.58695 92.10646 0.00999999 94.60682 92.10869 0.00999999 94.87795 89.78433 0.00999999 95.45155 92.20332 0.00999999 95.47141 92.20555 0.00999999 95.74262 89.88058 0.00999999 96.31613 92.30018 0.00999999 96.58689 89.97906 0.00999999 96.33601 92.30241 0.00999999 96.60727 89.97684 0.00999999 97.18072 92.39703 0.00999999 97.45155 90.07532 0.00999999 97.20059 92.39926 0.00999999 97.47193 90.07309 0.00999999 98.04531 92.49389 0.00999999 98.3162 90.17158 0.00999999 98.33659 90.16935 0.00999999 98.06517 92.49612 0.00999999 98.9099 92.59075 0.00999999 99.18087 90.26784 0.00999999 99.20125 90.26561 0.00999999 98.92977 92.59297 0.00999999 99.77448 92.6876 0.00999999 99.79435 92.68983 0.00999999 100.0659 90.36187 0.00999999 100.6391 92.78446 0.00999999 100.6589 92.78669 0.00999999 100.9306 90.45812 0.00999999 101.7748 90.55661 0.00999999 101.5037 92.88131 0.00999999 101.7952 90.55438 0.00999999 101.5235 92.88354 0.00999999 102.6395 90.65286 0.00999999 102.3683 92.97817 0.00999999 102.6599 90.65063 0.00999999 102.3881 92.9804 0.00999999 103.2328 93.07503 0.00999999 103.2527 93.07725 0.00999999 103.5245 90.74689 0.00999999 104.0974 93.17188 0.00999999 104.3892 90.84315 0.00999999 104.1173 93.17411 0.00999999 104.962 93.26874 0.00999999 105.2539 90.93941 0.00999999 104.9819 93.27097 0.00999999 105.8266 93.36559 0.00999999 105.8465 93.36782 0.00999999 106.1185 91.03566 0.00999999 106.6912 93.46245 0.00999999 106.7111 93.46468 0.00999999 106.9832 91.13192 0.00999999 107.8275 91.23041 0.00999999 107.5558 93.55931 0.00999999 107.5756 93.56154 0.00999999 107.8478 91.22817 0.00999999 108.4204 93.65616 0.00999999 108.4402 93.65839 0.00999999 108.7125 91.32443 0.00999999 109.285 93.75302 0.00999999 109.3048 93.75525 0.00999999 109.5772 91.42069 0.00999999 110.1496 93.84988 0.00999999 110.1694 93.8521 0.00999999 110.4418 91.51695 0.00999999 111.2861 91.61543 0.00999999 111.0141 93.94673 0.00999999 111.034 93.94896 0.00999999 111.3065 91.6132 0.00999999 111.8787 94.04359 0.00999999 112.1711 91.70946 0.00999999 111.8986 94.04582 0.00999999 112.7433 94.14045 0.00999999 112.7632 94.14267 0.00999999 113.0358 91.80571 0.00999999 113.6079 94.2373 0.00999999 113.6278 94.23953 0.00999999 113.9004 91.90197 0.00999999 114.4725 94.33416 0.00999999 114.4924 94.33638 0.00999999 114.7651 91.99823 0.00999999 115.3371 94.43102 0.00999999 115.3569 94.43324 0.00999999 115.6298 92.09448 0.00999999 116.2017 94.52788 0.00999999 116.2215 94.5301 0.00999999 116.4944 92.19074 0.00999999 117.3387 92.28923 0.00999999 117.0663 94.62473 0.00999999 117.0861 94.62695 0.00999999 117.3591 92.28701 0.00999999 117.9309 94.72159 0.00999999 117.9507 94.72381 0.00999999 118.2237 92.38326 0.00999999 119.068 92.48174 0.00999999 118.7954 94.81845 0.00999999 118.8153 94.82067 0.00999999 119.0884 92.47951 0.00999999 119.9327 92.57799 0.00999999 119.66 94.9153 0.00999999 119.6799 94.91752 0.00999999 119.9531 92.57577 0.00999999 120.5246 95.01216 0.00999999 120.5445 95.01438 0.00999999 120.8177 92.67202 0.00999999 121.3892 95.10902 0.00999999 121.6824 92.76828 0.00999999 121.4091 95.11123 0.00999999 122.2538 95.20587 0.00999999 122.2737 95.20809 0.00999999 122.547 92.86454 0.00999999 123.1184 95.30273 0.00999999 123.4117 92.9608 0.00999999 123.1382 95.30495 0.00999999 124.256 93.05928 0.00999999 123.983 95.39958 0.00999999 124.2764 93.05705 0.00999999 124.0028 95.4018 0.00999999 124.8476 95.49644 0.00999999 124.8674 95.49866 0.00999999 125.141 93.1533 0.00999999 125.7121 95.5933 0.00999999 126.0057 93.24956 0.00999999 125.732 95.59552 0.00999999 126.5767 95.69015 0.00999999 126.5966 95.69237 0.00999999 126.8703 93.34582 0.00999999 127.4413 95.78701 0.00999999 127.4612 95.78923 0.00999999 127.735 93.44208 0.00999999 128.5793 93.54056 0.00999999 128.3059 95.88386 0.00999999 128.3258 95.88609 0.00999999 128.5996 93.53834 0.00999999 129.1705 95.98072 0.00999999 129.4643 93.63459 0.00999999 129.1904 95.98295 0.00999999 130.0351 96.07758 0.00999999 130.055 96.0798 0.00999999 130.329 93.73084 0.00999999 130.8997 96.17443 0.00999999 131.1732 93.82933 0.00999999 130.9195 96.17666 0.00999999 131.1936 93.8271 0.00999999 131.7643 96.27129 0.00999999 132.0583 93.92336 0.00999999 131.7841 96.27352 0.00999999 132.6289 96.36815 0.00999999 132.9229 94.01962 0.00999999 132.6487 96.37037 0.00999999 133.4935 96.46501 0.00999999 133.7672 94.1181 0.00999999 133.5133 96.46723 0.00999999 133.7876 94.11588 0.00999999 134.358 96.56186 0.00999999 134.6319 94.21436 0.00999999 134.6523 94.21213 0.00999999 134.3779 96.56409 0.00999999 135.2226 96.65871 0.00999999 135.2425 96.66094 0.00999999 135.5169 94.30839 0.00999999 136.0872 96.75557 0.00999999 136.3612 94.40687 0.00999999 136.3816 94.40464 0.00999999 136.1071 96.7578 0.00999999 136.9518 96.85243 0.00999999 137.2258 94.50312 0.00999999 137.2462 94.5009 0.00999999 136.9717 96.85465 0.00999999 137.8164 96.94928 0.00999999 138.0905 94.59938 0.00999999 137.8363 96.95151 0.00999999 138.1109 94.59716 0.00999999 138.681 97.04614 0.00999999 138.7008 97.04837 0.00999999 138.9755 94.69341 0.00999999 139.5456 97.14299 0.00999999 139.8198 94.7919 0.00999999 139.5654 97.14522 0.00999999 139.8402 94.78967 0.00999999 140.6845 94.88816 0.00999999 140.4102 97.23985 0.00999999 140.43 97.24208 0.00999999 140.7049 94.88593 0.00999999 141.2748 97.33671 0.00999999 141.5695 94.98218 0.00999999 141.2946 97.33894 0.00999999 142.1393 97.43356 0.00999999 142.4138 95.08067 0.00999999 142.4342 95.07844 0.00999999 142.1592 97.43579 0.00999999 143.2785 95.17692 0.00999999 143.0039 97.53042 0.00999999 143.0238 97.53265 0.00999999 143.2988 95.1747 0.00999999 143.8685 97.62728 0.00999999 144.1635 95.27095 0.00999999 143.8884 97.6295 0.00999999 144.7331 97.72413 0.00999999 145.0078 95.36944 0.00999999 145.0282 95.36721 0.00999999 144.753 97.72636 0.00999999 145.5977 97.82099 0.00999999 145.8928 95.46347 0.00999999 145.6175 97.82322 0.00999999 146.4622 97.91822 0.00999999 146.7371 95.56195 0.00999999 145.9918 97.86514 0.00999999 146.7575 95.55973 0.00999999 146.4821 97.92046 0.00999999 147.6018 95.65821 0.00999999 147.3268 98.01576 0.00999999 147.3466 98.01801 0.00999999 147.6221 95.65598 0.00999999 148.4664 95.75446 0.00999999 148.1912 98.1133 0.00999999 148.4868 95.75223 0.00999999 148.2111 98.11554 0.00999999 149.0558 98.21084 0.00999999 149.3311 95.85072 0.00999999 149.0756 98.21308 0.00999999 149.3515 95.84849 0.00999999 149.9203 98.30837 0.00999999 149.9401 98.31062 0.00999999 150.2161 95.94475 0.00999999 151.0604 96.04323 0.00999999 150.7848 98.40591 0.00999999 150.8046 98.40816 0.00999999 151.0808 96.04101 0.00999999 151.6493 98.50345 0.00999999 151.9454 96.13727 0.00999999 151.6692 98.5057 0.00999999 152.5138 98.60099 0.00999999 152.7897 96.23575 0.00999999 152.5337 98.60323 0.00999999 152.8101 96.23352 0.00999999 153.3783 98.69853 0.00999999 153.6748 96.32977 0.00999999 153.3982 98.70077 0.00999999 154.2428 98.79607 0.00999999 154.519 96.42826 0.00999999 154.5394 96.42603 0.00999999 154.2627 98.7983 0.00999999 155.3837 96.52452 0.00999999 155.1073 98.89361 0.00999999 155.4041 96.52229 0.00999999 155.1272 98.89584 0.00999999 155.9718 98.99115 0.00999999 156.2483 96.62077 0.00999999 156.2687 96.61855 0.00999999 155.9917 98.99338 0.00999999 156.8363 99.08868 0.00999999 156.8562 99.09092 0.00999999 157.1334 96.7148 0.00999999 157.7009 99.18622 0.00999999 157.9777 96.81329 0.00999999 157.7207 99.18846 0.00999999 157.998 96.81106 0.00999999 158.5654 99.28376 0.00999999 158.8423 96.90955 0.00999999 158.8627 96.90731 0.00999999 158.5852 99.28601 0.00999999 159.707 97.0058 0.00999999 159.4299 99.3813 0.00999999 159.4497 99.38354 0.00999999 159.7274 97.00357 0.00999999 160.2944 99.47884 0.00999999 160.592 97.09983 0.00999999 160.3143 99.48108 0.00999999 161.1589 99.57637 0.00999999 161.4567 97.19609 0.00999999 161.1788 99.57862 0.00999999 162.0234 99.67391 0.00999999 162.0433 99.67616 0.00999999 162.3213 97.29234 0.00999999 162.8879 99.77145 0.00999999 163.1656 97.39083 0.00999999 163.1162 99.79722 0.00999999 162.9079 99.77291 0.00999999 163.186 97.3886 0.00999999 164.0303 97.48709 0.00999999 163.7524 99.86899 0.00999999 164.3206 99.93309 0.00999999 163.7725 99.86916 0.00999999 164.0507 97.48486 0.00999999 164.8949 97.58334 0.00999999 164.6169 99.96653 0.00999999 41.42546 86.23415 0.1 85.64467 91.1047 0.1 145.9918 97.86514 0.1 187.0569 102.4983 0.1 196.5687 44.47397 0.00999999 193.9002 44.81377 0.00999999 193.7547 47.57894 0.00999999 187.1132 102.5112 0.00999999 193.5775 47.55721 0.00999999 189.6676 102.758 0.00999999 193.7547 47.57894 0.04999995 193.338 47.52786 0.04999995 192.9131 47.43477 0.04999995 193.0785 44.29105 0.04999995 193.9222 44.39447 0.04999995 193.3433 47.48197 0.04999995 192.8925 47.43251 0.04999995 193.0574 44.29993 0.04999995 192.0483 47.33987 0.04999995 192.0277 47.33761 0.04999995 192.1925 44.20539 0.04999995 191.1835 47.24497 0.04999995 191.3488 44.10196 0.04999995 191.1629 47.24271 0.04999995 191.3277 44.11084 0.04999995 190.3186 47.15007 0.04999995 190.484 44.00742 0.04999995 190.298 47.14782 0.04999995 190.4628 44.0163 0.04999995 189.4538 47.05518 0.04999995 189.6191 43.91287 0.04999995 189.4332 47.05292 0.04999995 189.598 43.92175 0.04999995 188.589 46.96028 0.04999995 188.7543 43.81833 0.04999995 188.5684 46.95802 0.04999995 188.7331 43.82721 0.04999995 187.7241 46.86538 0.04999995 187.8895 43.72379 0.04999995 187.8683 43.73267 0.04999995 187.7036 46.86313 0.04999995 186.8593 46.77048 0.04999995 187.0246 43.62924 0.04999995 186.8387 46.76823 0.04999995 187.0034 43.63812 0.04999995 186.1598 43.5347 0.04999995 185.9945 46.67559 0.04999995 185.9739 46.67333 0.04999995 186.1386 43.54358 0.04999995 185.2949 43.44015 0.04999995 185.1297 46.58069 0.04999995 185.1091 46.57843 0.04999995 185.2737 43.44904 0.04999995 184.4301 43.34561 0.04999995 184.2648 46.48579 0.04999995 184.2442 46.48354 0.04999995 184.4089 43.35449 0.04999995 183.4 46.39089 0.04999995 183.3794 46.38864 0.04999995 183.544 43.25995 0.04999995 182.5352 46.296 0.04999995 182.5146 46.29374 0.04999995 182.6792 43.1654 0.04999995 181.6703 46.2011 0.04999995 181.6498 46.19884 0.04999995 181.8144 43.07086 0.04999995 180.9707 42.96743 0.04999995 180.8055 46.1062 0.04999995 180.7849 46.10394 0.04999995 180.9495 42.97632 0.04999995 180.1058 42.87289 0.04999995 179.9407 46.0113 0.04999995 179.9201 46.00905 0.04999995 180.0847 42.88177 0.04999995 179.0759 45.91641 0.04999995 179.0553 45.91415 0.04999995 179.2198 42.78723 0.04999995 178.211 45.82151 0.04999995 178.1905 45.81925 0.04999995 178.355 42.69268 0.04999995 177.5113 42.58926 0.04999995 177.3462 45.72661 0.04999995 177.3256 45.72435 0.04999995 177.4901 42.59814 0.04999995 176.4814 45.63171 0.04999995 176.6464 42.49471 0.04999995 176.4608 45.62945 0.04999995 176.6253 42.50359 0.04999995 175.6165 45.53682 0.04999995 175.7816 42.40017 0.04999995 175.596 45.53456 0.04999995 175.7604 42.40905 0.04999995 174.7517 45.44192 0.04999995 174.9167 42.30562 0.04999995 174.7311 45.43966 0.04999995 174.8956 42.31451 0.04999995 173.8869 45.34702 0.04999995 173.8663 45.34476 0.04999995 174.0307 42.21996 0.04999995 173.022 45.25212 0.04999995 173.187 42.11654 0.04999995 173.0015 45.24986 0.04999995 173.1659 42.12542 0.04999995 172.3222 42.022 0.04999995 172.1572 45.15723 0.04999995 172.1366 45.15497 0.04999995 172.301 42.03088 0.04999995 171.2924 45.06233 0.04999995 171.2718 45.06007 0.04999995 171.4362 41.93633 0.04999995 170.4276 44.96743 0.04999995 170.407 44.96517 0.04999995 170.5713 41.84179 0.04999995 169.7276 41.73836 0.04999995 169.5627 44.87253 0.04999995 169.5422 44.87027 0.04999995 169.7065 41.74724 0.04999995 168.6979 44.77763 0.04999995 168.6773 44.77538 0.04999995 168.8416 41.6527 0.04999995 167.8331 44.68274 0.04999995 167.8125 44.68048 0.04999995 167.9768 41.55816 0.04999995 166.9683 44.58784 0.04999995 166.9477 44.58558 0.04999995 167.1119 41.46361 0.04999995 166.2682 41.36019 0.04999995 166.1034 44.49294 0.04999995 166.2471 41.36907 0.04999995 166.0828 44.49068 0.04999995 165.2386 44.39804 0.04999995 165.218 44.39579 0.04999995 165.3822 41.27452 0.04999995 164.3738 44.30315 0.04999995 164.3532 44.30089 0.04999995 164.5174 41.17998 0.04999995 163.5089 44.20825 0.04999995 163.6525 41.08544 0.04999995 163.4884 44.20599 0.04999995 162.6441 44.11335 0.04999995 162.6235 44.11109 0.04999995 162.7877 40.99089 0.04999995 161.944 40.88747 0.04999995 161.7793 44.01845 0.04999995 161.7587 44.0162 0.04999995 161.9229 40.89635 0.04999995 160.9144 43.92355 0.04999995 161.0792 40.79292 0.04999995 160.8939 43.9213 0.04999995 161.058 40.8018 0.04999995 160.2143 40.69838 0.04999995 160.0496 43.82866 0.04999995 160.029 43.8264 0.04999995 160.1932 40.70726 0.04999995 159.1848 43.73376 0.04999995 159.3495 40.60384 0.04999995 159.1642 43.7315 0.04999995 159.3283 40.61272 0.04999995 158.4846 40.50929 0.04999995 158.32 43.63886 0.04999995 158.2994 43.63661 0.04999995 158.4635 40.51817 0.04999995 157.4551 43.54396 0.04999995 157.6198 40.41475 0.04999995 157.4345 43.54171 0.04999995 157.5986 40.42363 0.04999995 156.7549 40.3202 0.04999995 156.5903 43.44907 0.04999995 156.5697 43.44681 0.04999995 156.7338 40.32909 0.04999995 155.8901 40.22566 0.04999995 155.7255 43.35417 0.04999995 155.7049 43.35191 0.04999995 155.8689 40.23454 0.04999995 154.8606 43.25927 0.04999995 154.8401 43.25702 0.04999995 155.0041 40.14 0.04999995 154.1604 40.03657 0.04999995 153.9958 43.16437 0.04999995 153.9752 43.16212 0.04999995 154.1392 40.04545 0.04999995 153.131 43.06948 0.04999995 153.1104 43.06722 0.04999995 153.2744 39.95091 0.04999995 152.2662 42.97458 0.04999995 152.2456 42.97232 0.04999995 152.4095 39.85637 0.04999995 151.5658 39.75294 0.04999995 151.4013 42.87968 0.04999995 151.3808 42.87743 0.04999995 151.5447 39.76182 0.04999995 150.701 39.65839 0.04999995 150.5365 42.78479 0.04999995 150.5159 42.78253 0.04999995 150.6798 39.66728 0.04999995 149.6717 42.68989 0.04999995 149.6511 42.68763 0.04999995 149.815 39.57273 0.04999995 148.9713 39.46931 0.04999995 148.8068 42.59499 0.04999995 148.7863 42.59273 0.04999995 148.9501 39.47819 0.04999995 147.942 42.50009 0.04999995 147.9214 42.49784 0.04999995 148.0853 39.38364 0.04999995 147.0772 42.4052 0.04999995 147.0566 42.40294 0.04999995 147.2205 39.2891 0.04999995 146.2123 42.3103 0.04999995 146.3768 39.18568 0.04999995 146.1918 42.30804 0.04999995 146.3556 39.19456 0.04999995 145.3475 42.2154 0.04999995 145.5119 39.09113 0.04999995 145.3269 42.21314 0.04999995 145.4907 39.10002 0.04999995 144.4827 42.1205 0.04999995 144.6471 38.99659 0.04999995 144.4621 42.11824 0.04999995 144.6259 39.00547 0.04999995 143.6179 42.02561 0.04999995 143.5973 42.02335 0.04999995 143.7611 38.91093 0.04999995 142.753 41.93071 0.04999995 142.9174 38.8075 0.04999995 142.7325 41.92845 0.04999995 142.8962 38.81638 0.04999995 141.8882 41.83581 0.04999995 142.0525 38.71296 0.04999995 141.8676 41.83355 0.04999995 142.0314 38.72184 0.04999995 141.0234 41.74091 0.04999995 141.1877 38.61841 0.04999995 141.0028 41.73865 0.04999995 141.1665 38.62729 0.04999995 140.3228 38.52387 0.04999995 140.1585 41.64601 0.04999995 140.138 41.64375 0.04999995 140.3017 38.53275 0.04999995 139.2937 41.55112 0.04999995 139.2731 41.54886 0.04999995 139.4368 38.43821 0.04999995 138.4289 41.45622 0.04999995 138.4083 41.45396 0.04999995 138.572 38.34366 0.04999995 137.5641 41.36132 0.04999995 137.5435 41.35906 0.04999995 137.7071 38.24912 0.04999995 136.6991 41.26811 0.04999995 137.5159 41.35603 0.04999995 136.6786 41.26589 0.04999995 136.8423 38.15457 0.04999995 135.8342 41.175 0.04999995 135.8136 41.17278 0.04999995 135.9774 38.06003 0.04999995 134.9693 41.08188 0.04999995 135.1126 37.96549 0.04999995 134.9487 41.07967 0.04999995 134.1044 40.98877 0.04999995 134.0838 40.98655 0.04999995 134.2477 37.87094 0.04999995 133.404 37.76752 0.04999995 133.2395 40.89566 0.04999995 133.2189 40.89344 0.04999995 133.3829 37.7764 0.04999995 132.3745 40.80255 0.04999995 132.354 40.80033 0.04999995 132.518 37.68186 0.04999995 131.6744 37.57843 0.04999995 131.5096 40.70943 0.04999995 131.6532 37.58731 0.04999995 131.489 40.70722 0.04999995 130.6447 40.61632 0.04999995 130.6241 40.61411 0.04999995 130.7883 37.49277 0.04999995 129.7798 40.52321 0.04999995 129.7592 40.52099 0.04999995 129.9235 37.39822 0.04999995 128.9148 40.4301 0.04999995 128.8943 40.42788 0.04999995 129.0586 37.30368 0.04999995 128.0499 40.33698 0.04999995 128.0293 40.33477 0.04999995 128.1938 37.20914 0.04999995 127.185 40.24387 0.04999995 127.1644 40.24166 0.04999995 127.329 37.11459 0.04999995 126.3201 40.15076 0.04999995 126.2995 40.14854 0.04999995 126.4641 37.02005 0.04999995 125.4551 40.05764 0.04999995 125.4346 40.05543 0.04999995 125.5993 36.9255 0.04999995 124.7556 36.82208 0.04999995 124.5902 39.96454 0.04999995 124.7344 36.83096 0.04999995 124.5696 39.96232 0.04999995 123.7253 39.87142 0.04999995 123.7047 39.86921 0.04999995 123.8696 36.73641 0.04999995 122.8604 39.77831 0.04999995 123.0047 36.64187 0.04999995 122.8398 39.77609 0.04999995 121.9955 39.6852 0.04999995 122.1399 36.54733 0.04999995 121.9749 39.68298 0.04999995 121.2962 36.4439 0.04999995 121.1305 39.59208 0.04999995 121.1099 39.58987 0.04999995 121.275 36.45279 0.04999995 120.2656 39.49897 0.04999995 120.245 39.49675 0.04999995 120.4102 36.35824 0.04999995 119.4007 39.40586 0.04999995 119.3801 39.40364 0.04999995 119.5453 36.2637 0.04999995 118.5358 39.31275 0.04999995 118.5152 39.31053 0.04999995 118.6805 36.16915 0.04999995 117.8368 36.06573 0.04999995 117.6708 39.21963 0.04999995 117.8156 36.07461 0.04999995 117.6503 39.21742 0.04999995 116.8059 39.12652 0.04999995 116.7853 39.1243 0.04999995 116.9508 35.98006 0.04999995 115.941 39.03341 0.04999995 115.9204 39.03119 0.04999995 116.0859 35.88552 0.04999995 115.0761 38.9403 0.04999995 115.0555 38.93808 0.04999995 115.2211 35.79098 0.04999995 114.2111 38.84718 0.04999995 114.1906 38.84497 0.04999995 114.3562 35.69643 0.04999995 113.3462 38.75407 0.04999995 113.3256 38.75186 0.04999995 113.4914 35.60189 0.04999995 112.4813 38.66096 0.04999995 112.4607 38.65874 0.04999995 112.6265 35.50734 0.04999995 111.6164 38.56785 0.04999995 111.5958 38.56563 0.04999995 111.7617 35.4128 0.04999995 110.7515 38.47473 0.04999995 110.7309 38.47252 0.04999995 110.8968 35.31826 0.04999995 109.8865 38.38162 0.04999995 109.866 38.37941 0.04999995 110.032 35.22371 0.04999995 109.0216 38.28851 0.04999995 109.001 38.28629 0.04999995 109.1671 35.12917 0.04999995 108.1567 38.19539 0.04999995 108.1361 38.19318 0.04999995 108.3023 35.03462 0.04999995 107.2918 38.10228 0.04999995 107.4375 34.94008 0.04999995 107.2712 38.10007 0.04999995 106.4268 38.00917 0.04999995 106.4063 38.00696 0.04999995 106.5726 34.84554 0.04999995 105.5619 37.91606 0.04999995 105.5413 37.91384 0.04999995 105.7078 34.75099 0.04999995 104.697 37.82295 0.04999995 104.6764 37.82073 0.04999995 104.8429 34.65645 0.04999995 103.8321 37.72983 0.04999995 103.8115 37.72762 0.04999995 103.9781 34.56191 0.04999995 102.9671 37.63672 0.04999995 102.9466 37.6345 0.04999995 103.1132 34.46736 0.04999995 102.1022 37.54361 0.04999995 102.0816 37.54139 0.04999995 102.2484 34.37282 0.04999995 101.2373 37.4505 0.04999995 101.2167 37.44828 0.04999995 101.3835 34.27827 0.04999995 100.3724 37.35738 0.04999995 100.3518 37.35517 0.04999995 100.5187 34.18373 0.04999995 99.50745 37.26427 0.04999995 99.65383 34.08918 0.04999995 99.48687 37.26205 0.04999995 98.81014 33.98576 0.04999995 98.64258 37.17023 0.04999995 98.70538 37.17792 0.04999995 98.62195 37.16894 0.04999995 98.78898 33.99464 0.04999995 97.9453 33.89121 0.04999995 97.77773 37.07568 0.04999995 97.93692 37.0952 0.04999995 97.75703 37.07583 0.04999995 97.92413 33.9001 0.04999995 97.08045 33.79667 0.04999995 97.16847 37.01247 0.04999995 96.89211 36.98272 0.04999995 97.05928 33.80555 0.04999995 96.2156 33.70213 0.04999995 96.40002 36.92974 0.04999995 96.02718 36.88961 0.04999995 96.19444 33.71101 0.04999995 95.18319 36.79205 0.04999995 95.63156 36.84702 0.04999995 95.16226 36.79649 0.04999995 95.32959 33.61646 0.04999995 94.48591 33.51304 0.04999995 94.31834 36.6975 0.04999995 94.86311 36.76429 0.04999995 94.29734 36.70338 0.04999995 94.46474 33.52192 0.04999995 93.62105 33.4185 0.04999995 93.45349 36.60296 0.04999995 94.09466 36.68156 0.04999995 93.43241 36.61027 0.04999995 93.59989 33.42738 0.04999995 92.75621 33.32395 0.04999995 92.58865 36.50842 0.04999995 93.3262 36.59883 0.04999995 92.56749 36.51716 0.04999995 92.73505 33.33283 0.04999995 91.89136 33.22941 0.04999995 91.7238 36.41387 0.04999995 92.55775 36.51611 0.04999995 193.3433 47.48197 0.1 189.6676 79.36175 0.1 137.5159 41.35603 0.1 85.42362 35.74809 0.1 -0.9575865 21.6961 0.04999995 -5.44444e-4 -0.002005279 0.1 -0.9639865 21.8412 0.04999995 -0.9631452 21.82213 0.04999995 -1.002323 22.71036 0.04999995 -1.001481 22.69129 0.04999995 -1.040659 23.57952 0.04999995 -1.039817 23.56044 0.04999995 -1.078153 24.4296 0.04999995 -1.078995 24.44867 0.04999995 -1.090865 24.71779 0.1 -1.090865 24.71779 0.04999995 40.99805 89.78259 0.1 38.53609 89.41006 0.1 39.69591 79.82346 0.1 42.17692 80.14462 0.1 41.73702 83.7213 0.1 85.85476 88.62274 0.1 146.7472 95.4411 0.1 187.3584 100.0164 0.1 2.835535 26.75289 0.1 0.2407021 83.04409 0.1 -3.781626 82.84955 0.1 -1.117753 25.2987 0.04999995 -1.118636 25.31777 0.04999995 -1.15798 26.16777 0.04999995 -1.158863 26.18684 0.04999995 -1.198207 27.03684 0.04999995 -1.19909 27.05591 0.04999995 -1.239317 27.92498 0.04999995 -1.238434 27.90591 0.04999995 -1.278661 28.77497 0.04999995 -1.279544 28.79405 0.04999995 -1.318888 29.64404 0.04999995 -1.31977 29.66312 0.04999995 -1.359997 30.53219 0.04999995 -1.359114 30.51311 0.04999995 -1.399341 31.38218 0.04999995 -1.400224 31.40126 0.04999995 -1.439568 32.25125 0.04999995 -1.440451 32.27033 0.04999995 -1.480678 33.13939 0.04999995 -1.479795 33.12032 0.04999995 -1.520905 34.00846 0.04999995 -1.520022 33.98939 0.04999995 -1.560249 34.85846 0.04999995 -1.561132 34.87754 0.04999995 -1.601359 35.74661 0.04999995 -1.600476 35.72753 0.04999995 -1.640703 36.5966 0.04999995 -1.641585 36.61567 0.04999995 -1.680929 37.46567 0.04999995 -1.681812 37.48474 0.04999995 -1.722039 38.35381 0.04999995 -1.721156 38.33474 0.04999995 -1.762266 39.22288 0.04999995 -1.761383 39.20381 0.04999995 -1.80161 40.07288 0.04999995 -1.802493 40.09195 0.04999995 -1.84272 40.96102 0.04999995 -1.841837 40.94195 0.04999995 -1.882947 41.83009 0.04999995 -1.882064 41.81102 0.04999995 -1.923173 42.69916 0.04999995 -1.922291 42.68009 0.04999995 -1.9634 43.56823 0.04999995 -1.962517 43.54916 0.04999995 -2.003627 44.4373 0.04999995 -2.002744 44.41823 0.04999995 -2.043854 45.30637 0.04999995 -2.042971 45.2873 0.04999995 -2.083198 46.15636 0.04999995 -2.084081 46.17544 0.04999995 -2.124308 47.04451 0.04999995 -2.123425 47.02543 0.04999995 -2.164535 47.91358 0.04999995 -2.163652 47.8945 0.04999995 -2.203879 48.76357 0.04999995 -2.204761 48.78265 0.04999995 -2.244988 49.65171 0.04999995 -2.244105 49.63264 0.04999995 -2.285215 50.52079 0.04999995 -2.284332 50.50171 0.04999995 -2.325442 51.38986 0.04999995 -2.324559 51.37078 0.04999995 -2.364786 52.23985 0.04999995 -2.365669 52.25893 0.04999995 -2.405013 53.10892 0.04999995 -2.405896 53.128 0.04999995 -2.44524 53.97799 0.04999995 -2.446123 53.99706 0.04999995 -2.48635 54.86613 0.04999995 -2.485467 54.84706 0.04999995 -2.526576 55.7352 0.04999995 -2.525694 55.71613 0.04999995 -2.566803 56.60427 0.04999995 -2.56592 56.5852 0.04999995 -2.606147 57.45427 0.04999995 -2.60703 57.47334 0.04999995 -2.647257 58.34241 0.04999995 -2.646374 58.32334 0.04999995 -2.686601 59.19241 0.04999995 -2.687484 59.21148 0.04999995 -2.727711 60.08055 0.04999995 -2.726828 60.06148 0.04999995 -2.767937 60.94962 0.04999995 -2.767055 60.93055 0.04999995 -2.807281 61.79962 0.04999995 -2.808165 61.81869 0.04999995 -2.848391 62.68776 0.04999995 -2.847509 62.66869 0.04999995 -2.888618 63.55683 0.04999995 -2.887735 63.53775 0.04999995 -2.928845 64.4259 0.04999995 -2.927962 64.40682 0.04999995 -2.969072 65.29497 0.04999995 -2.968189 65.27589 0.04999995 -3.009299 66.16404 0.04999995 -3.008416 66.14496 0.04999995 -3.049526 67.03311 0.04999995 -3.048643 67.01403 0.04999995 -3.089752 67.90218 0.04999995 -3.08887 67.8831 0.04999995 -3.129096 68.75217 0.04999995 -3.129979 68.77124 0.04999995 -3.170206 69.64031 0.04999995 -3.169323 69.62124 0.04999995 -3.210433 70.50938 0.04999995 -3.20955 70.49031 0.04999995 -3.249777 71.35938 0.04999995 -3.25066 71.37845 0.04999995 -3.290887 72.24752 0.04999995 -3.290004 72.22845 0.04999995 -3.330231 73.09752 0.04999995 -3.331114 73.11659 0.04999995 -3.370458 73.96659 0.04999995 -3.371341 73.98566 0.04999995 -3.411567 74.85473 0.04999995 -3.410685 74.83566 0.04999995 -3.450911 75.70473 0.04999995 -3.451794 75.7238 0.04999995 -3.492021 76.59287 0.04999995 -3.491138 76.5738 0.04999995 -3.531365 77.44287 0.04999995 -3.532248 77.46194 0.04999995 -3.572475 78.33101 0.04999995 -3.571592 78.31194 0.04999995 -3.612702 79.20008 0.04999995 -3.611819 79.18101 0.04999995 -3.652929 80.06915 0.04999995 -3.652046 80.05008 0.04999995 -3.693156 80.93822 0.04999995 -3.692273 80.91915 0.04999995 -3.733382 81.80729 0.04999995 -3.7325 81.78821 0.04999995 -3.772726 82.65728 0.04999995 4.011837 0.1416923 0.1 2.934614 23.40962 0.1 86.11577 32.50287 0.1 141.6929 38.5094 0.1 193.669 43.94184 0.1 3.226717 23.16131 0.1 4.225693 0.015046 0.1 -0.155203 -0.1740303 0.1 -3.876449 82.94486 0.1 0.361228 83.08784 0.1 2.937493 26.86812 0.1 192.7491 47.80352 0.1 187.3003 99.89324 0.1 41.79326 83.69492 0.1 42.21257 80.10034 0.1 39.67066 79.7928 0.1 38.49 89.46 0.1 41.03513 89.83261 0.1 41.48841 86.30826 0.1 187.0569 102.5446 0.1 0.0386666 82.83333 0.04999995 0.1180696 81.11426 0.04999995 0.0788086 81.96426 0.04999995 0.1582115 80.24518 0.04999995 0.1189506 81.09518 0.04999995 0.1983535 79.37611 0.04999995 0.1590925 80.22611 0.04999995 0.2384955 78.50704 0.04999995 0.1992345 79.35704 0.04999995 0.2786374 77.63796 0.04999995 0.2393764 78.48796 0.04999995 0.3187794 76.76889 0.04999995 0.2795184 77.61889 0.04999995 0.3589213 75.89981 0.04999995 0.3196604 76.74981 0.04999995 0.3598023 75.88074 0.04999995 0.4392053 74.16167 0.04999995 0.3999443 75.01167 0.04999995 0.4793472 73.29259 0.04999995 0.4400862 74.14259 0.04999995 0.4802282 73.27352 0.04999995 0.5596312 71.55445 0.04999995 0.5203702 72.40445 0.04999995 0.5997731 70.68538 0.04999995 0.5605121 71.53538 0.04999995 0.6006541 70.6663 0.04999995 0.680057 68.94723 0.04999995 0.640796 69.79723 0.04999995 0.720199 68.07816 0.04999995 0.680938 68.92816 0.04999995 0.7603409 67.20908 0.04999995 0.72108 68.05908 0.04999995 0.7612219 67.19001 0.04999995 0.8013639 66.32094 0.04999995 0.8807668 64.60186 0.04999995 0.8415059 65.45186 0.04999995 0.9209088 63.73279 0.04999995 0.8816478 64.58279 0.04999995 0.9217898 63.71371 0.04999995 1.001193 61.99464 0.04999995 0.9619317 62.84464 0.04999995 1.041335 61.12557 0.04999995 1.002074 61.97557 0.04999995 1.081477 60.2565 0.04999995 1.042216 61.1065 0.04999995 1.082358 60.23742 0.04999995 1.16176 58.51835 0.04999995 1.1225 59.36835 0.04999995 1.162641 58.49927 0.04999995 1.202783 57.6302 0.04999995 1.282186 55.91113 0.04999995 1.242925 56.76113 0.04999995 1.283067 55.89205 0.04999995 1.323209 55.02298 0.04999995 1.363351 54.15391 0.04999995 1.442754 52.43483 0.04999995 1.403493 53.28483 0.04999995 1.482896 51.56576 0.04999995 1.443635 52.41576 0.04999995 1.523038 50.69669 0.04999995 1.483777 51.54669 0.04999995 1.56318 49.82761 0.04999995 1.523919 50.67761 0.04999995 1.603322 48.95854 0.04999995 1.564061 49.80854 0.04999995 1.643464 48.08946 0.04999995 1.604203 48.93946 0.04999995 1.683606 47.22039 0.04999995 1.644345 48.07039 0.04999995 1.723748 46.35132 0.04999995 1.684487 47.20132 0.04999995 1.76389 45.48225 0.04999995 1.724629 46.33225 0.04999995 1.804032 44.61317 0.04999995 1.764771 45.46317 0.04999995 1.844174 43.7441 0.04999995 1.804913 44.5941 0.04999995 1.884316 42.87503 0.04999995 1.845055 43.72503 0.04999995 1.885197 42.85595 0.04999995 1.925339 41.98688 0.04999995 2.004742 40.2678 0.04999995 1.965481 41.1178 0.04999995 2.044884 39.39873 0.04999995 2.005623 40.24873 0.04999995 2.085026 38.52966 0.04999995 2.045765 39.37966 0.04999995 2.125167 37.66059 0.04999995 2.085906 38.51059 0.04999995 2.16531 36.79151 0.04999995 2.126049 37.64151 0.04999995 2.16619 36.77244 0.04999995 2.245594 35.05336 0.04999995 2.206333 35.90336 0.04999995 2.285735 34.18429 0.04999995 2.246474 35.03429 0.04999995 2.325877 33.31522 0.04999995 2.366019 32.44614 0.04999995 2.326758 33.29614 0.04999995 2.406161 31.57707 0.04999995 2.3669 32.42707 0.04999995 2.446303 30.708 0.04999995 2.407042 31.558 0.04999995 2.486445 29.83892 0.04999995 2.447184 30.68892 0.04999995 2.526587 28.96985 0.04999995 2.487326 29.81985 0.04999995 2.527468 28.95078 0.04999995 2.56761 28.08171 0.04999995 2.607752 27.21263 0.04999995 2.647894 26.34356 0.04999995 2.688036 25.47448 0.04999995 2.727297 24.62448 0.04999995 2.767439 23.75541 0.04999995 2.807581 22.88634 0.04999995 2.847723 22.01726 0.04999995 -0.9241461 20.97212 0.04999995 2.887865 21.14819 0.04999995 2.848604 21.99819 0.04999995 3.676901 23.58593 0 3.50934 26.77039 0.04999995 3.50934 26.77039 0 3.676901 23.58593 0.04999995 4.353024 26.87382 0.04999995 4.520585 23.68935 0 4.520585 23.68935 0.04999995 4.541749 23.68047 0.04999995 4.374187 26.86494 0 5.217872 26.96836 0.04999995 5.385433 23.78389 0.04999995 5.385433 23.78389 0 5.406596 23.77501 0.04999995 5.239035 26.95948 0 6.08272 27.06291 0.04999995 6.25028 23.87844 0.04999995 6.25028 23.87844 0 6.271444 23.86956 0.04999995 6.103883 27.05402 0 6.947567 27.15745 0.04999995 7.115128 23.97298 0.04999995 7.115128 23.97298 0 7.136292 23.9641 0 6.96873 27.14857 0.04999995 6.96873 27.14857 0 7.136292 23.9641 0.04999995 7.812415 27.25199 0.04999995 7.979976 24.06753 0.04999995 7.979976 24.06753 0 8.001139 24.05865 0 7.833578 27.24311 0.04999995 7.833578 27.24311 0 8.001139 24.05865 0.04999995 8.677266 27.34654 0.04999995 8.844823 24.16207 0.04999995 8.844823 24.16207 0 8.865986 24.15319 0 8.698429 27.33766 0.04999995 8.698429 27.33766 0 8.865986 24.15319 0.04999995 9.54211 27.44108 0 9.54211 27.44108 0.04999995 9.709671 24.25662 0.04999995 9.730834 24.24773 0 9.563276 27.4322 0.04999995 9.563276 27.4322 0 10.40696 27.53562 0.04999995 10.57452 24.35116 0.04999995 10.57452 24.35116 0 10.59568 24.34228 0.04999995 10.42812 27.52674 0 10.59568 24.34228 0 10.42812 27.52674 0.04999995 11.27181 27.63017 0 11.27181 27.63017 0.04999995 11.43937 24.4457 0.04999995 11.43937 24.4457 0 11.46053 24.43682 0.04999995 11.29297 27.62129 0 11.46053 24.43682 0 11.29297 27.62129 0.04999995 12.13665 27.72471 0 12.13665 27.72471 0.04999995 12.30421 24.54025 0.04999995 12.30421 24.54025 0 12.32538 24.53137 0.04999995 12.15782 27.71583 0 12.32538 24.53137 0 12.15782 27.71583 0.04999995 13.0015 27.81926 0 13.0015 27.81926 0.04999995 13.16906 24.63479 0.04999995 13.16906 24.63479 0 13.19022 24.62591 0.04999995 13.02266 27.81038 0 13.02266 27.81038 0.04999995 13.86635 27.9138 0 14.03391 24.72933 0 14.03391 24.72933 0.04999995 14.05507 24.72045 0.04999995 13.88751 27.90492 0 13.88751 27.90492 0.04999995 14.7312 28.00835 0 14.89876 24.82388 0 14.89876 24.82388 0.04999995 14.91992 24.815 0.04999995 14.75236 27.99946 0 14.75236 27.99946 0.04999995 15.59604 28.10289 0 15.7636 24.91842 0 15.7636 24.91842 0.04999995 15.78477 24.90954 0.04999995 15.61721 28.09401 0 15.61721 28.09401 0.04999995 16.46089 28.19743 0 16.46089 28.19743 0.04999995 16.62845 25.01297 0.04999995 16.62845 25.01297 0 16.64962 25.00409 0.04999995 16.48205 28.18855 0 16.64962 25.00409 0 16.48205 28.18855 0.04999995 17.32574 28.29198 0.04999995 17.32574 28.29198 0 17.4933 25.10751 0 17.51446 25.09863 0.04999995 17.3469 28.2831 0 18.19059 28.38652 0.04999995 18.35815 25.20205 0.04999995 18.35815 25.20205 0 18.37931 25.19317 0.04999995 18.21175 28.37764 0 19.05543 28.48106 0.04999995 19.05543 28.48106 0 19.22299 25.2966 0 19.22299 25.2966 0.04999995 19.24416 25.28772 0.04999995 19.0766 28.47218 0 19.24416 25.28772 0 19.0766 28.47218 0.04999995 19.92028 28.57561 0.04999995 19.92028 28.57561 0 20.08784 25.39114 0 20.10901 25.38226 0.04999995 19.94145 28.56673 0 19.94145 28.56673 0.04999995 20.78513 28.67015 0 20.95269 25.48569 0 20.95269 25.48569 0.04999995 20.97385 25.4768 0.04999995 20.80629 28.66127 0 20.97385 25.4768 0 20.80629 28.66127 0.04999995 21.64998 28.7647 0 21.81754 25.58023 0 21.81754 25.58023 0.04999995 21.8387 25.57135 0.04999995 21.67114 28.75581 0 21.67114 28.75581 0.04999995 22.51482 28.85924 0 22.68238 25.67477 0 22.68238 25.67477 0.04999995 22.70355 25.66589 0.04999995 22.53599 28.85036 0 23.37967 28.95378 0.04999995 23.37967 28.95378 0 23.54723 25.76932 0 23.54723 25.76932 0.04999995 23.5684 25.76044 0.04999995 23.40084 28.9449 0 24.24452 29.04833 0.04999995 24.41208 25.86386 0.04999995 24.41208 25.86386 0 24.43324 25.85498 0.04999995 24.26568 29.03945 0 25.10937 29.14287 0.04999995 25.10937 29.14287 0 25.27693 25.95841 0 25.27693 25.95841 0.04999995 25.29809 25.94953 0.04999995 25.13053 29.13399 0 25.97421 29.23742 0.04999995 25.97421 29.23742 0 26.14178 26.05295 0 26.14178 26.05295 0.04999995 26.16294 26.04407 0.04999995 25.99538 29.22854 0 26.16294 26.04407 0 25.99538 29.22854 0.04999995 26.83906 29.33196 0 27.00662 26.14749 0.04999995 27.00662 26.14749 0 27.02779 26.13861 0.04999995 26.86023 29.32308 0 27.02779 26.13861 0 26.86023 29.32308 0.04999995 27.70391 29.4265 0 27.87147 26.24204 0.04999995 27.87147 26.24204 0 27.89263 26.23316 0.04999995 27.72507 29.41762 0 27.89263 26.23316 0 27.72507 29.41762 0.04999995 28.56876 29.52105 0.04999995 28.56876 29.52105 0 28.73632 26.33658 0 28.75748 26.3277 0 28.58992 29.51217 0.04999995 28.58992 29.51217 0 28.75748 26.3277 0.04999995 29.43361 29.61559 0.04999995 29.60117 26.43113 0 29.60117 26.43113 0.04999995 29.62233 26.42224 0.04999995 29.45477 29.60671 0 29.62233 26.42224 0 29.45477 29.60671 0.04999995 30.29845 29.71013 0 30.29845 29.71013 0.04999995 30.46601 26.52567 0.04999995 30.46601 26.52567 0 30.48718 26.51679 0 30.31962 29.70125 0.04999995 30.31962 29.70125 0 30.48718 26.51679 0.04999995 31.1633 29.80468 0 31.1633 29.80468 0.04999995 31.33086 26.62021 0.04999995 31.35203 26.61133 0.04999995 31.18446 29.7958 0 31.18446 29.7958 0.04999995 32.02815 29.89922 0 32.02815 29.89922 0.04999995 32.19571 26.71476 0.04999995 32.19571 26.71476 0 32.21687 26.70588 0.04999995 32.04931 29.89034 0 32.893 29.99377 0.04999995 32.893 29.99377 0 33.06056 26.8093 0 33.06056 26.8093 0.04999995 33.08172 26.80042 0.04999995 32.91416 29.98489 0 32.91416 29.98489 0.04999995 33.75784 30.08831 0 33.92541 26.90385 0 33.92541 26.90385 0.04999995 33.94657 26.89496 0 33.77901 30.07943 0.04999995 34.62269 30.18286 0 34.62269 30.18286 0.04999995 34.79025 26.99839 0.04999995 34.79025 26.99839 0 34.81141 26.98951 0 34.64386 30.17397 0.04999995 34.64386 30.17397 0 35.48754 30.2774 0.04999995 35.48754 30.2774 0 35.6551 27.09293 0 35.6551 27.09293 0.04999995 35.67626 27.08405 0 35.5087 30.26852 0.04999995 35.5087 30.26852 0 35.67626 27.08405 0.04999995 36.35239 30.37194 0.04999995 36.51995 27.18748 0.04999995 36.51995 27.18748 0 36.54111 27.1786 0.04999995 36.37355 30.36306 0 36.37355 30.36306 0.04999995 37.21723 30.46649 0 37.21723 30.46649 0.04999995 37.3848 27.28202 0.04999995 37.3848 27.28202 0 37.40596 27.27314 0 37.2384 30.45761 0.04999995 38.08208 30.56103 0 38.08208 30.56103 0.04999995 38.24964 27.37656 0.04999995 38.24964 27.37656 0 38.2708 27.36768 0.04999995 38.10325 30.55215 0 38.2708 27.36768 0 38.10325 30.55215 0.04999995 38.94693 30.65557 0 38.94693 30.65557 0.04999995 39.11449 27.47111 0.04999995 39.11449 27.47111 0 39.13565 27.46223 0.04999995 38.96809 30.64669 0 38.96809 30.64669 0.04999995 39.81178 30.75012 0 39.81178 30.75012 0.04999995 39.97934 27.56565 0.04999995 39.97934 27.56565 0 40.0005 27.55677 0.04999995 39.83294 30.74124 0 40.67663 30.84466 0.04999995 40.84419 27.6602 0.04999995 40.84419 27.6602 0 40.86535 27.65132 0.04999995 40.69779 30.83578 0 40.69779 30.83578 0.04999995 41.54147 30.93921 0 41.70904 27.75474 0 41.70904 27.75474 0.04999995 41.7302 27.74586 0.04999995 41.56264 30.93033 0 41.56264 30.93033 0.04999995 42.40632 31.03375 0 42.57388 27.84929 0 42.57388 27.84929 0.04999995 42.59504 27.8404 0.04999995 42.42748 31.02487 0 42.42748 31.02487 0.04999995 43.27117 31.12829 0 43.43873 27.94383 0 43.43873 27.94383 0.04999995 43.45989 27.93495 0.04999995 43.29233 31.11941 0 43.29233 31.11941 0.04999995 44.13602 31.22284 0 44.13602 31.22284 0.04999995 44.30358 28.03837 0.04999995 44.30358 28.03837 0 44.32474 28.02949 0 44.15718 31.21396 0.04999995 44.15718 31.21396 0 44.32474 28.02949 0.04999995 45.00086 31.31738 0.04999995 45.16843 28.13292 0.04999995 45.16843 28.13292 0 45.18959 28.12404 0.04999995 45.02203 31.3085 0 45.86571 31.41193 0.04999995 46.03327 28.22746 0.04999995 46.03327 28.22746 0 46.05443 28.21858 0.04999995 45.88688 31.40304 0 46.73056 31.50647 0.04999995 46.89812 28.322 0.04999995 46.89812 28.322 0 46.91928 28.31312 0 46.75172 31.49759 0.04999995 46.75172 31.49759 0 46.91928 28.31312 0.04999995 47.59541 31.60101 0.04999995 47.76297 28.41655 0.04999995 47.76297 28.41655 0 47.78413 28.40767 0 47.61657 31.59213 0.04999995 47.61657 31.59213 0 47.78413 28.40767 0.04999995 48.46025 31.69556 0.04999995 48.62782 28.51109 0.04999995 48.62782 28.51109 0 48.64898 28.50221 0 48.48142 31.68668 0.04999995 48.48142 31.68668 0 48.64898 28.50221 0.04999995 49.3251 31.7901 0.04999995 49.49266 28.60564 0.04999995 49.49266 28.60564 0 49.51382 28.59675 0 49.34627 31.78122 0.04999995 49.34627 31.78122 0 49.51382 28.59675 0.04999995 50.18995 31.88465 0 50.18995 31.88465 0.04999995 50.35751 28.70018 0.04999995 50.37867 28.6913 0 50.21111 31.87577 0.04999995 50.21111 31.87577 0 50.37867 28.6913 0.04999995 51.0548 31.97919 0.04999995 51.22236 28.79472 0 51.22236 28.79472 0.04999995 51.24352 28.78584 0 51.07596 31.97031 0.04999995 51.07596 31.97031 0 51.24352 28.78584 0.04999995 51.91964 32.07373 0.04999995 52.08721 28.88927 0 52.08721 28.88927 0.04999995 52.10837 28.88039 0 51.94081 32.06485 0.04999995 52.78449 32.16828 0 52.78449 32.16828 0.04999995 52.95205 28.98381 0.04999995 52.95205 28.98381 0 52.97321 28.97493 0 52.80566 32.1594 0.04999995 53.64934 32.26282 0 53.64934 32.26282 0.04999995 53.8169 29.07836 0.04999995 53.8169 29.07836 0 53.83806 29.06947 0.04999995 53.6705 32.25394 0 53.83806 29.06947 0 53.6705 32.25394 0.04999995 54.51419 32.35737 0 54.51419 32.35737 0.04999995 54.68175 29.1729 0.04999995 54.68175 29.1729 0 54.70291 29.16402 0.04999995 54.53535 32.34848 0 54.70291 29.16402 0 54.53535 32.34848 0.04999995 55.37904 32.45191 0 55.5466 29.26744 0.04999995 55.5466 29.26744 0 55.56776 29.25856 0 55.4002 32.44303 0.04999995 55.4002 32.44303 0 55.56776 29.25856 0.04999995 56.24388 32.54645 0.04999995 56.41145 29.36199 0.04999995 56.41145 29.36199 0 56.43261 29.35311 0 56.26505 32.53757 0.04999995 56.26505 32.53757 0 56.43261 29.35311 0.04999995 57.10873 32.641 0.04999995 57.27629 29.45653 0.04999995 57.27629 29.45653 0 57.29745 29.44765 0 57.12989 32.63212 0.04999995 57.12989 32.63212 0 57.29745 29.44765 0.04999995 57.97358 32.73554 0.04999995 58.14114 29.55108 0 58.14114 29.55108 0.04999995 58.1623 29.54219 0 57.99474 32.72666 0.04999995 57.99474 32.72666 0 58.1623 29.54219 0.04999995 58.83843 32.83009 0 58.83843 32.83009 0.04999995 59.00599 29.64562 0.04999995 59.02715 29.63674 0 58.85959 32.8212 0.04999995 58.85959 32.8212 0 59.02715 29.63674 0.04999995 59.70327 32.92463 0 59.70327 32.92463 0.04999995 59.87084 29.74016 0.04999995 59.892 29.73128 0 59.72444 32.91575 0.04999995 59.72444 32.91575 0 59.892 29.73128 0.04999995 60.56812 33.01917 0 60.56812 33.01917 0.04999995 60.73568 29.83471 0.04999995 60.75684 29.82583 0 60.58929 33.01029 0.04999995 60.58929 33.01029 0 60.75684 29.82583 0.04999995 61.43297 33.11372 0.04999995 61.60053 29.92925 0 61.60053 29.92925 0.04999995 61.62169 29.92037 0.04999995 61.45413 33.10484 0 62.29782 33.20826 0.04999995 62.29782 33.20826 0 62.46538 30.02379 0 62.46538 30.02379 0.04999995 62.48654 30.01491 0.04999995 62.31898 33.19938 0 63.16266 33.3028 0.04999995 63.16266 33.3028 0 63.33023 30.11834 0 63.33023 30.11834 0.04999995 63.35139 30.10946 0 63.18383 33.29393 0.04999995 63.18383 33.29393 0 63.35139 30.10946 0.04999995 64.02751 33.39735 0.04999995 64.02751 33.39735 0 64.19507 30.21288 0 64.19507 30.21288 0.04999995 64.21623 30.204 0 64.04868 33.38847 0.04999995 64.04868 33.38847 0 64.89236 33.49189 0.04999995 64.89236 33.49189 0 65.05992 30.30743 0 65.05992 30.30743 0.04999995 65.08108 30.29854 0 64.91352 33.48301 0.04999995 65.7572 33.58644 0 65.92477 30.40197 0 65.92477 30.40197 0.04999995 65.94593 30.39309 0.04999995 65.77837 33.57755 0 65.94593 30.39309 0 65.77837 33.57755 0.04999995 66.62205 33.68098 0 66.78962 30.49652 0.04999995 66.78962 30.49652 0 66.81078 30.48763 0.04999995 66.64322 33.6721 0 66.81078 30.48763 0 66.64322 33.6721 0.04999995 67.4869 33.77552 0 67.65446 30.59106 0 67.65446 30.59106 0.04999995 67.67562 30.58218 0.04999995 67.50806 33.76664 0 67.67562 30.58218 0 67.50806 33.76664 0.04999995 68.35175 33.87007 0 68.51931 30.6856 0.04999995 68.51931 30.6856 0 68.54048 30.67672 0.04999995 68.37291 33.86119 0 68.54048 30.67672 0 68.37291 33.86119 0.04999995 69.21659 33.96461 0 69.38416 30.78015 0 69.38416 30.78015 0.04999995 69.40532 30.77127 0.04999995 69.23776 33.95573 0 70.08145 34.05916 0.04999995 70.08145 34.05916 0 70.24901 30.87469 0 70.24901 30.87469 0.04999995 70.27017 30.86581 0 70.10261 34.05027 0.04999995 70.10261 34.05027 0 70.27017 30.86581 0.04999995 70.94629 34.1537 0.04999995 70.94629 34.1537 0 71.11385 30.96923 0 71.11385 30.96923 0.04999995 71.13502 30.96035 0.04999995 70.96745 34.14482 0 71.81114 34.24825 0.04999995 71.81114 34.24825 0 71.9787 31.06378 0 71.9787 31.06378 0.04999995 71.99987 31.0549 0 71.8323 34.23936 0.04999995 71.8323 34.23936 0 71.99987 31.0549 0.04999995 72.67598 34.34279 0.04999995 72.67598 34.34279 0 72.84355 31.15832 0 72.84355 31.15832 0.04999995 72.86471 31.14944 0 72.69715 34.33391 0.04999995 72.69715 34.33391 0 73.54084 34.43733 0.04999995 73.54084 34.43733 0 73.7084 31.25287 0 73.7084 31.25287 0.04999995 73.72956 31.24398 0.04999995 73.56201 34.42845 0 73.72956 31.24398 0 73.56201 34.42845 0.04999995 74.40568 34.53187 0.04999995 74.40568 34.53187 0 74.57324 31.34741 0 74.59441 31.33853 0 74.42684 34.523 0.04999995 74.42684 34.523 0 75.27053 34.62642 0.04999995 75.43809 31.44196 0.04999995 75.43809 31.44196 0 75.45926 31.43307 0.04999995 75.2917 34.61754 0 75.45926 31.43307 0 75.2917 34.61754 0.04999995 76.13537 34.72096 0.04999995 76.13537 34.72096 0 76.30294 31.5365 0 76.3241 31.52762 0 76.15654 34.71208 0.04999995 76.15654 34.71208 0 77.00023 34.81551 0.04999995 77.16779 31.63104 0.04999995 77.16779 31.63104 0 77.18895 31.62216 0.04999995 77.02139 34.80663 0 77.18895 31.62216 0 77.02139 34.80663 0.04999995 77.86507 34.91005 0.04999995 77.86507 34.91005 0 78.03263 31.72559 0 78.0538 31.71671 0.04999995 77.88623 34.90117 0 78.0538 31.71671 0 77.88623 34.90117 0.04999995 78.72992 35.0046 0.04999995 78.72992 35.0046 0 78.89748 31.82013 0 78.91865 31.81125 0 78.75109 34.99571 0.04999995 78.75109 34.99571 0 79.59477 35.09914 0.04999995 79.59477 35.09914 0 79.76233 31.91467 0 79.76233 31.91467 0.04999995 79.78349 31.90579 0.04999995 79.61593 35.09026 0 79.78349 31.90579 0 79.61593 35.09026 0.04999995 80.45962 35.19368 0.04999995 80.45962 35.19368 0 80.62718 32.00922 0 80.64834 32.00034 0.04999995 80.48078 35.1848 0 80.64834 32.00034 0 80.48078 35.1848 0.04999995 81.32446 35.28823 0.04999995 81.32446 35.28823 0 81.49202 32.10376 0 81.51319 32.09488 0 81.34562 35.27935 0.04999995 81.34562 35.27935 0 82.18931 35.38277 0.04999995 82.18931 35.38277 0 82.35688 32.19831 0 82.35688 32.19831 0.04999995 82.37804 32.18942 0.04999995 82.21048 35.37389 0 82.37804 32.18942 0 82.21048 35.37389 0.04999995 83.05416 35.47732 0.04999995 83.05416 35.47732 0 83.22172 32.29285 0 83.24288 32.28397 0 83.07532 35.46843 0.04999995 83.91901 35.57186 0 84.08657 32.38739 0 84.08657 32.38739 0.04999995 84.10773 32.37851 0.04999995 83.94017 35.56298 0 84.10773 32.37851 0 83.94017 35.56298 0.04999995 84.78385 35.6664 0 84.95141 32.48194 0.04999995 84.95141 32.48194 0 84.97258 32.47306 0 84.80502 35.65752 0.04999995 84.80502 35.65752 0 84.97258 32.47306 0.04999995 85.6487 35.76095 0.04999995 85.6487 35.76095 0 85.81627 32.57648 0 85.81627 32.57648 0.04999995 85.83743 32.5676 0.04999995 85.66987 35.75207 0 86.51355 35.85549 0.04999995 86.51355 35.85549 0 86.68111 32.67103 0 86.68111 32.67103 0.04999995 86.70227 32.66214 0 86.53471 35.84661 0.04999995 86.53471 35.84661 0 86.70227 32.66214 0.04999995 87.3784 35.95004 0.04999995 87.3784 35.95004 0 87.54596 32.76557 0 87.54596 32.76557 0.04999995 87.56713 32.75669 0.04999995 87.39956 35.94115 0 87.56713 32.75669 0 87.39956 35.94115 0.04999995 88.24324 36.04458 0.04999995 88.24324 36.04458 0 88.4108 32.86011 0 88.43197 32.85123 0 88.26441 36.0357 0.04999995 88.26441 36.0357 0 89.10809 36.13912 0.04999995 89.10809 36.13912 0 89.27566 32.95466 0 89.27566 32.95466 0.04999995 89.29682 32.94578 0.04999995 89.12926 36.13024 0 89.29682 32.94578 0 89.12926 36.13024 0.04999995 89.97294 36.23367 0.04999995 89.97294 36.23367 0 90.1405 33.0492 0 90.16166 33.04032 0.04999995 89.9941 36.22479 0 90.16166 33.04032 0 89.9941 36.22479 0.04999995 90.83779 36.32821 0.04999995 90.83779 36.32821 0 91.00535 33.14375 0 91.02652 33.13486 0.04999995 90.85895 36.31933 0 91.02652 33.13486 0 90.85895 36.31933 0.04999995 91.70263 36.42275 0.04999995 91.70263 36.42275 0 91.8702 33.23829 0 186.2536 102.3718 0 187.0979 102.4703 0.00999999 187.0979 102.4703 0 186.2536 102.3718 0.00999999 187.376 100.086 0 187.376 100.086 0.00999999 186.5318 99.98753 0.00999999 41.86973 81.90016 0 41.97182 81.05631 0.04999995 41.86973 81.90016 0.04999995 39.62051 80.77184 0.04999995 39.62051 80.77184 0 39.51841 81.61569 0 39.51841 81.61569 0.04999995 41.76524 82.76386 0 41.86733 81.92002 0.04999995 39.51601 81.63555 0.04999995 39.51601 81.63555 0 39.41392 82.47939 0.04999995 39.41392 82.47939 0 41.66075 83.62756 0 41.76284 82.78372 0.04999995 39.41152 82.49925 0.04999995 39.41152 82.49925 0 39.30943 83.34309 0.04999995 39.30943 83.34309 0 41.13828 87.94608 0 41.24037 87.10223 0.04999995 41.24037 87.10223 0 41.13828 87.94608 0.04999995 38.88905 86.81776 0.04999995 38.78696 87.6616 0 38.78696 87.6616 0.04999995 41.03378 88.80977 0 41.13587 87.96593 0.04999995 41.13587 87.96593 0 41.03378 88.80977 0.04999995 38.78455 87.68146 0.04999995 38.68246 88.5253 0 40.92929 89.67348 0 41.03138 88.82963 0.04999995 38.68006 88.54516 0.04999995 38.68006 88.54516 0 38.57797 89.38901 0.04999995 38.57797 89.38901 0</float_array>
          <technique_common>
            <accessor source="#Compound_002-mesh-positions-array" count="3724" stride="3">
              <param name="X" type="float"/>
              <param name="Y" type="float"/>
              <param name="Z" type="float"/>
            </accessor>
          </technique_common>
        </source>
        <source id="Compound_002-mesh-normals">
          <float_array id="Compound_002-mesh-normals-array" count="9276">0.9927611 0.1201066 0 0.1201105 -0.9927605 0 -0.9927603 -0.1201133 0 -0.1201137 0.9927603 0 -0.1201133 0.9927603 0 0 0 1 0 0 -1 0.01120156 0.005500257 -0.9999222 -0.01216679 0.002774596 0.9999222 0.9932669 0.1158488 0 0.1158541 -0.9932663 0 0.1158573 -0.9932659 0 0 0 1 -0.9932613 -0.1158967 0 -0.1158718 0.9932642 0 0.9932683 0.1158372 0 0.9932659 0.1158568 0 0.1158735 -0.9932641 0 0.115867 -0.9932647 0 0 0 1 0.993268 0.1158397 0 -0.1158839 0.9932628 0 0.1158629 -0.9932653 0 -0.9932655 -0.1158601 0 0 0 1 -0.1158968 0.9932613 0 0.9932613 0.1158967 0 0.9932624 0.1158869 0 0.1158662 -0.9932649 0 -0.9932669 -0.1158484 0 0.9932655 0.1158605 0 -0.0112015 -0.005500376 0.9999222 0.9932658 0.1158583 0 -0.115875 0.9932639 0 -0.9932669 -0.1158492 0 0 0 1 -0.115751 0.9932783 0 -0.1157446 0.9932791 0 0.9932667 0.1158514 0 0.1158702 -0.9932644 0 -0.9932602 -0.1159058 0 0 0 1 0.9932658 0.1158586 0 -0.01120156 -0.005500316 0.9999222 -0.1159024 0.9932606 0 -0.1159057 0.9932603 0 0.01168435 0.00136274 -0.9999309 0.9932626 0.1158854 0 -0.9932671 -0.1158474 0 -0.01120162 -0.005500257 0.9999222 -0.1158807 0.9932633 0 0.9932656 0.1158593 0 -0.9932679 -0.1158405 0 -0.1158847 0.9932627 0 0.9932636 0.1158767 0 -0.9932681 -0.1158383 0 -0.9932659 -0.1158579 0 0 0 1 0.0121681 -0.002774477 -0.9999222 0.9932667 0.1158503 0 -0.9932621 -0.1158902 0 -0.01120275 -0.005500912 0.9999222 0.9932669 0.1158481 0 0.9932659 0.1158579 0 -0.1157655 0.9932767 0 -0.1157623 0.993277 0 0.9932679 0.1158409 0 -0.9932625 -0.1158862 0 -0.9932614 -0.115896 0 0 0 1 0.1158718 -0.9932642 0 -0.9932681 -0.115839 0 0 0 1 -0.1159 0.9932609 0 -0.1158936 0.9932617 0 0.01168435 0.001362621 -0.9999309 0.9932625 0.1158862 0 -0.9932659 -0.1158571 0 -0.01120156 -0.005500018 0.9999222 -0.1158774 0.9932636 0 -0.9932668 -0.1158499 0 -0.9932656 -0.1158597 0 0.01168435 0.001362919 0.9999309 0.9932659 0.1158571 0 0 0 1 -0.1158782 0.9932635 0 0.01216834 -0.002774298 0.9999222 0.1158758 -0.9932638 0 -0.9932622 -0.1158895 0 -0.993261 -0.1158993 0 -0.9932669 -0.1158488 0 0 0 1 -0.1157873 0.993274 0 -0.1157906 0.9932737 0 0.993261 0.1158993 0 -0.9932661 -0.1158564 0 -0.9932671 -0.1158466 0 0.9932669 0.1158484 0 -0.993268 -0.1158394 0 -0.1158686 0.9932646 0 0.9932671 0.1158466 0 0.9932683 0.1158368 0 0 0 1 -0.1158871 0.9932624 0 -0.9932681 -0.1158379 0 -0.9986186 -0.05254554 0 -0.9986186 -0.05254536 0 -0.1216708 0.9925705 0 -0.1216709 0.9925705 0 0.9986186 0.05254554 0 0.1216819 -0.9925692 0 0 0 1 0.001912057 -0.01559865 -0.9998766 0.04614013 -0.998935 0 0.04614013 -0.998935 0 -0.998935 -0.04614007 0 -0.04614019 0.9989351 0 0.01035851 0.05919557 0.9981927 0.04614007 -0.9989351 0 -0.998935 -0.04614013 0 -0.04614007 0.998935 0 0.01035851 0.05919557 0.9981927 0.04614031 -0.9989351 0 0.04614031 -0.9989351 0 -0.998935 -0.04614025 0 -0.04614037 0.9989351 0 0.998935 0.04614019 0 0.04614007 -0.9989351 0 -0.998935 -0.04614019 0 -0.998935 -0.04614025 0 -0.04614007 0.9989351 0 0.01035851 0.05919557 0.9981927 -0.998935 -0.04614007 0 -0.04614031 0.9989351 0 0.01035845 0.05919551 0.9981927 0.04614007 -0.998935 0 -0.998935 -0.04614019 0 0.9989351 0.04613953 0 0.9989351 0.0461409 0 0 0 1 -0.04614031 0.9989351 0 -0.04614031 0.9989351 0 0.998935 0.04614025 0 0.04614007 -0.9989351 0 -0.04614007 0.9989351 0 -0.9989351 -0.04614013 0 -0.04613995 0.9989351 0 -0.04613995 0.9989351 0 0.04614078 -0.9989351 0 0.04614078 -0.9989351 0 -0.9989351 -0.04613995 0 -0.9989351 -0.04614013 0 0.01035845 0.05919569 0.9981927 0.04614031 -0.9989351 0 -0.9989351 -0.04614025 0 -0.04613959 0.9989351 0 -0.04613953 0.9989351 0 0.9989349 0.04614102 0 0.9989351 0.04613959 0 0 0 1 -0.9989351 -0.04614031 0 -0.0461418 0.9989349 0 0.9989351 0.04613995 0 0.9989351 0.04613924 0 0 0 1 0.04614156 -0.9989349 0 -0.9989351 -0.04614037 0 -0.04614156 0.9989349 0 0.9989351 0.04613953 0 0.9989349 0.04614096 0 -0.9989351 -0.04614019 0 -0.04613882 0.9989351 0 0.04614156 -0.998935 0 -0.04614156 0.9989349 0 0.01035845 0.05919569 0.9981927 0.04613906 -0.9989351 0 -0.04613906 0.9989351 0 0.9989351 0.04614019 0 0.04613906 -0.9989351 0 -0.04613906 0.9989351 0 0.9989351 0.04613947 0 -0.04614156 0.9989349 0 0.01035845 0.05919569 0.9981927 0.04614156 -0.9989349 0 -0.9989351 -0.04613971 0 -0.04613882 0.9989351 0 0.01035857 0.05919569 0.9981927 0.04613929 -0.9989351 0 -0.9989351 -0.04614001 0 -0.04613882 0.9989351 0 0.01035857 0.05919569 0.9981927 0.0461418 -0.9989349 0 -0.0461418 0.9989349 0 -0.04613929 0.9989351 0 0.01035851 0.05919539 0.9981927 -0.04613929 0.9989351 0 0.0461418 -0.9989349 0 0.01035839 0.05919569 0.9981927 0.120109 -0.9927608 0 0.1201087 -0.9927608 0 0.1200974 -0.9927622 0 0.120107 -0.992761 -3.22124e-4 0.9929014 0.1189414 0 0.9927613 0.1201044 0 0.9927619 0.1200997 4.38269e-5 0.9927593 0.1201211 0 -0.9927611 -0.1201066 0 -0.9927617 -0.1201011 0 -0.1201071 0.992761 0 -0.1201074 0.992761 0 0 0 1 -0.1201137 0.9927602 0 -0.1201065 0.992761 0 -0.1201072 0.9927609 0 -0.120107 0.992761 -1.61062e-4 0.9927585 0.1201274 0 0.992761 0.1201066 0 0.1201069 -0.992761 0 0.1201069 -0.9927611 0 0.1201078 -0.992761 0 0.120107 -0.992761 0 0 0 1 -0.1200991 0.9927619 0 -0.1201081 0.9927609 0 -0.1201088 0.9927608 0 -0.1201067 0.992761 2.41592e-4 0.9927617 0.1201019 0 0.9927608 0.1201088 0 0.1201055 -0.9927611 0 0.1201054 -0.9927613 0 0.1201594 -0.9927547 0 0.1201136 -0.9927602 3.22125e-4 -0.9927604 -0.1201122 0 0 0 1 0.9927617 0.1201009 0 0.9927691 0.1200402 0 0.9927583 0.1201288 0 0.9927618 0.1200997 2.10369e-4 0.1201074 -0.992761 0 0.1201066 -0.9927611 0 -0.1201093 0.9927608 0 -0.1201066 0.992761 0 -0.1201068 0.992761 0 -0.1201073 0.992761 0 -0.1158332 0.9932687 0 -0.1158419 0.9932677 0 0.001693427 -0.01573216 -0.9998748 0.001702785 -0.01581788 -0.9998735 0.001707434 -0.01586115 -0.9998728 0.001709163 -0.01587522 -0.9998726 0.001715421 -0.01593327 -0.9998716 0.001747369 -0.01592332 -0.9998717 0.9989351 0.04614031 0 0.9989351 0.04613995 0 0.9989351 0.04614031 0 0.1158767 -0.9932637 0 0.115875 -0.9932639 0 -0.9932876 -0.1156706 0 -0.9933219 -0.1153765 0 0 0 1 0 0 1 0 0 1 0 0 1 0 0 1 0 0 1 0 0 1 0 0 1 0.9932649 0.1158654 0 0.1158424 -0.9932677 0 -0.9932585 -0.1159208 0 -0.9932657 -0.1158594 0 0.9932644 0.1158697 0 0.9932653 0.1158623 0 0.1158678 -0.9932647 0 0 0 1 -0.9932652 -0.115864 0 -0.9932654 -0.1158615 0 0.9932655 0.1158611 0 0.9932649 0.1158661 0 0.1158598 -0.9932656 0 0 0 1 -0.9932652 -0.1158632 0 -0.9932655 -0.1158608 0 0.9932647 0.1158679 0 0.9932644 0.1158703 0 0.1158589 -0.9932657 0 0 0 1 0 0 1 -0.993265 -0.115865 0 0.9932644 0.1158696 0 0.993265 0.1158646 0 0 0 1 0 0 1 -0.9932652 -0.1158643 0 -0.9932653 -0.1158618 0 0.9932652 0.1158639 0 0.9932657 0.115859 0 0 0 1 -0.9932646 -0.1158681 0 -0.993265 -0.1158657 0 0.993265 0.1158657 0 0.9932652 0.1158632 0 0.1158686 -0.9932646 0 0 0 1 -0.993265 -0.1158653 0 0.993265 0.1158654 0 0 0 1 0 0 1 -0.9932651 -0.1158642 0 -0.9932646 -0.1158692 0 0.9932652 0.1158639 0 0.9932657 0.1158589 0 0.1158517 -0.9932665 0 0.1158509 -0.9932667 0 0 0 1 -0.9932652 -0.1158635 0 -0.9932649 -0.115866 0 0.9932649 0.115866 0 0.9932655 0.1158611 0 0.1158501 -0.9932668 0 0 0 1 -0.993265 -0.1158649 0 -0.9932653 -0.1158624 0 0.9932653 0.1158624 0 0 0 1 -0.9932649 -0.1158663 0 -0.9932655 -0.1158613 0 0.01217335 -0.002828419 0.9999219 0.9932648 0.1158667 0 0 0 1 -0.9932649 -0.1158655 0 -0.9932656 -0.1158606 0 0.01217359 -0.002830207 0.999922 -0.9932655 -0.1158602 0 -0.993265 -0.1158652 0 0.9932656 0.1158603 0 0.9932644 0.1158702 0 0.1158605 -0.9932656 0 0 0 1 -0.993265 -0.1158645 0 -0.9932645 -0.1158694 0 0.993265 0.1158649 0 0 0 1 0 0 1 -0.993264 -0.1158733 0 -0.9932652 -0.1158634 0 0.9932652 0.1158638 0 0 0 1 -0.9932647 -0.1158676 0 0.01217448 -0.002837359 0.9999219 0.9932647 0.115868 0 -0.9932655 -0.1158612 0 0.01217466 -0.002839148 0.9999219 -0.9932656 -0.1158605 0 0.9932643 0.1158712 0 0.9932649 0.1158663 0 0 0 1 0 0 1 -0.993265 -0.1158651 0 0.01217514 -0.002842783 0.9999219 0.993265 0.1158651 0 -0.993265 -0.1158643 0 0.9932645 0.1158698 0 0 0 1 -0.9932657 -0.1158587 0 -0.9932652 -0.1158636 0 0.01217561 -0.002846479 0.9999219 0.1158694 -0.9932646 0 0 0 1 -0.9932653 -0.1158626 0 -0.9932647 -0.1158675 0 0.01217585 -0.002848267 0.9999219 0.9932653 0.115863 0 0 0 1 -0.9932649 -0.1158664 0 -0.9932654 -0.1158615 0 0.9932654 0.1158622 0 0.9932647 0.1158672 0 0 0 1 -0.993265 -0.1158654 0 0.9932655 0.1158608 0 0.9932649 0.1158657 0 0 0 1 -0.9932656 -0.11586 0 0.01217633 -0.002853691 0.9999218 0.9932656 0.11586 0 0 0 1 -0.9932656 -0.1158593 0 -0.9932645 -0.1158692 0 0.993265 0.1158646 0 0 0 1 -0.9932652 -0.1158636 0 0.01217681 -0.002857327 0.9999218 -0.9932647 -0.1158678 0 -0.9932652 -0.1158628 0 0.01217699 -0.002859055 0.9999219 -0.9932648 -0.1158667 0 -0.9932655 -0.1158617 0 0.01217716 -0.002860963 0.9999219 0.9932648 0.1158671 0 0 0 1 -0.9932655 -0.115861 0 0.01217728 -0.002862751 0.9999219 0.9932649 0.115866 0 -0.9932649 -0.1158652 0 -0.9932644 -0.1158702 0 0.9932656 0.1158603 0 0.993265 0.1158653 0 0 0 1 -0.9932645 -0.1158695 0 -0.993265 -0.1158645 0 0.993265 0.1158649 0 0 0 1 0 0 1 -0.9932658 -0.1158584 0 -0.9932652 -0.1158635 0 0.9932652 0.1158642 0 0.1158782 -0.9932635 0 0 0 1 0 0 1 -0.9932641 -0.1158727 0 -0.9932647 -0.1158677 0 0.9932652 0.1158631 0 0 0 1 -0.9932647 -0.115867 0 0.9932648 0.115867 0 0.9932653 0.115862 0 0 0 1 -0.9932648 -0.1158666 0 -0.993266 -0.1158566 0 0.9932654 0.1158612 0 0 0 1 0 0 1 -0.9932662 -0.1158555 0 -0.9932649 -0.1158655 0 0.993265 0.1158652 0 0.1158557 -0.9932661 0 0 0 1 0 0 1 -0.9932644 -0.1158698 0 -0.9932651 -0.1158648 0 0.993265 0.1158648 0 0.9932662 0.1158548 0 0 0 1 -0.9932652 -0.115864 0 -0.9932657 -0.115859 0 0.9932658 0.1158591 0 0.9932652 0.1158641 0 0 0 1 0 0 1 -0.9932652 -0.1158633 0 0.01217955 -0.00288099 0.9999217 0.9932646 0.1158684 0 0 0 1 -0.9932646 -0.115868 0 -0.9932653 -0.115863 0 0.9932647 0.1158676 0 0 0 1 -0.9932659 -0.1158568 0 -0.9932647 -0.1158669 0 0.9932654 0.1158619 0 0.993266 0.1158569 0 0 0 1 -0.9932649 -0.1158654 0 -0.9932655 -0.1158604 0 0.01218026 -0.002886474 0.9999217 0 0 1 -0.9932657 -0.1158597 0 -0.9932644 -0.1158697 0 0.9932644 0.1158701 0 0.01218032 -0.002888321 0.9999217 0 0 1 -0.9932652 -0.115864 0 -0.9932657 -0.1158589 0 0.9932656 0.1158597 0 0 0 1 -0.9932653 -0.1158632 0 0.9932646 0.1158687 0 0.9932652 0.1158636 0 0 0 1 -0.9932647 -0.1158679 0 0.9932652 0.1158629 0 0.01218116 -0.002893865 0.9999216 0 0 1 -0.9932653 -0.1158618 0 0.9932653 0.1158626 0 0.9932641 0.1158726 0 0 0 1 -0.993265 -0.1158657 0 0.9932654 0.1158614 0 0 0 1 -0.9932656 -0.1158595 0 -0.9932651 -0.1158646 0 0.993265 0.1158654 0 0 0 1 0 0 1 -0.9932651 -0.1158638 0 -0.9932657 -0.1158588 0 0.993266 0.115857 0 0 0 1 0 0 1 -0.9932656 -0.1158597 0 -0.9932644 -0.1158698 0 0.9932647 0.1158679 0 0.9932658 0.1158578 0 0 0 1 -0.993265 -0.1158657 0 -0.9932661 -0.1158556 0 0.9932646 0.1158685 0 0 0 1 -0.9932655 -0.1158608 0 -0.993265 -0.1158658 0 0.9932657 0.1158596 0 -0.9932654 -0.1158617 0 -0.9932648 -0.1158667 0 0.9932644 0.1158702 0 0.993265 0.1158652 0 0 0 1 -0.9932653 -0.1158626 0 -0.9932659 -0.1158575 0 0.9932643 0.1158711 0 0.9932655 0.115861 0 0 0 1 0 0 1 -0.9932652 -0.115863 0 -0.9932658 -0.115858 0 0.9932649 0.1158662 0 0 0 1 0 0 1 -0.9932652 -0.1158636 0 -0.9932646 -0.1158686 0 0.9932654 0.1158621 0 0.9932659 0.115857 0 0 0 1 -0.9932645 -0.1158691 0 0.9932647 0.115868 0 0.9932652 0.1158629 0 0 0 1 -0.993265 -0.1158646 0 -0.9932657 -0.1158596 0 0.9932652 0.1158638 0 -0.9932644 -0.1158701 0 0.9932645 0.115869 0 0.01218056 -0.002889215 0.9999217 -0.9932654 -0.1158613 0 -0.993266 -0.1158563 0 0.9932656 0.1158598 0 -0.9932648 -0.1158665 0 -0.9932654 -0.1158615 0 0.993265 0.115865 0 0.9932644 0.11587 0 0 0 1 0 0 1 -0.9932665 -0.1158523 0 -0.9932653 -0.1158624 0 0.9932655 0.1158612 0 0.9932649 0.1158663 0 0 0 1 0 0 1 -0.9932652 -0.1158629 0 -0.9932659 -0.1158578 0 0.9932653 0.1158617 0 0 0 1 -0.9932646 -0.1158688 0 -0.9932657 -0.1158587 0 0.9932647 0.1158677 0 0.9932653 0.1158627 0 0 0 1 -0.993265 -0.1158651 0 0.01218008 -0.002882778 0.9999217 0.9932659 0.1158581 0 -0.9932655 -0.1158605 0 0.9932664 0.115854 0 -0.9932615 -0.1158954 0 0.9932686 0.1158348 0 0.9932697 0.1158247 0 0.1158847 -0.9932627 0 0.1158879 -0.9932623 0 0 0 1 0 0 1 -0.9932648 -0.1158666 0 0.9932674 0.115845 0 0 0 1 0 0 1 -0.9932624 -0.1158868 0 -0.9932649 -0.1158667 0 0.01217895 -0.002877891 0.9999217 0.9932602 0.1159058 0 0 0 1 -0.993267 -0.1158479 0 0.9932648 0.1158668 0 -0.9932658 -0.1158584 0 0.01217865 -0.002875983 0.9999218 0.9932636 0.115877 0 -0.9932633 -0.1158794 0 0.9932658 0.1158582 0 -0.9932668 -0.1158499 0 0.01217836 -0.002874016 0.9999217 0.9932646 0.1158688 0 -0.9932655 -0.1158607 0 0.9932634 0.1158793 0 0.9932622 0.1158893 0 0 0 1 -0.9932644 -0.1158705 0 -0.9932656 -0.1158605 0 0.9932668 0.1158501 0 0.01217812 -0.00287193 0.9999218 0 0 1 -0.9932631 -0.1158818 0 -0.9932643 -0.1158718 0 0.9932656 0.1158599 0 0 0 1 -0.9932618 -0.1158923 0 -0.9932606 -0.1159023 0 0.01217931 -0.002869844 0.9999218 0.993269 0.1158307 0 -0.9932652 -0.1158635 0 -0.993264 -0.1158735 0 0.993263 0.1158821 0 0 0 1 -0.993264 -0.1158737 0 0.01217764 -0.002867043 0.9999218 0.9932618 0.1158926 0 -0.9932662 -0.1158546 0 -0.9932674 -0.1158446 0 0.993264 0.115873 0 -0.9932662 -0.115855 0 -0.993265 -0.1158651 0 0.0121774 -0.002865076 0.9999217 0.9932628 0.115884 0 0 0 1 -0.9932696 -0.115826 0 -0.9932684 -0.115836 0 0.9932662 0.115854 0 0 0 1 -0.9932671 -0.1158468 0 0.993265 0.115865 0 0.0121771 -0.002863049 0.9999219 0 0 1 -0.9932612 -0.1158969 0 0.9932684 0.1158354 0 -0.9932647 -0.1158675 0 0.9932671 0.1158468 0 0 0 1 -0.9932622 -0.1158894 0 0.1158396 -0.993268 0 0.993266 0.1158565 0 -0.9932657 -0.1158593 0 -0.9932668 -0.1158493 0 0.9932636 0.115877 0 0 0 1 -0.9932656 -0.1158594 0 -0.9932646 -0.1158694 0 0.9932623 0.1158879 0 0 0 1 0 0 1 -0.9932633 -0.1158806 0 -0.9932644 -0.1158707 0 0.01217788 -0.002856492 0.9999219 0.9932658 0.1158584 0 0 0 1 -0.9932678 -0.1158409 0 -0.9932667 -0.1158508 0 0.9932633 0.1158793 0 -0.9932653 -0.1158621 0 -0.9932642 -0.115872 0 0.9932679 0.1158406 0 0.01217752 -0.002854645 0.9999219 -0.9932676 -0.115843 0 -0.9932688 -0.1158331 0 0.9932655 0.1158607 0 -0.9932628 -0.1158834 0 -0.9932617 -0.1158933 0 0.9932654 0.115862 0 0 0 1 -0.9932605 -0.1159038 0 -0.9932616 -0.1158939 0 0.9932677 0.1158425 0 -0.993264 -0.1158741 0 0.01217567 -0.002849698 0.9999219 0.9932619 0.1158922 0 0 0 1 -0.993264 -0.1158745 0 -0.9932628 -0.1158846 0 0.1158791 -0.9932634 0 0.9932652 0.1158635 0 0 0 1 -0.9932661 -0.1158559 0 0.01217538 -0.002847909 0.9999219 0.993264 0.1158736 0 -0.9932649 -0.1158664 0 -0.9932637 -0.1158763 0 0.9932627 0.1158848 0 0.9932616 0.1158948 0 0 0 1 -0.9932683 -0.1158374 0 -0.9932671 -0.1158474 0 0.9932673 0.1158455 0 0.01217514 -0.002845883 0.9999219 -0.9932671 -0.1158475 0 -0.9932647 -0.1158679 0 -0.9932658 -0.1158579 0 0.9932683 0.1158369 0 0 0 1 0 0 1 -0.9932634 -0.1158784 0 0.9932669 0.1158477 0 0 0 1 -0.9932622 -0.1158891 0 0.0121746 -0.002841353 0.9999219 0.9932647 0.1158674 0 0 0 1 -0.9932668 -0.1158503 0 -0.9932655 -0.1158602 0 0.9932681 0.1158384 0 0.9932693 0.1158285 0 0 0 1 -0.9932631 -0.115881 0 -0.9932655 -0.1158611 0 0.9932622 0.1158891 0 0 0 1 -0.993262 -0.115891 0 -0.9932631 -0.1158811 0 0.9932655 0.1158605 0 -0.9932664 -0.1158525 0 0.9932643 0.1158705 0 0 0 1 -0.9932642 -0.1158726 0 -0.9932664 -0.1158527 0 0.9932689 0.1158313 0 0.9932655 0.1158611 0 0 0 1 0 0 1 -0.9932687 -0.1158341 0 -0.9932675 -0.115844 0 0.9932653 0.115862 0 0 0 1 0 0 1 -0.9932662 -0.1158545 0 -0.9932674 -0.1158445 0 0.9932641 0.1158728 0 0 0 1 -0.9932651 -0.1158641 0 0.9932674 0.1158439 0 0.9932687 0.1158339 0 0 0 1 -0.993265 -0.1158654 0 -0.9932638 -0.1158753 0 0.9932674 0.1158448 0 0.9932662 0.1158547 0 0 0 1 -0.9932626 -0.1158857 0 -0.9932615 -0.1158956 0 0.01217478 -0.002831161 0.999922 -0.9932661 -0.1158565 0 0.9932638 0.1158756 0 0.9932626 0.1158855 0 0 0 1 -0.9932647 -0.1158673 0 0.9932627 0.1158856 0 0.9932603 0.1159055 0 0.1158509 -0.9932667 0 0 0 1 0 0 1 -0.9932681 -0.1158384 0 0.9932661 0.1158564 0 0 0 1 -0.9932669 -0.1158488 0 0.9932647 0.1158676 0 0.9932624 0.1158874 0 0 0 1 -0.9932668 -0.1158497 0 -0.9932644 -0.1158695 0 0.0121743 -0.002825558 0.9999219 0.9932681 0.1158387 0 -0.9932633 -0.1158799 0 0.9932633 0.1158801 0 0 0 1 -0.9932642 -0.1158722 0 0.9932659 0.115858 0 0 0 1 -0.9932669 -0.1158487 0 0.9932628 0.1158843 0 0 0 1 -0.9932639 -0.1158756 0 -0.9932626 -0.1158855 0 0.9932653 0.1158618 0 0 0 1 -0.9932618 -0.1158931 0 -0.9932606 -0.115903 0 0.9932679 0.1158401 0 0.01217299 -0.002814829 0.999922 -0.9932644 -0.1158707 0 0.9932649 0.1158667 0 0.9932659 0.1158568 0 0 0 1 -0.9932624 -0.1158877 0 -0.9932612 -0.1158975 0 0.01217228 -0.00281012 0.999922 -0.9932696 -0.1158258 0 -0.9932672 -0.1158456 0 0.9932643 0.1158713 0 0.9932655 0.1158614 0 0 0 1 -0.9932664 -0.1158531 0 0.9932622 0.1158887 0 0.01217019 -0.002805531 0.999922 0 0 1 -0.9932634 -0.1158793 0 -0.9932657 -0.1158596 0 0.9932637 0.1158757 0 0.9932649 0.1158659 0 0.1158815 -0.9932631 0 0 0 1 -0.9932658 -0.1158576 0 0.9932629 0.1158829 0 0 0 1 -0.9932627 -0.1158845 0 -0.9932651 -0.1158648 0 0.9932656 0.1158598 0 0 0 1 -0.9932665 -0.1158523 0 0.9932636 0.1158776 0 0.01216912 -0.002796053 0.9999221 -0.9932645 -0.1158689 0 -0.9932634 -0.1158788 0 0.9932662 0.1158552 0 0.993265 0.1158651 0 0 0 1 -0.9932671 -0.1158466 0 -0.9932661 -0.1158565 0 0.9932687 0.1158329 0 0.9932664 0.1158525 0 0 0 1 -0.9932641 -0.1158727 0 -0.993263 -0.1158825 0 0.9932656 0.1158597 0 0.9932644 0.1158695 0 0 0 1 -0.9932609 -0.1159002 0 0.01216995 -0.002787649 0.9999222 0.9932683 0.115837 0 -0.9932681 -0.1158387 0 0.01216816 -0.002785205 0.9999221 0.993264 0.1158741 0 -0.9932672 -0.1158458 0 -0.9932661 -0.1158556 0 0.9932619 0.1158913 0 0.01216757 -0.002782821 0.9999221 -0.9932687 -0.115833 0 0.9932645 0.1158691 0 0.9932668 0.1158494 0 0 0 1 0 0 1 0 0 1 0 0 1 -0.1159164 0.9932591 0 -0.1159034 0.9932606 0 0.9932626 0.115886 0 -0.9932658 -0.1158583 0 0 0 1 -0.1158564 0.993266 0 -0.1158614 0.9932655 0 0.9932641 0.1158728 0 0.9932664 0.1158532 0 -0.9932622 -0.1158884 0 -0.9932612 -0.1158982 0 0.1094973 -0.9939871 0 0.1094905 -0.9939879 0 0.1094581 -0.9939915 0 0.1094573 -0.9939826 -0.004237592 0.1094847 -0.9939886 0 0.1091459 -0.9940258 0 0.1091783 -0.9940223 0 0.1091518 -0.9938805 -0.01696223 0.1094929 -0.9939875 5.98371e-4 0.1091136 -0.9940293 0 0.1087688 -0.9940671 0 0.1092107 -0.9940187 0 0.1088011 -0.9940636 0 0.1087366 -0.9940706 0 0.1095229 -0.9939843 0 0.1095554 -0.9939807 0 0.1095879 -0.9939771 0 0.1102769 -0.9939009 0 0.1103423 -0.9938936 0 0.1099 -0.9939427 0 0.1100304 -0.9939283 0 0.1099652 -0.9939355 0 0.1088333 -0.99406 0 0.1092755 -0.9940115 0 0.1102117 -0.9939082 0 0.1094864 -0.9939884 0 0.1095797 -0.9937657 -0.02054876 0.109486 -0.9939782 -0.004503607 0.1094744 -0.9939894 7.97824e-4 0.1094833 -0.9939886 3.98912e-4 0.1094835 -0.9939886 -2.05798e-4 0.1094931 -0.9939866 0.001396179 0.1083642 -0.9906372 0.08303713 0.1094919 -0.9939839 -0.002792358 0.1079365 -0.9829269 0.1490117 0.1094911 -0.9939647 -0.006781399 0.09739893 -0.8863586 0.4526389 0.1094868 -0.9939256 -0.01116895 0.09498035 -0.8688811 0.4858235 0.1094895 -0.9939493 -0.00877577 0.1076093 -0.9764081 -0.18721 0.1094813 -0.9939684 0.006382405 0.1090953 -0.988836 -0.1014969 0.1094695 -0.9939709 0.006182849 0.1068197 -0.9687268 -0.2239599 0.1094824 -0.9939782 0.004587411 0.1093834 -0.9919765 -0.06338804 0.1094825 -0.9939707 -0.005983591 0.1078732 -0.9788023 0.1740963 0.1094733 -0.9939897 3.98907e-4 0.1095064 -0.9936223 -0.02689403 0.1094852 -0.9939827 0.003390789 0.1040157 -0.9438012 -0.3137195 0.1094715 -0.993961 0.007579088 0.1088537 -0.9809117 -0.161131 0.1094729 -0.9939894 9.97268e-4 0.1090552 -0.9884723 0.1050218 0.1094807 -0.993963 -0.007180213 0.108455 -0.9840813 0.1407892 0.1094834 -0.9939877 0.001396179 0.1092632 -0.9920936 -0.06174141 0.1094762 -0.9939789 0.004587531 0.1058651 -0.9605816 -0.2570517 0.1094814 -0.9939696 0.006182968 0.1074221 -0.9748566 -0.1952313 0.1094714 -0.9939477 0.009174704 0.1079207 -0.9802778 -0.1655557 0.1094861 -0.9939877 -0.001196742 0.1096914 -0.9918684 -0.06453752 0.1094831 -0.9939887 0 0.10584 -0.9598426 -0.259808 0.1094741 -0.9939839 0.003390729 0.1096554 -0.9915434 0.06940799 0.1094731 -0.9939792 0.004587411 0.1085663 -0.9850916 -0.1334471 0.1094845 -0.9939852 -0.002592921 0.1088814 -0.9879508 0.1099919 0.1094743 -0.9939895 5.98368e-4 0.1089491 -0.9885646 0.1042606 0.1094839 -0.9939798 -0.004188537 0.1094647 -0.9933184 0.03655409 0.1094923 -0.9939877 -1.99456e-4 0.1089156 -0.9882616 -0.1071276 0.109474 -0.9939846 0.003191232 0.1090615 -0.9890573 -0.09935432 0.1094833 -0.9939885 -5.98368e-4 0.1094337 -0.9929623 0.04527902 0.1094831 -0.9939874 -0.001595616 0.1094446 -0.993061 -0.04303258 0.1094758 -0.9939893 5.98376e-4 0.1089713 -0.9887666 0.1023043 0.1094832 -0.9939877 -0.001396179 0.1089931 -0.9889646 -0.1003469 0.1094741 -0.993974 0.005584716 0.1095522 -0.990081 -0.08796608 0.1094819 -0.9939886 5.9836e-4 0.1091078 -0.9934424 0.03417438 0.1094914 -0.9939798 -0.00398904 0.1062619 -0.9670876 0.2311927 0.1094915 -0.9939806 -0.003789603 0.1081109 -0.9873431 0.1160418 0.1094906 -0.9939854 -0.002193927 0.1090295 -0.9928049 0.04950785 0.1094936 -0.9939873 -5.98374e-4 0.1091017 -0.9934247 -0.03470361 0.1094858 -0.9939864 0.00199455 0.1091007 -0.9934155 -0.03496819 0.1094921 -0.9939872 -9.97278e-4 0.1091234 -0.9906743 0.08158802 0.1094832 -0.993987 -0.001795053 0.1094857 -0.9934714 0.03205597 0.1094772 -0.993989 -7.97844e-4 0.1094902 -0.9934751 0.03192365 0.1094834 -0.9939886 -3.98912e-4 0.1094778 -0.9939299 0.01086115 0.1094745 -0.9939896 3.98912e-4 0.1100248 -0.9938218 -0.01459157 0.1094744 -0.9939891 9.9728e-4 0.1094723 -0.9933127 -0.0366863 0.1094847 -0.9939885 1.99458e-4 0.1094256 -0.9939664 0.007546067 0.1094786 -0.9939892 1.99464e-4 0.1101977 -0.9935244 -0.02767145 0.1113243 -0.9937842 0 0.1110308 -0.993817 0 0.1111624 -0.9938023 0 0.1111695 -0.9937992 -0.002122342 0.111333 -0.9937832 0 0.1110966 -0.9938097 0 0.1110485 -0.9937789 0.008480191 0.1113433 -0.993782 -1.99459e-4 0.110965 -0.9938243 0 0.1110525 -0.9938145 0 0.1113256 -0.993784 3.9892e-4 0.1114076 -0.9937749 0 0.1115397 -0.99376 0 0.1114736 -0.9937674 0 0.1117843 -0.9937326 0 0.111917 -0.9937177 0 0.1113416 -0.9937822 0 0.1118506 -0.9937251 0 0.1122498 -0.9936801 0 0.1118715 -0.9937227 0 0.1121164 -0.9936951 0 0.1107028 -0.9938536 0 0.111586 -0.9937549 0 0.1112099 -0.993797 0 0.1117182 -0.99374 0 0.1117386 -0.9937377 0 0.1113606 -0.9937801 0 0.1114931 -0.9937652 0 0.1114542 -0.9937697 0 0.1108337 -0.993839 0 0.1104575 -0.9938809 0 0.1105883 -0.9938664 0 0.111626 -0.9937503 0 0.1110785 -0.9938117 0 0.1123835 -0.9936649 0 0.1108722 -0.9937852 0.009921967 0.1111369 -0.9938047 9.25084e-4 0.1121006 -0.9936872 -0.004383862 0.1113372 -0.9937827 1.99465e-4 0.1113283 -0.9937837 -1.99465e-4 0.1113339 -0.9937831 1.99475e-4 0.1112872 -0.9937883 0 0.1113294 -0.9937836 -1.11679e-4 0.1057785 -0.9429703 -0.3156233 0.1113322 -0.9937652 0.00598365 0.1058435 -0.9467701 0.3040122 0.1113157 -0.9937154 0.01176702 0.09966814 -0.888499 -0.4479239 0.1113341 -0.9937826 -9.97298e-4 0.1064319 -0.9495257 0.2950818 0.1113215 -0.9937492 -0.008377015 0.1089295 -0.9743741 -0.1967986 0.111331 -0.9937729 0.004587352 0.1100518 -0.9800178 -0.1656921 0.1113249 -0.9937796 0.002991855 0.09260231 -0.8224682 -0.5612226 0.1112762 -0.993425 0.02691733 0.1112876 -0.9931409 -0.03586632 0.1113182 -0.9937199 -0.01136845 0.1116169 -0.9913506 -0.06903481 0.1113226 -0.9937843 -1.99455e-4 0.109018 -0.9718491 -0.2088645 0.1113096 -0.993723 0.01116901 0.1085822 -0.965427 -0.2369825 0.1113238 -0.9937696 0.005385339 0.1114271 -0.9933253 0.02981561 0.111326 -0.9937826 -0.001595675 0.10443 -0.9341262 0.3413249 0.1113284 -0.9937317 -0.01017189 0.1102443 -0.9824892 0.1502044 0.1113166 -0.9937561 -0.007578849 0.1117565 -0.9897055 -0.08940726 0.1113014 -0.9937498 0.008575618 0.1117227 -0.9924769 -0.05007541 0.1113142 -0.9937593 0.007179796 0.1085649 -0.9624708 -0.2487241 0.1113315 -0.9937821 -0.001595735 0.1101532 -0.9884752 0.1038424 0.1113279 -0.9937814 -0.002194106 0.1102084 -0.9809304 -0.1600933 0.111328 -0.9937821 -0.001795172 0.1105225 -0.9873643 0.1135627 0.1113146 -0.9937391 0.009573876 0.1045095 -0.9303439 -0.3514798 0.1113237 -0.9937437 0.008975505 0.1110552 -0.9909195 -0.07579791 0.1113355 -0.9937694 -0.005185961 0.1116955 -0.9934453 -0.02430486 0.1113055 -0.9937862 3.98881e-4 0.1083071 -0.9622772 -0.2495842 0.1113214 -0.9937653 0.006182491 0.108321 -0.9624009 -0.2491011 0.1113069 -0.9937188 0.01156675 0.1111664 -0.991052 0.07387793 0.1113251 -0.9937567 -0.007379949 0.111228 -0.9901518 0.08501702 0.1113306 -0.9937806 -0.002393603 0.1107419 -0.9891768 0.09625774 0.1113368 -0.9937783 -0.002991914 0.1098346 -0.9856158 -0.1284446 0.1113309 -0.99378 0.00259304 0.1095711 -0.9799072 0.1666623 0.1113362 -0.9937732 -0.004388153 0.1009646 -0.9049209 0.4134303 0.1113356 -0.9937714 -0.004787087 0.1085627 -0.9678403 -0.2269347 0.1113338 -0.9937716 0.00478661 0.1093132 -0.9757193 -0.1897956 0.1113138 -0.9937773 0.003988742 0.1102764 -0.9822109 -0.15199 0.1113288 -0.9937772 -0.003589749 0.1100844 -0.9815521 0.1563232 0.1113452 -0.9937482 -0.008177936 0.1049929 -0.9420276 0.3186859 0.1113272 -0.9937751 0.004188716 0.1090096 -0.9770268 -0.1831275 0.1113457 -0.9937773 -0.002991914 0.1102788 -0.9874966 0.1126462 0.1113366 -0.9937763 -0.003590285 0.1021208 -0.9185547 0.3818752 0.1113336 -0.9937744 -0.004188597 0.1092786 -0.979584 0.1687409 0.1113448 -0.9937703 -0.004787087 0.1106262 -0.986236 0.1228835 0.111314 -0.9937824 0.002393245 0.1039893 -0.9270682 -0.3601818 0.1113336 -0.9937726 0.004587173 0.1090819 -0.9735095 -0.200949 0.1113488 -0.9937811 -7.97877e-4 0.1108576 -0.9936637 0.01851874 0.1113282 -0.9937825 0.001595675 0.1091318 -0.978195 0.1767053 0.1113415 -0.9937677 -0.005385279 0.1085481 -0.9729624 0.2038661 0.1113334 -0.9937787 -0.002992093 0.1106886 -0.9887015 0.1010813 0.1113316 -0.9937832 -5.98364e-4 0.1113659 -0.9937654 -0.005297243 0.1113283 -0.993783 -0.001196742 0.1094108 -0.9817398 0.1556162 0.1113399 -0.9937808 -0.001795172 0.1116197 -0.9917826 -0.06251734 0.1113112 -0.9937806 0.003190934 0.1104946 -0.9807348 -0.1610907 0.111326 -0.9937816 0.002193868 0.110381 -0.9862306 -0.1231471 0.111326 -0.9937833 0.001196622 0.1112473 -0.9907854 -0.07725572 0.1113315 -0.9937824 0.001396179 0.1107816 -0.9884783 -0.1031421 0.1113184 -0.993776 0.004188716 0.1110531 -0.9919564 0.06074279 0.111337 -0.9937815 -0.001595675 0.1112282 -0.9935582 0.02169108 0.1113253 -0.9937816 -0.002194046 0.1107345 -0.9925609 0.05060577 0.1113426 -0.9937813 -0.001196801 0.1111364 -0.993795 -0.004493176 0.1113283 -0.993783 0.001196742 0.1117014 -0.9880123 -0.1065581 0.1113021 -0.9937795 0.003789186 0.1114321 -0.9900788 -0.08559834 0.1113172 -0.993784 0.001396059 0.1120616 -0.9933603 -0.02602922 0.1113117 -0.9937855 -5.98305e-4 0.111957 -0.9936777 -0.008387148 0.1113167 -0.9937851 0 0.1116194 -0.9936541 -0.01388889 0.1113339 -0.9937831 0 0.1111288 -0.9937456 -0.01096814 0.1121409 -0.9936923 0 0.1116261 -0.9937142 -0.008466124 0.1121055 -0.9936963 -1.99442e-4 0.1130062 -0.9935943 0 0.112872 -0.9936096 0 0.1130799 -0.9934399 0.01703643 0.1121133 -0.9936954 -3.98944e-4 0.1119621 -0.9937125 0 0.1120947 -0.9936976 0 0.1123381 -0.9936701 0 0.1124711 -0.9936551 0 0.1118298 -0.9937274 0 0.1124942 -0.9936525 0 0.1131408 -0.993579 0 0.1126281 -0.9936373 0 0.1122055 -0.9936851 0 0.1121813 -0.9936878 0 0.1121697 -0.9936891 0 0.1121051 -0.9936964 0 0.1121004 -0.9936969 0 0.1121126 -0.9936955 0 0.1121126 -0.9936956 0 0.1121134 -0.9936954 -1.72309e-4 0.1101797 -0.9775071 0.1798342 0.1121079 -0.993691 0.003191113 0.111698 -0.9902472 -0.08327078 0.1121025 -0.9936966 3.98905e-4 0.1071662 -0.9435349 -0.3134604 0.1120981 -0.9936367 0.01096946 0.09596055 -0.8456546 -0.5250332 0.1120908 -0.9935971 0.01415967 0.1076172 -0.9505454 -0.2913452 0.1121106 -0.9936942 -0.001795172 0.1082488 -0.9637741 0.2437661 0.1121212 -0.9936841 -0.004587769 0.1120039 -0.9936916 -0.005688011 0.1121223 -0.9936941 -7.97888e-4 0.1071497 -0.9572333 0.268744 0.1121316 -0.9936434 -0.00997281 0.1067803 -0.9537914 0.2808555 0.1121399 -0.9936924 -1.99472e-4 0.1063656 -0.9502283 0.2928352 0.1121188 -0.9936628 -0.007978618 0.1120052 -0.9937027 -0.003174722 0.1121008 -0.9936777 0.006182432 0.1035951 -0.9132159 -0.3940874 0.1121048 -0.9936925 0.002792179 0.1127629 -0.9906867 -0.07631897 0.1120867 -0.9936859 0.004985988 0.107241 -0.9453557 -0.3078992 0.1121023 -0.9936947 0.001994311 0.1115227 -0.9883685 0.103394 0.1121159 -0.9936918 -0.002593159 0.1119624 -0.9920879 0.05679988 0.1121071 -0.9936956 9.97386e-4 0.1113007 -0.9841287 -0.1382129 0.1121126 -0.9936904 0.00319153 0.1121495 -0.9935027 -0.0193665 0.1121007 -0.9936904 0.003574967 0.1121007 -0.9936953 -0.0017789 0.1121447 -0.9936645 0.007391512 -0.002004683 -0.01574313 0.9998741 0 0 1 0 0 1 0 0 1 -0.9931532 -0.11682 0 -0.9931526 -0.1168252 0 -0.9931524 -0.1168264 0 -0.0961712 0.9953649 0 -0.0961703 0.9953649 0 0.993063 0.1175833 0 0.9930631 0.1175829 0 -0.1217308 0.9925633 0 -0.1216423 0.9925741 0 -0.1216542 0.9925726 0 -0.1216662 0.9925711 -2.27159e-4 -0.9986194 -0.05252981 0 -0.9986188 -0.05254191 0 0.998625 0.05242198 0 0.9986257 0.05241066 0 0.9986184 0.0525487 0 0.9986189 0.05252301 0.001281261 0.1216691 -0.9925708 0 0.1216636 -0.9925714 0 0 0 1 0 0 1 0 0 1 0.9986173 0.05257052 0 0.998618 0.05255842 0 -0.9986185 -0.05254769 0 0.1216824 -0.9925691 0 0.9986189 0.05254018 0 -0.99862 -0.05251747 0 -0.9986194 -0.05252951 0 0.1216779 -0.9925697 0 0.1216834 -0.992569 0 0 0 1 0.9986186 0.05254602 0 0.998618 0.05255818 0 -0.9986172 -0.05257177 0 -0.9986178 -0.05255967 0 0.1216745 -0.9925701 0 0 0 1 0.9986182 0.05255192 0 -0.9986195 -0.05252909 0 0.1216769 -0.9925698 0 0 0 1 0 0 1 0.9986174 0.05256992 0 0.9986179 0.05255776 0 -0.9986191 -0.05253511 0 0 0 1 0.9986196 0.05252736 0 0.9986189 0.05253952 0 -0.9986169 -0.05257737 0 0.1216853 -0.9925687 0 0 0 1 0.9986193 0.05253326 0 0.9986186 0.05254536 0 -0.9986186 -0.05254697 0 0 0 1 0.9986183 0.0525512 0 0.998619 0.05253905 0 -0.9986176 -0.05256485 0 -0.9986189 -0.05254065 0 0 0 1 0 0 1 0.9986186 0.05254513 0 0.998618 0.05255728 0 -0.9986197 -0.0525223 0 -0.9986192 -0.0525344 0 0 0 1 0 0 1 0.9986195 0.05252683 0 -0.9986175 -0.05256462 0 -0.9986169 -0.05257672 0 0.1216986 -0.9925671 0 0.1216932 -0.9925678 0 0 0 1 0.9986173 0.05256897 0 0.998618 0.05255681 0 -0.9986191 -0.05253434 0 0.9986189 0.05253863 0 -0.9986189 -0.05253994 0 -0.05684632 -0.01888847 0.9982044 0.9986187 0.05254441 0 0.9986193 0.05253225 0 -0.9986172 -0.05257022 0 0.9986177 0.05256265 0 0.998619 0.05253833 0 -0.9986177 -0.05256402 0 -0.9986183 -0.05255192 0 0.1216725 -0.9925704 0 0 0 1 0.998618 0.05255651 0 -0.9986192 -0.05253368 0 0 0 1 0.9986177 0.05256217 0 -0.9986189 -0.05253946 0 0.9986186 0.05254387 0 0.9986193 0.05253177 0 -0.9986192 -0.05253326 0 0 0 1 0.9986183 0.05254983 0 -0.9986183 -0.05255138 0 0 0 1 0.998618 0.05255585 0 0.9986187 0.05254369 0 -0.9986192 -0.05253297 0 -0.9986199 -0.05252087 0 0 0 1 0.9986183 0.0525496 0 -0.9986177 -0.05256307 0 0 0 1 0.9986193 0.05253118 0 0.9986206 0.05250686 0 -0.9986187 -0.05254471 0 -0.9986192 -0.05253261 0 0 0 1 0.9986177 0.05256146 0 0.9986171 0.05257362 0 -0.998619 -0.05253857 0 0 0 1 0.9986193 0.05253088 0 0.9986187 0.05254304 0 -0.9986186 -0.05254465 0 -0.998618 -0.05255675 0 0 0 1 0.9986184 0.05254906 0 -0.9986183 -0.05255049 0 0.1216592 -0.992572 0 0.1216647 -0.9925714 0 0 0 1 0 0 1 0.9986181 0.05255496 0 -0.05683678 -0.0189104 0.9982044 0.9986184 0.05254864 0 0.9986172 0.05257296 0 -0.998619 -0.05253809 0 0 0 1 0.9986193 0.05253034 0 0.99862 0.05251818 0 -0.9986193 -0.05253183 0 -0.9986187 -0.05254393 0 0 0 1 0 0 1 0.998619 0.05253618 0 0.9986185 0.05254834 0 -0.998619 -0.05253779 0 0 0 1 0.9986187 0.05254209 0 -0.9986181 -0.05255568 0 0.1216942 -0.9925677 0 0.9986185 0.05254817 0 -0.9986196 -0.05252528 0 0.9986194 0.05252963 0 0.9986201 0.05251747 0 -0.9986194 -0.0525313 0 0 0 1 0.9986178 0.05256003 0 -0.998619 -0.05253714 0 0.9986194 0.05252921 0 -0.9986187 -0.05254304 0 0.1216755 -0.99257 0 0.9986191 0.05253529 0 0.9986184 0.05254745 0 -0.9986184 -0.05254888 0 0.9986208 0.05250477 0 0.9986201 0.05251693 0 -0.9986181 -0.0525549 0 0 0 1 0.9986185 0.05254727 0 -0.9986196 -0.05252456 0 -0.998619 -0.05253672 0 0 0 1 0.9986181 0.05255317 0 -0.9986175 -0.05256676 0 0 0 1 0.9986186 0.05254679 0 0.9986191 0.05253463 0 -0.9986184 -0.0525484 0 0 0 1 0.9986175 0.05256503 0 -0.9986184 -0.0525484 0 0.1216718 -0.9925704 0 0 0 1 0.9986189 0.05254065 0 -0.99862 -0.05251777 0 -0.9986194 -0.05252993 0 0.121685 -0.9925688 0 0.1216797 -0.9925695 0 0 0 1 0 0 1 0.9986182 0.05255246 0 -0.9986178 -0.05256021 0 -0.9986175 -0.05256628 0 0.1216664 -0.9925711 0 0 0 1 0.9986175 0.05256456 0 0.9986182 0.0525524 0 -0.9986187 -0.05254161 0 -0.9986198 -0.05252337 0 0 0 1 0.9986179 0.05255848 0 0.9986176 0.05256456 0 -0.9986191 -0.05253553 0 0 0 1 0.9986189 0.05253994 0 0.9986191 0.05253386 0 -0.9986185 -0.05254763 0 0 0 1 0.9986189 0.05253976 0 0.9986192 0.05253362 0 -0.9986178 -0.05255955 0 -0.9986182 -0.05255347 0 0 0 1 0.9986186 0.05254566 0 0.9986183 0.05255174 0 -0.9986198 -0.05252295 0 0.9986183 0.05255168 0 0.9986179 0.05255776 0 -0.9986191 -0.05253487 0 0.1216752 -0.99257 0 0.9986192 0.05253332 0 0.9986195 0.05252724 0 -0.9986189 -0.05254083 0 -0.9986192 -0.05253475 0 0 0 1 0.9986192 0.05253291 0 0.9986195 0.05252683 0 -0.9986189 -0.05254048 0 -0.9986185 -0.05254656 0 0.1216806 -0.9925694 0 0 0 1 0 0 1 0.9986189 0.05253905 0 0.9986193 0.05253291 0 -0.9986185 -0.05254656 0 -0.05683928 -0.01895755 0.9982034 0 0 1 0.9986186 0.05254489 0 0.9986183 0.05255097 0 -0.9986183 -0.05255258 0 -0.9986175 -0.05256474 0 0.121662 -0.9925716 0 0.1216674 -0.9925709 0 0 0 1 0.9986199 0.05252045 0 -0.9986178 -0.0525586 0 -0.05683785 -0.01896083 0.9982034 0.9986183 0.05255067 0 0.9986177 0.05256283 0 -0.9986191 -0.05253398 0 0.998618 0.05255669 0 0.9986177 0.05256277 0 -0.9986169 -0.05257648 0 -0.9986172 -0.0525704 0 0 0 1 0 0 1 0.9986193 0.05253213 0 -0.9986186 -0.05254578 0 0 0 1 0.9986183 0.05255043 0 0.9986189 0.05253821 0 -0.9986182 -0.05255186 0 -0.998618 -0.05255794 0 0.1216915 -0.992568 0 0 0 1 0.9986186 0.05254417 0 0.998618 0.05255633 0 -0.05683052 -0.01896768 0.9982037 0.9986184 0.05255007 0 0.9986177 0.05256229 0 -0.9986177 -0.0525636 0 -0.9986179 -0.05255752 0 0 0 1 0.9986193 0.05253154 0 0.9986196 0.05252546 0 -0.9986196 -0.05252712 0 -0.9986186 -0.05254536 0 0 0 1 0 0 1 0.9986171 0.05257421 0 0.9986177 0.05256199 0 -0.9986183 -0.0525512 0 -0.9986186 -0.05254507 0 0 0 1 0.9986187 0.05254352 0 0.9986183 0.0525496 0 -0.9986183 -0.0525512 0 -0.998618 -0.05255728 0 0 0 1 0 0 1 0.9986187 0.05254346 0 0.9986183 0.05254954 0 -0.9986177 -0.05256289 0 -0.05683028 -0.01897865 0.9982035 0.9986184 0.05254936 0 0.9986181 0.05255544 0 -0.9986196 -0.05252641 0 0.9986175 0.05256742 0 0.998618 0.0525552 0 -0.998619 -0.05253851 0 0.9986196 0.05252468 0 0.9986194 0.05253076 0 -0.9986183 -0.05255258 0 0.998619 0.05253803 0 -0.9986178 -0.05255883 0 0 0 1 0.9986187 0.05254447 0 0.998618 0.05255669 0 -0.9986195 -0.05252903 0 -0.05683171 -0.0189591 0.9982038 0 0 1 0.9986177 0.05256313 0 0.9986183 0.05255091 0 -0.9986191 -0.05253535 0 -0.05683267 -0.01895225 0.9982039 0.998619 0.05253905 0 -0.9986204 -0.05251139 0 -0.9986197 -0.05252349 0 0 0 1 0.9986186 0.05254548 0 0.9986189 0.05253934 0 -0.9986181 -0.05255407 0 -0.05683434 -0.01893913 0.998204 0.9986198 0.05252146 0 0.9986202 0.05251538 0 -0.9986178 -0.05256056 0 0.1216861 -0.9925686 0 0 0 1 0.9986183 0.05255216 0 -0.998619 -0.05253672 0 0.9986194 0.05252802 0 0.9986192 0.05253416 0 -0.9986187 -0.05254292 0 0.9986185 0.05254667 0 0.9986191 0.05253452 0 -0.9986181 -0.05255538 0 0 0 1 0.99862 0.05251663 0 0.9986205 0.05251055 0 -0.9986177 -0.05256175 0 0.1217013 -0.9925668 0 0.9986175 0.05256557 0 0.9986182 0.05255341 0 -0.9986193 -0.05253177 0 0.9986175 0.05256575 0 -0.9986186 -0.05254399 0 0.9986187 0.05254191 0 0.9986191 0.05253583 0 -0.9986177 -0.05256271 0 0.9986185 0.05254822 0 -0.9986177 -0.05256289 0 0 0 1 0.9986181 0.0525546 0 -0.998619 -0.05253922 0 0.9986178 0.0525608 0 0.9986174 0.05256682 0 -0.9986186 -0.05254536 0 0.9986187 0.0525431 0 -0.9986198 -0.05252158 0 0.9986184 0.05254948 0 -0.9986177 -0.05256414 0 -0.998618 -0.05255812 0 0 0 1 0.9986181 0.05255585 0 0.9986178 0.05256193 0 -0.9986189 -0.0525403 0 0.9986177 0.05256223 0 -0.9986189 -0.05254054 0 0.9986187 0.05254441 0 0.9986193 0.05253231 0 -0.9986198 -0.05252283 0 0 0 1 0.9986186 0.05254459 0 0.9986183 0.05255067 0 -0.9986178 -0.05255943 0 0 0 1 0.9986196 0.05252683 0 -0.9986191 -0.05253553 0 0.9986176 0.05256342 0 -0.9986188 -0.05254191 0 0 0 1 0.9986189 0.05253958 0 -0.9986197 -0.05252397 0 0 0 1 0.9986183 0.05255192 0 0.9986185 0.0525459 0 -0.9986178 -0.05256056 0 0.9986195 0.05252802 0 0.9986201 0.05251592 0 -0.9986174 -0.05256688 0 0.1216827 -0.9925692 0 0.9986176 0.05256456 0 0.998618 0.05255854 0 -0.9986187 -0.05254304 0 0.9986188 0.05254077 0 -0.9986181 -0.05255538 0 0 0 1 0.9986186 0.05254715 0 -0.9986193 -0.05253189 0 0.9986197 0.05252337 0 -0.0568642 -0.01875358 0.9982059 0.1216959 -0.9925674 0 0.9986194 0.05252951 0 -0.9986186 -0.05254435 0 0.998619 0.05253607 0 -0.9986183 -0.05255067 0 0.9986185 0.05254822 0 -0.9986192 -0.05253303 0 0.9986178 0.05256062 0 -0.9986173 -0.05256927 0 0.9986194 0.05253088 0 -0.9986186 -0.05254548 0 0.9986175 0.0525673 0 -0.9986186 -0.05254584 0 0.9986187 0.05254358 0 -0.9986198 -0.0525223 0 0.9986183 0.05254989 0 -0.05686467 -0.01869696 0.9982069 0.9986193 0.05253225 0 0.9986196 0.05252623 0 -0.9986186 -0.05254667 0 0.9986171 0.05257451 0 0.9986174 0.05256849 0 -0.9986182 -0.05255293 0 0.9986186 0.05254471 0 -0.9986194 -0.05252957 0 0.998618 0.05255705 0 0.9986183 0.05255103 0 -0.9986185 -0.05254763 0 0.9986183 0.05255138 0 0.9986189 0.0525394 0 -0.1215108 0.9925901 0 -0.1214744 0.9925947 0 0 0 1 0 0 1 0.9986183 0.05255174 0 0.9986186 0.05254578 0 -0.9986183 -0.05255132 0 -0.1216955 0.9925675 0 -0.1217099 0.9925658 0 0 0 1 0 0 1 0.9986186 0.05254608 0 0.9986189 0.05254012 0 -0.1216712 0.9925705 0 -0.1926104 0.005273342 0.9812613 0 0 1 0.9986185 0.0525462 0 -0.1216855 0.9925687 0 -0.1416081 0.008090436 0.9898898 0 0 1 0.9986186 0.05254656 0 -0.9986189 -0.0525394 0 -0.05686897 -0.01866549 0.9982072 -0.1216905 0.9925681 0 -0.1216854 0.9925687 0 0.9986185 0.05254685 0 0.9986182 0.05255281 0 -0.9986183 -0.0525515 0 -0.1216963 0.9925675 0 -0.1216921 0.9925679 0 0 0 1 0.9986189 0.05254119 0 -0.9986189 -0.05253958 0 -0.121683 0.992569 0 -0.1216794 0.9925696 0 0 0 1 0.9986184 0.05254757 0 0.9986188 0.05254161 0 -0.121668 0.9925709 0 0.1216878 -0.9925685 0 0 0 1 0.9986188 0.05254173 0 0.9986185 0.05254769 0 -0.1216906 0.9925681 0 -0.1216878 0.9925684 0 0 0 1 0.9933909 0.1147807 0 0.9934186 0.1145406 0 0.9934186 0.1145399 0 0.9934187 0.1145395 2.03493e-4 0.1091585 -0.9940244 0 0.1090894 -0.994032 0 0.1090589 -0.9940353 -2.29888e-4 0.1090831 -0.9940328 1.45983e-4 0.1089766 -0.9940443 0 0.108977 -0.9940443 0 0.1090807 -0.9940329 0 0.10916 -0.9940243 0 0.1094774 -0.9939893 0 0.1095781 -0.9939782 0 0.1096601 -0.9939692 0 0.1089591 -0.9940462 0 0.1086128 -0.9940842 0 0.1097609 -0.9939581 0 0.1091119 -0.9940295 0 0.1092123 -0.9940185 0 0.1087775 -0.9940662 0 0.1091763 -0.9940225 0 0.1090117 -0.9940406 0 0.1093769 -0.9940004 0 0.1097801 -0.9939559 0 0.1093586 -0.9940025 0 0.1095594 -0.9939804 0 0.1084144 -0.9941058 0 0.1084309 -0.9941041 0 0.1088119 -0.9940624 0 0.1090645 -0.9940348 0 0.109088 -0.9940319 -7.18718e-4 0.1090831 -0.9940326 -3.59343e-4 0.1089564 -0.9940287 0.005971491 0.1087775 -0.9940655 -0.001148402 0.1090753 -0.9940335 -3.04293e-4 0.1090349 -0.9938522 0.01921874 0.1058157 -0.9599483 -0.2594274 0.1090669 -0.9940179 0.005748569 0.1084613 -0.9893976 0.09658509 0.1090807 -0.9939644 -0.01167833 0.1082932 -0.9897417 0.09318846 0.1090685 -0.9940329 0.001616775 0.1094833 -0.9931821 -0.04003649 0.1090722 -0.9940212 -0.005030274 0.1085557 -0.9903067 0.0866518 0.1090711 -0.9940142 0.006288349 0.1086399 -0.9905519 0.08369243 0.1090767 -0.993973 -0.01095926 0.1065577 -0.970748 -0.21516 0.1090544 -0.9939044 0.01616615 0.09265273 -0.8421007 -0.5313022 0.109058 -0.9939367 0.01401108 0.1089245 -0.9913071 0.07379627 0.1090694 -0.9939634 -0.01185691 0.1040219 -0.9503004 0.2934427 0.1090632 -0.9939839 0.01005971 0.0849598 -0.770716 -0.6314893 0.1090684 -0.994032 0.002155721 0.1087425 -0.9920107 0.0639525 0.1090832 -0.9940326 5.39014e-4 0.1089701 -0.9922011 0.06051963 0.1090679 -0.9940272 0.003772556 0.104802 -0.9538736 -0.2813217 0.1090639 -0.9939459 0.01329332 0.1086071 -0.9926102 0.05412566 0.1090775 -0.9939806 -0.01024073 0.1067396 -0.9755423 0.1921557 0.1090785 -0.9939442 -0.01329511 0.0866965 -0.7934918 0.6023741 0.109075 -0.9940114 -0.006646454 0.09904438 -0.9014701 -0.4213575 0.109067 -0.9939741 0.01095831 0.1088733 -0.9932035 0.04115355 0.1090784 -0.9940331 3.59327e-4 0.1070958 -0.9751359 -0.1940114 0.1090773 -0.9939787 -0.01042038 0.09692114 -0.8870732 0.4513396 0.1090772 -0.9940326 -0.001257479 0.1051214 -0.9603452 0.2582376 0.1090678 -0.9939815 -0.01023977 0.1055443 -0.9610523 0.2554188 0.109082 -0.9940327 -5.3899e-4 0.1086403 -0.9892427 -0.09796071 0.1090685 -0.9940329 -0.001616775 0.1090088 -0.9940108 0.007736802 0.1090828 -0.9940263 -0.003593027 0.09755921 -0.8929131 0.4395323 0.1090734 -0.9940008 -0.008084535 0.1093582 -0.9938912 0.01486682 0.1090615 -0.994014 0.006466865 0.1051248 -0.9516535 -0.2886253 0.1090657 -0.9940072 0.007365286 0.1062387 -0.9693783 -0.2214026 0.1090819 -0.9940201 -0.005030691 0.09791976 -0.8978726 0.4292279 0.1090839 -0.9939936 -0.008803904 0.1089654 -0.9940441 0.001725733 0.1090686 -0.9940338 0.00107783 0.1089654 -0.9940443 -0.001610696 0.1090831 -0.9940307 0.00197637 0.1091688 -0.9940103 -0.005062043 0.1090798 -0.9940016 -0.007905244 0.1057264 -0.9694559 0.2213083 0.1090664 -0.9940134 0.006467163 0.1090903 -0.9896547 -0.09318321 0.1087505 -0.9886285 -0.103861 0.1090775 -0.9940255 -0.003952562 0.108457 -0.9891449 0.09914344 0.1090825 -0.9940323 -8.98357e-4 0.1081258 -0.9845137 -0.1379914 0.1090525 -0.9940127 0.0068264 0.1080621 -0.9818935 -0.1555881 0.1090716 -0.9940221 0.004850625 0.1080303 -0.9836441 -0.1441311 0.1090772 -0.9940223 -0.004671156 0.1087575 -0.9903105 0.0863536 0.1090622 -0.9940204 0.005389094 0.1080247 -0.976307 -0.1874974 0.109054 -0.9940265 0.004311501 0.108894 -0.9933449 -0.03752583 0.1090825 -0.9940325 -7.18686e-4 0.1086754 -0.991137 0.0764001 0.1090683 -0.9940343 3.59295e-4 0.1063176 -0.9645913 -0.2413719 0.1090732 -0.994031 0.002335488 0.1087149 -0.9916288 0.0696665 0.1090828 -0.9940285 -0.002874732 0.1083579 -0.9918796 0.06658446 0.1090832 -0.9940326 1.79672e-4 0.1085628 -0.9920745 0.06326538 0.1090686 -0.9940341 5.38942e-4 0.1079385 -0.9756571 -0.1908993 0.1090634 -0.9940343 0.00107783 0.1091942 -0.9924003 0.05673158 0.1090735 -0.9940317 -0.001976251 0.1072502 -0.9816101 0.157921 0.1090952 -0.9940195 -0.004851043 0.1079728 -0.9882231 0.10843 0.1090683 -0.9940339 8.98237e-4 0.1088599 -0.9929506 0.0468893 0.1090829 -0.9940299 -0.002335667 0.109143 -0.9939065 -0.01541471 0.1090784 -0.9940332 -1.79663e-4 0.108095 -0.9892001 0.09898883 0.1090817 -0.9940325 -8.98236e-4 0.1088674 -0.9908756 -0.07945913 0.1090685 -0.9940332 0.001437127 0.1087719 -0.9940508 0.005627095 0.1090832 -0.9940326 0 0.1091119 -0.9936236 -0.02840566 0.1090831 -0.9940319 -0.001257658 0.108609 -0.9922055 0.06109237 0.1090685 -0.9940343 0 0.1087652 -0.9939243 0.01687926 0.1070359 -0.9942553 0 0.1070358 -0.9942553 0 0.1070267 -0.9942562 0 0.1070213 -0.9942567 0 0.1070339 -0.9942554 0 0.107041 -0.9942547 0 0.107046 -0.9942541 0 0.1070503 -0.9942536 0 0.1070197 -0.9942569 0 0.1070143 -0.9942576 0 0.1070282 -0.994256 0 0.1070355 -0.9942552 0 0.1070683 -0.9942517 0 0.107057 -0.994253 0 0.1069936 -0.9942598 0 0.107042 -0.9942545 0 0.1072552 -0.9942316 0 0.1073536 -0.994221 0 0.1067931 -0.9942814 0 0.1071571 -0.9942421 0 0.1076497 -0.9941889 0 0.1077488 -0.9941782 0 0.106611 -0.9943009 0 0.1070591 -0.9942527 0 0.1071855 -0.994239 0 0.1073828 -0.9942178 0 0.1071998 -0.9942376 0 0.1071012 -0.9942482 0 0.1070028 -0.9942588 0 0.1072841 -0.9942285 0 0.1066954 -0.9942919 0 0.1068909 -0.9942708 0 0.107339 -0.9942225 0 0.1078481 -0.9941675 0 0.1070224 -0.9942566 0 0.1070121 -0.9942575 7.18654e-4 0.1073122 -0.99398 -0.0220884 0.1078435 -0.9941204 -0.009728074 0.1070355 -0.9942552 -4.65977e-5 0.1036411 -0.9629185 0.2490915 0.1070178 -0.9942007 0.01059728 0.1070675 -0.9939575 -0.02418839 0.107031 -0.994244 -0.004810571 0.10705 -0.9942339 -0.006269514 0.1070372 -0.9942543 -0.001206636 0.1070151 -0.994257 0.001014173 0.1070476 -0.9942387 -0.005495429 0.1070415 -0.994243 0.004793584 0.1069988 -0.9941106 0.0171889 0.1070439 -0.9942421 -0.00493282 0.1070083 -0.9940158 -0.02195352 0.1070194 -0.9941666 0.01340246 0.1068241 -0.9920744 -0.0661593 0.106999 -0.9940151 0.02203077 0.1064738 -0.9893473 -0.09927392 0.1070381 -0.9942467 0.004076719 0.1034255 -0.9583159 -0.2663345 0.1070317 -0.9942557 0 0.103203 -0.9608538 0.2571173 0.1070468 -0.9942463 -0.003953158 0.1003761 -0.931423 -0.3498227 0.1070272 -0.9942282 0.007456779 0.1025214 -0.950819 -0.2922888 0.1069956 -0.994024 0.0216453 0.08350932 -0.7720406 -0.6300633 0.1070326 -0.994227 0.007545948 0.10636 -0.992171 0.06545573 0.1070429 -0.9942462 -0.004042923 0.1070832 -0.9931271 0.04724246 0.1070319 -0.9942491 0.003593802 0.1034308 -0.9597687 -0.2610482 0.1070306 -0.9942535 0.0021559 0.104602 -0.968469 -0.2261114 0.1070245 -0.9942278 0.007545769 0.1062573 -0.98929 0.100074 0.107039 -0.9942327 -0.006648123 0.1051353 -0.9804821 0.1661372 0.1070469 -0.9942538 -7.18765e-4 0.1060716 -0.9842734 -0.1412614 0.1070319 -0.9942492 0.003593266 0.1070574 -0.9937848 -0.03050684 0.1070343 -0.9942554 -3.59342e-4 0.09994751 -0.932101 0.3481354 0.1070387 -0.9942004 -0.01042127 0.1049974 -0.9743057 0.1992591 0.1070296 -0.994244 -0.00485146 0.1055765 -0.9796791 0.1705367 0.1070437 -0.9942244 -0.00772649 0.1062301 -0.9890375 0.1025668 0.1070302 -0.9942556 5.38989e-4 0.1069585 -0.9919434 0.06788438 0.1070314 -0.9942515 -0.002874612 0.1064035 -0.9870882 0.1197301 0.1070306 -0.994253 -0.002335906 0.1049193 -0.9744822 0.1984347 0.107033 -0.9942524 -0.002515614 0.107086 -0.9936863 0.03346788 0.1070324 -0.9942542 0.001616954 0.1069045 -0.9923653 -0.06150352 0.1070342 -0.9942548 0.001078009 0.1068343 -0.9910849 -0.07960796 0.1070349 -0.9942521 -0.002515614 0.1065814 -0.9887387 0.1050534 0.1070309 -0.9942556 5.39062e-4 0.1070217 -0.9930896 0.04816019 0.1070452 -0.9942386 -0.005570292 0.1036168 -0.9665817 0.2344855 0.1070325 -0.9942551 -8.98335e-4 0.1069412 -0.9932611 -0.04467833 0.1070312 -0.9942557 0 0.1073282 -0.9939565 0.0230509 0.1070436 -0.9942497 -0.003054618 0.1059899 -0.9902827 0.09003609 0.1070466 -0.994254 -1.79691e-4 0.1052664 -0.9757665 -0.1918299 0.1070141 -0.9942341 0.006826996 0.1071056 -0.9925715 -0.0577076 0.1070346 -0.9942551 -5.39013e-4 0.1069697 -0.9924734 -0.05961728 0.1070398 -0.9942546 -5.39062e-4 0.1065801 -0.9922956 0.06316697 0.107044 -0.9942528 -0.001796841 0.1062994 -0.9914718 0.07539314 0.1061114 -0.9781288 -0.1788982 0.107018 -0.9942485 0.00413227 0.1066852 -0.9908171 -0.08306455 0.1070441 -0.994254 -7.18749e-4 0.1067129 -0.9933512 0.04319417 0.1070393 -0.9942547 -3.59358e-4 0.1067832 -0.9941865 0.01380813 0.1070302 -0.994255 0.001257658 0.1074887 -0.991815 -0.06891453 0.1070209 -0.9942558 0.001437246 0.1070347 -0.993077 -0.04838949 0.1070332 -0.9942547 0.001257836 0.1070733 -0.9934686 -0.03943973 0.1070442 -0.9942542 -1.79687e-4 0.1066038 -0.9942105 0.01346325 0.9990288 0.04406428 0 0.9990288 0.04406434 0 0.9990286 0.04406756 0 0.9990279 0.04408311 0 0.9990262 0.04412209 0 0.9990272 0.04409873 0 0.9990282 0.04407674 0 0.9990271 0.0441001 0 0.9990268 0.04410648 0 0.9990265 0.04411429 0 0.9990288 0.0440635 1.96135e-5 0.9990287 0.04406434 0 0.9990273 0.04409188 -5.57878e-4 0.9990268 0.04410642 -2.84936e-4 0.9990287 0.04406434 6.1667e-6 0.9990288 0.04406338 1.01583e-4 0.9990279 0.0440827 -2.57611e-4 0.9990288 0.04406374 3.92266e-5 0.9990249 0.044106 -0.002017915 0.9990288 0.0440635 3.36232e-5 -0.992824 -0.1195849 0 -0.9928241 -0.1195847 0 -0.9927794 -0.1199546 0 -0.9928241 -0.1195844 0 0.1496104 -0.9887451 0 0.992761 0.1201072 0 0.992761 0.1201077 0 -0.128376 0.9917256 0 -0.1283758 0.9917256 0 -0.992521 -0.1220742 0 -0.9925217 -0.122069 0 -0.1104196 0.9938851 0 -0.1104196 0.9938851 0 -0.1112785 0.9937893 0 -0.1112785 0.9937893 0 -0.1119526 0.9937136 0 -0.1119527 0.9937136 0 0.9938082 0.1111095 0 0.9938085 0.1111077 0 0.1082761 -0.9941209 0 0.1082761 -0.9941208 0 -0.9989393 -0.04604768 0 -0.9989393 -0.04604768 0 0.04830902 -0.9988325 0 0.04830902 -0.9988325 0 0.9989305 0.04623663 0 0.9989299 0.04625195 0 0.9989302 0.0462442 0 0.9989303 0.04624384 1.24878e-4 0.9989306 0.0462377 5.60385e-6 0.9989302 0.04624384 2.49756e-4 0.9989305 0.0462377 5.60385e-6 0.9989309 0.04622888 0 0.9989329 0.0461868 0 0.9989336 0.04617124 0 0.9989314 0.04621797 0 0.9989307 0.04623353 0 0.9989316 0.04621332 0 0.9989297 0.0462566 0 0.9989303 0.04624104 0 0.9989308 0.0462318 0 0.9989301 0.04624736 0 0.9989318 0.04620987 0 0.9989325 0.04619425 0 0.998929 0.04627215 0 0.9989305 0.04623812 0 0.9989312 0.04622256 0 0.9989302 0.0462445 0 0.9989331 0.04618221 0 0.9989314 0.0462197 0 0.9989321 0.04620414 0 0.9989261 0.0463345 0 0.9989275 0.04630333 0 0.9989297 0.04625368 0 0.9989294 0.04626291 0 0.9989286 0.04628139 0 0.9989299 0.04625022 0 0.9989322 0.04620063 0 0.9989337 0.04616945 0 0.9989305 0.04623776 0 0.9989305 0.04623925 0 0.9989305 0.04623848 -3.36234e-5 0.9989305 0.04623776 1.12078e-5 0.9989322 0.04618185 0.001326143 0.9989305 0.04623776 -1.2127e-5 0.9983144 0.04622447 0.03509378 0.9989302 0.04623824 -7.00484e-4 0.9988544 0.04621887 0.01240509 0.9989305 0.04623824 6.16426e-5 0.9988808 0.04617393 -0.01026129 0.9989304 0.04623854 -2.12952e-4 0.9982969 0.04617571 0.03565359 0.9989303 0.04623842 5.65994e-4 0.9986524 0.04620027 -0.02364605 0.9989305 0.0462377 2.91403e-4 0.9987769 0.04621416 0.01757973 0.9989303 0.04623925 -3.58656e-4 0.9989209 0.04616767 -0.005076885 0.9989303 0.04623842 -6.44448e-4 0.9989217 0.04623585 0.004198968 0.9989304 0.04623824 -5.71595e-4 0.9988384 0.04625856 0.01349204 0.9989306 0.04623752 -1.45701e-4 0.9986732 0.0461874 0.02277404 0.9989302 0.04623836 -7.6214e-4 0.9984179 0.04620677 0.03204387 0.9989305 0.0462377 0 0.9989309 0.04622817 1.9522e-4 0.9989303 0.04623699 5.99608e-4 0.9987314 0.04625827 -0.01989853 0.9989302 0.0462374 8.46183e-4 0.9975862 0.04617404 -0.05186396 0.9989299 0.04623752 0.001103937 0.9983903 0.04624247 -0.03284084 0.9989306 0.0462374 -7.84541e-5 0.9989282 0.04626739 -0.001389265 0.9989306 0.0462377 3.92267e-5 0.9987634 0.04622042 -0.01831638 0.9989304 0.04623758 2.91397e-4 0.9989298 0.04623621 0.001217544 0.9989304 0.04623824 -5.26764e-4 0.9980362 0.0461325 0.04237389 0.9989304 0.04623812 4.48309e-4 0.9988551 0.04626399 -0.01217472 0.9989306 0.04623752 9.52659e-5 0.9989004 0.04623484 -0.007773399 0.9989305 0.04623693 -2.63379e-4 0.9989265 0.04629045 0.001741349 0.9989303 0.04623842 -5.88409e-4 0.9982816 0.04617387 0.03608018 0.99893 0.04623824 -0.001053512 0.9987163 0.0462206 0.02072441 0.9989305 0.04623782 1.12078e-4 0.9987734 0.04624634 -0.0176934 0.9989305 0.0462377 -5.6039e-6 0.9974696 0.04612362 0.05410176 0.9989303 0.04623782 -6.50053e-4 0.9989027 0.04623031 -0.007507324 0.9989304 0.04623824 3.19421e-4 0.998931 0.04619932 0.001575291 0.9989305 0.04623836 -1.34495e-4 0.9989214 0.04623007 0.004343807 0.9989305 0.0462377 -1.0087e-4 0.9989275 0.04625344 -0.002130091 0.9989304 0.04623782 -3.47442e-4 0.9985177 0.04619866 0.0287767 0.9989305 0.04623782 -7.84547e-5 0.9985899 0.04625171 -0.0260595 0.9989306 0.04623752 1.56908e-4 0.9987847 0.04626071 -0.01700437 0.9989304 0.0462374 4.25893e-4 0.9987231 0.04619544 0.02045238 0.9989304 0.04623728 4.03477e-4 0.9983358 0.04620873 -0.03450053 0.9989305 0.04623788 2.12945e-4 0.9988778 0.04624539 0.01022642 0.9989305 0.04623794 -2.46569e-4 0.9988104 0.04623067 -0.01550644 0.9989304 0.04623717 4.25891e-4 0.9989106 0.04627811 -0.005995512 0.9989305 0.04623794 -1.00869e-4 0.998915 0.04624712 0.005480289 0.9989305 0.04623788 -2.01738e-4 0.9987202 0.04616409 0.02066302 0.9989305 0.04623794 5.60384e-5 0.9984834 0.04628956 -0.02980101 0.9989306 0.04623717 -2.24153e-5 0.9987576 0.04619705 0.01868951 0.9989305 0.0462377 2.12948e-4 0.9989091 0.04625725 -0.006414175 0.9989305 0.04623812 -2.68989e-4 0.9988729 0.04620814 0.01085782 0.9989305 0.0462377 -3.69857e-4 0.9988511 0.04623836 0.01259696 0.9989305 0.0462377 -1.34494e-4 0.998928 0.0462535 -0.001872599 0.9989305 0.0462377 3.0261e-4 0.9988971 0.04620927 -0.008322954 0.9989305 0.04623818 -1.79327e-4 0.9987828 0.04617279 0.01735377 0.9989305 0.0462377 -6.72468e-5 0.9989294 0.0462628 2.96557e-4 0.9989305 0.04623752 1.90532e-4 0.9988589 0.0462746 -0.0118106 0.9989306 0.04623693 1.90529e-4 0.9987632 0.04624468 -0.01826679 0.9989305 0.04623812 1.457e-4 0.9989246 0.04623132 0.003543019 0.9989305 0.04623812 5.60386e-5 0.9989252 0.04623138 -0.003371357 0.9989305 0.04623794 -5.60384e-5 0.9989135 0.04625165 -0.005730688 0.9989306 0.04623693 1.00868e-4 0.9989195 0.04628318 -0.004216074 0.9989305 0.04623812 1.00869e-4 0.998882 0.04616695 0.01017606 0.9989304 0.04623162 9.52104e-4 0.9989305 0.04623812 0 0.9989231 0.04625213 -0.003669559 0.9989262 0.04628056 -0.002139151 0.9989306 0.0462374 -5.60386e-5 0.9989308 0.04623162 2.02907e-4 0.9989305 0.04623806 0 0.9989305 0.04623162 -7.02372e-4 0.9989306 0.0462374 6.72463e-5 0.9989273 0.04628062 -0.001592636 0.9989306 0.04623699 2.24152e-5 0.9989294 0.0462495 -0.001077353 -0.03579056 0.9993594 0 -0.9989301 -0.04624688 0 -0.1086712 0.9940778 0 -0.1086712 0.9940778 0 -0.1074499 0.9942106 0 -0.1074498 0.9942106 0 -0.1092237 0.9940172 0 1 0 0 0.1084733 -0.9940994 0 0.9990699 0.04311913 0 0.04311913 -0.99907 0 -0.9989994 -0.04472535 0 -0.9989994 -0.04472535 0 -0.03372156 0.9994313 0 0.9989517 0.04577684 0 -0.1096308 0.9939724 0 -0.1096308 0.9939724 0 -0.9945735 -0.1040365 0 0.1106398 -0.9938607 0 0.1106398 -0.9938606 0 0.993265 0.1158653 0 0.120109 -0.9927607 0 -0.9926245 -0.1212306 0 -0.9926246 -0.1212291 0 -0.1448574 0.9894526 0 -0.1448576 0.9894526 0 0.9918305 0.1275633 0 0.9918308 0.1275607 0 -0.11085 0.9938372 0 -0.11085 0.9938372 0 0 0 1 0 0 1 -1.38442e-7 0 1 0 0 1 0 0 1 -3.22951e-7 0 1 2.56619e-7 0 1 -3.08344e-7 0 1 0 0 1 -3.88682e-7 0 1 0 0 1 0 0 1 3.21198e-7 0 1 0 0 1 0 0 1 0 0 1 0 0 1 0 0 1 0 0 1 0 0 1 0 0 1 0 0 1 1.38762e-7 0 1 -0.04614078 0.998935 0 -0.04614078 0.998935 0 0.9989351 0.04614025 0 0.04613983 -0.9989351 0 0.04614084 -0.998935 0 -0.0461418 0.998935 0 -0.0461418 0.998935 0 0 0 1 0.04613983 -0.9989351 0 -0.04613685 0.9989352 0 -0.04613685 0.9989352 0 0.9989351 0.04614019 0 0.9989351 0.04614013 0 0 0 1 0.04613888 -0.9989351 0 0.04613888 -0.9989351 0 -0.04613786 0.9989352 0 -0.04613786 0.9989352 0 0.9989351 0.04614019 0 0 0 1 0.04613989 -0.998935 0 0.04613989 -0.9989351 0 -0.0461409 0.9989351 0 -0.0461409 0.998935 0 0.9989351 0.04613989 0 0.9989351 0.04613983 0 0 0 1 0.04613894 -0.9989351 0 -0.04613995 0.998935 0 0.9989351 0.04613995 0 0.9989351 0.04613983 0 0.04614198 -0.998935 0 -0.04613894 0.9989351 0 0.9989351 0.04614037 0 0.9989351 0.04614025 0 0 0 1 0.046139 -0.9989351 0 0.046139 -0.9989351 0 -0.04613798 0.9989352 0 0 0 1 0 0 1 -0.046139 0.9989351 0 0.04614001 -0.998935 0 0 0 1 0.04614102 -0.9989349 0 0.04614102 -0.9989349 0 -0.04614001 0.998935 0 0 0 1 0 0 1 0.04614007 -0.998935 0 0.04614007 -0.998935 0 -0.04613709 0.9989351 0 -0.04613709 0.9989351 0 0 0 1 0.01577651 -0.05798739 0.9981927 -0.04614007 0.998935 0 -0.04614013 0.9989351 0 0.0461421 -0.998935 0 0.04614216 -0.9989349 0 -0.04614114 0.9989349 0 -0.04614114 0.9989349 0 0.9989351 0.04614037 0 0 0 1 0.04614317 -0.9989349 0 -0.04614216 0.998935 0 -0.04614216 0.9989349 0 0 0 1 -0.04613918 0.9989351 0 -0.04613918 0.9989351 0 0.04614222 -0.9989349 0 0.0461412 -0.998935 0 0.0461412 -0.998935 0 -0.04614019 0.998935 0 -0.04614019 0.998935 0 0 0 1 0.04614025 -0.9989351 0 0.04614025 -0.998935 0 -0.04614323 0.9989349 0 -0.04614323 0.9989349 0 0.9989351 0.04613971 0 0.04613727 -0.9989351 0 0.04613727 -0.9989352 0 -0.04614228 0.9989349 0 -0.04614228 0.9989349 0 0 0 1 0.01577895 -0.057989 0.9981926 -0.04614126 0.9989349 0 -0.04614132 0.998935 0 0.01577901 -0.0579878 0.9981927 -0.04614233 0.9989349 0 0.04614037 -0.9989351 0 0.04614037 -0.9989351 0 -0.04614132 0.998935 0 -0.04614132 0.9989349 0 0 0 1 0.04614037 -0.9989351 0 -0.04614239 0.9989349 0 0 0 1 0.01577985 -0.05798834 0.9981926 -0.04613941 0.9989351 0 0.04613941 -0.9989351 0 -0.0461384 0.9989351 0 -0.0461384 0.9989351 0 0.9989351 0.04614043 0 0 0 1 0.04614049 -0.998935 0 0.04614049 -0.998935 0 -0.04613947 0.9989351 0 -0.04613947 0.9989351 0 0 0 1 0.04614245 -0.9989349 0 0.04614251 -0.9989349 0 -0.04614049 0.9989351 0 -0.04614049 0.9989351 0 0.9989351 0.04614049 0 0 0 1 0.04613953 -0.9989351 0 -0.04613953 0.9989351 0 0.9989351 0.04614025 0 0.04614156 -0.998935 0 0.04614156 -0.9989349 0 -0.04613953 0.9989351 0 -0.04613953 0.9989351 0 0.9989351 0.04613888 0 0.9989351 0.04613924 0 0.04613959 -0.9989351 0 -0.04613858 0.9989351 0 0.01578176 -0.05798703 0.9981927 -0.04613959 0.9989351 0 -0.04613959 0.9989351 0 0.04614162 -0.9989349 0 -0.04614067 0.9989351 0 0 0 1 0.01578235 -0.05798733 0.9981926 -0.04613864 0.9989351 0 0.04614067 -0.998935 0 -0.04614067 0.9989349 0 0.9989351 0.04614007 0 0.0461387 -0.9989351 0 -0.04614073 0.998935 0 0.04613775 -0.9989352 0 -0.04613971 0.998935 0 0 0 1 0.04613876 -0.9989351 0 -0.04614078 0.998935 0 0 0 1 0 0 1 0.04613983 -0.998935 0 0.9989351 0.04614067 0 0 0 1 0.04614084 -0.9989351 0 -0.04613983 0.9989351 0 0 0 1 0 0 1 0.04613888 -0.9989351 0 0.04613888 -0.9989351 0 -0.04614186 0.998935 0 0 0 1 0.04613786 -0.9989352 0 -0.04613888 0.9989351 0 -0.04613888 0.9989351 0 0 0 1 0.04613894 -0.9989351 0 0.04613894 -0.9989351 0 -0.0461409 0.9989351 0 0 0 1 0.04613995 -0.998935 0 -0.04614192 0.998935 0 0 0 1 0 0 1 0.04614096 -0.998935 0 0.04614096 -0.998935 0 -0.04614198 0.9989349 0 -0.04614198 0.9989349 0 0 0 1 0.04614001 -0.9989351 0 -0.04613798 0.9989351 0 -0.04613798 0.9989351 0 0 0 1 0.04614001 -0.9989351 0 0.04614001 -0.998935 0 -0.046139 0.9989351 0 -0.04613906 0.9989351 0 0 0 1 0.04614204 -0.9989349 0 0.04614204 -0.998935 0 -0.04614007 0.9989351 0 -0.04614007 0.998935 0 0 0 1 -0.04613906 0.9989351 0 0.04613906 -0.9989351 0 0 0 1 0.04614108 -0.9989349 0 -0.04613912 0.9989351 0 -0.04613912 0.9989351 0 0.04613912 -0.9989351 0 -0.04613816 0.9989351 0 0 0 1 0.04614019 -0.9989351 0 0.04614019 -0.9989351 0 -0.04613918 0.9989351 0 -0.04613918 0.9989351 0 0.9989351 0.04613977 0 0 0 1 0.0461412 -0.9989349 0 -0.04614019 0.9989351 0 -0.04614019 0.9989351 0 0 0 1 0.04614222 -0.9989349 0 -0.0461412 0.9989349 0 -0.0461412 0.9989349 0 0 0 1 0.04614025 -0.998935 0 -0.04614025 0.9989351 0 -0.04614025 0.9989351 0 0 0 1 0 0 1 0.01578891 -0.05798786 0.9981925 -0.04614025 0.998935 0 -0.04614025 0.998935 0 0.04613733 -0.9989352 0 0.04613727 -0.9989351 0 -0.04613929 0.9989351 0 0 0 1 0.04614037 -0.9989351 0 -0.04614031 0.998935 0 -0.04614031 0.998935 0 0.04614239 -0.9989349 0 0.04614239 -0.9989349 0 -0.04614138 0.9989349 0 0.01037693 0.05919706 0.9981924 0.0461384 -0.9989351 0 -0.04613941 0.9989351 0 0 0 1 0.04613894 -0.9989351 0 0.04613894 -0.9989351 0 -0.04614144 0.9989349 0 0 0 1 0 0 1 0.04614096 -0.9989349 0 -0.04614198 0.9989349 0 0 0 1 0.04613852 -0.9989351 0 -0.04613995 0.998935 0 0.9989351 0.04613983 0 0 0 1 0.046139 -0.9989351 0 -0.04614102 0.998935 0 0.9989351 0.0461409 0 0 0 1 0.01579153 -0.05798739 0.9981925 -0.04614204 0.9989349 0 0 0 1 0.04614108 -0.9989349 0 -0.04614055 0.9989351 0 -0.04614055 0.9989351 0 0 0 1 0.04613959 -0.9989351 0 -0.04613906 0.9989351 0 0 0 1 0.04614061 -0.998935 0 -0.04614013 0.9989351 0 0 0 1 -0.04613864 0.9989351 0 0 0 1 0 0 1 0.04614007 -0.9989351 0 0.04613918 -0.9989351 0 0.04613918 -0.9989351 0 -0.04613959 0.9989351 0 0 0 1 0.04614084 -0.9989351 0 -0.0461412 0.9989349 0 0.01037168 0.05919593 0.9981925 0.04613995 -0.9989351 0 -0.04613786 0.9989352 0 0.01036572 0.05919587 0.9981926 -0.998935 -0.04614055 0 0.04613882 -0.9989351 0 -0.04613947 0.9989351 0 -0.04613947 0.9989351 0 0 0 1 -0.9986186 -0.0525459 0 0.05686926 0.01866537 -0.9982072 0.9986186 0.05254536 0 0.121671 -0.9925706 0 0.121671 -0.9925705 0 0 0 1 0 0 1 -0.0587818 -0.003093004 0.9982661 0.121682 -0.9925692 0 -0.05878174 -0.003092944 0.9982661 0.9986186 0.05254501 0 0.1216688 -0.9925708 0 -0.05878186 -0.003093004 0.9982662 0.9986186 0.05254572 0 -0.9986186 -0.05254578 0 0.9986186 0.0525459 0 -0.121671 0.9925706 0 0 0 1 0 0 1 -0.9986186 -0.05254518 0 0.9986187 0.05254465 0 -0.1216817 0.9925693 0 0.1216711 -0.9925705 0 0.1216708 -0.9925705 0 -0.9986187 -0.05254465 0 -0.9986187 -0.05254423 0 -0.1216714 0.9925705 0 -0.1216713 0.9925705 0 0.9986186 0.0525459 0 0.001912057 -0.01559859 -0.9998766 -0.9986187 -0.05254465 0 -0.0568692 -0.01866537 0.9982072 0.9986186 0.05254554 0 -0.1216711 0.9925705 0 -0.9986186 -0.05254483 0 -0.1216815 0.9925693 0 -0.1216812 0.9925693 0 0.1216701 -0.9925706 0 0 0 1 0 0 1 -0.1216696 0.9925708 0 -0.1216689 0.9925708 0 0.9986186 0.05254483 0 0.1216825 -0.9925691 0 0 0 1 -0.1216825 0.9925691 0 0.9986186 0.05254536 0 0.9986187 0.05254465 0 0.1216696 -0.9925708 0 0.1216689 -0.9925708 0 0 0 1 0.1216698 -0.9925706 0 -0.9986186 -0.05254536 0 -0.1216701 0.9925706 0 0 0 1 0.1216812 -0.9925693 0 -0.1216822 0.9925692 0 0 0 1 -0.9986184 -0.05254852 0 0.1216714 -0.9925705 0 0.001912236 -0.01559859 0.9998765 0.1216704 -0.9925706 0 -0.05878144 -0.003092825 0.9982661 -0.05878221 -0.003092885 0.9982661 -0.1216722 0.9925704 0 -0.1216828 0.992569 0 0.001912236 -0.01559865 0.9998765 0.1216828 -0.992569 0 -0.1216718 0.9925704 0 -0.1216808 0.9925694 0 0.1216808 -0.9925694 0 0.1216815 -0.9925693 0 0 0 1 0.1216703 -0.9925706 0 0 0 1 0.1216822 -0.9925692 0 -0.05878227 -0.003093063 0.9982661 -0.0587821 -0.003092944 0.9982662 0.9986186 0.05254387 0 0.121683 -0.992569 0 -0.05878162 -0.003092944 0.9982661 -0.1216704 0.9925706 0 -0.05878221 -0.003093183 0.9982661 0.9986184 0.0525484 0 0.05686968 0.01866543 0.9982072 0 0 1 0.05686986 0.01866543 0.9982072 0.001912236 -0.01559853 0.9998765 -0.9986186 -0.05254387 0 0.0568692 0.01866549 -0.9982072 0 0 1 -0.1216725 0.9925704 0 -0.9986186 -0.05254554 0 -0.9986186 -0.05254405 0 0 0 1 0.001912236 -0.01559859 -0.9998765 -0.9986184 -0.0525484 0 0.9986186 0.05254405 0 0.9986186 0.05254703 0 -0.0587812 -0.003092825 0.9982662 -0.1216802 0.9925695 0 -0.9986186 -0.05254685 0 0.9986184 0.05255001 0 -0.05878216 -0.003092885 -0.9982661 -0.05686944 -0.01866525 0.9982072 -0.1216835 0.992569 0 0.9986185 0.05254685 0 0 0 1 -0.9986188 -0.05254256 0 -0.0568692 -0.01866513 0.9982072 -0.9986185 -0.05254685 0 0.1216802 -0.9925695 0 0 0 1 0.9986184 0.05254834 0 0 0 1 -0.05878204 -0.003092944 -0.9982661 -0.05687004 -0.01866525 0.9982072 -0.9986188 -0.05254089 0 -0.9986187 -0.05254238 0 -0.9986186 -0.05254703 0 -0.1216837 0.992569 0 0.9986187 0.05254387 0 0.9986186 0.05254685 0 0 0 1 0.1216837 -0.992569 0 -0.05878162 -0.003092944 0.9982661 0 0 1 -0.1216682 0.9925708 0 0.9986188 0.05254256 0 0.9986187 0.05254238 0 0 0 1 0.9986183 0.0525515 0 0 0 1 0 0 1 -0.05878227 -0.003092825 0.9982661 0.1216726 -0.9925704 0 -0.0587821 -0.003093004 0.9982661 0 0 1 -0.9986187 -0.05254238 0 0 0 1 0.001912236 -0.01559853 -0.9998765 0.05686914 0.01866549 -0.9982072 0 0 1 0.05686974 0.01866573 -0.9982072 -0.05878216 -0.003092825 -0.9982661 -0.05686974 -0.01866537 0.9982072 -0.1216806 0.9925694 0 -0.05878239 -0.003092825 -0.9982661 -0.05686902 -0.01866513 0.9982072 -0.1216687 0.9925708 0 0.9986186 0.0525456 0 0 0 1 -0.1216793 0.9925696 0 0.05686891 0.01866549 0.9982072 -0.9986186 -0.05254542 0 0.9986184 0.05254858 0 0 0 1 0.9986186 0.0525453 0 -0.121685 0.9925688 0 0.1216732 -0.9925703 0 0 0 1 0 0 1 0.05686908 0.01866537 -0.9982072 0 0 1 0 0 1 0.001912295 -0.01559853 -0.9998766 -0.9986187 -0.05254262 0 -0.9986184 -0.05254858 0 0.9986183 0.05255132 0 0 0 1 0.001912295 -0.01559889 -0.9998766 0.9986184 0.05254852 0 0.001912117 -0.01559895 -0.9998766 0.0568695 0.01866531 -0.9982072 0.1216682 -0.9925708 0 -0.05878156 -0.003092944 0.9982661 -0.05878198 -0.003093004 0.9982662 0.9986187 0.05254238 0 0 0 1 -0.9986189 -0.05253946 0 -0.05686855 -0.01866537 0.9982073 0.9986187 0.05254256 0 0.9986184 0.05254852 0 -0.05878198 -0.003093123 -0.9982662 -0.05686902 -0.01866519 0.9982072 0.05686926 0.01866549 0.9982072 0.1216842 -0.9925689 0 0 0 1 0.05686914 0.01866555 0.9982072 0 0 1 -0.9986184 -0.05254834 0 -0.121666 0.9925712 0 0 0 1 -0.05878102 -0.003092586 0.9982662 -0.9986187 -0.05254256 0 -0.05878108 -0.003092586 0.9982662 -0.1216824 0.9925691 0 -0.9986184 -0.05254852 0 -0.9986183 -0.0525515 0 -0.05686897 -0.01866513 0.9982072 -0.9986189 -0.0525394 0 -0.1216745 0.9925701 0 0.001912117 -0.01559853 0.9998765 -0.9986186 -0.0525453 0 -0.05686938 -0.01866561 0.9982072 -0.1216732 0.9925703 0 0.001912117 -0.01559871 0.9998765 -0.05686914 -0.01866537 0.9982072 0.001912117 -0.01559877 0.9998766 0.001912295 -0.01559859 0.9998765 -0.05686974 -0.01866525 0.9982072 -0.1216864 0.9925687 0 0.9986183 0.05255132 0 -0.1216691 0.9925708 0 0.001912057 -0.01559889 0.9998766 -0.1216878 0.9925685 0 0.001912295 -0.01559835 0.9998766 0.9986186 0.05254542 0 0.001912236 -0.01559889 0.9998765 -0.05878156 -0.003093302 -0.9982661 -0.05686867 -0.01866543 0.9982073 0.05686968 0.01866537 0.9982072 0.9986186 0.05254548 0 0 0 1 -0.1216779 0.9925697 0 0.9986183 0.05255138 0 -0.05878204 -0.003093302 0.9982661 0.9986189 0.05253958 0 -0.9986183 -0.05255138 0 0 0 1 -0.1216834 0.992569 0 0.001912236 -0.01559847 0.9998766 -0.05686914 -0.01866519 0.9982072 0.9986189 0.0525394 0 0.001912295 -0.01559853 0.9998766 0.001912057 -0.01559871 0.9998765 0.001912057 -0.01559817 0.9998766 0.9932668 0.1158496 0 -0.993261 -0.1158996 0 -0.01120281 -0.005500972 -0.9999222 0.1201076 -0.9927609 0 0.9927599 0.1201167 0 -0.9927597 -0.1201177 0 -0.1201105 0.9927605 0 -0.1201103 0.9927607 0 0 0 1 0.1201071 -0.992761 0 -0.9927602 -0.1201143 0 -0.9927608 -0.1201088 0 0.1201069 -0.992761 0 -0.9927616 -0.1201022 0 -0.9927609 -0.1201077 0 0.9927623 0.1200956 0 -0.01386564 -0.06081491 -0.9980528 -0.12011 0.9927607 0 0 0 1 0.9927609 0.1201077 0 -0.01386576 -0.06081533 -0.9980528 -0.0279687 0.05575418 0.9980528 0 0 1 -0.1201069 0.992761 0 -0.01386541 -0.06081485 0.9980527 -0.01216679 0.002774119 -0.9999222 0.01120144 0.005500435 -0.9999222 -0.01120156 -0.005500137 -0.9999222 -0.01120162 -0.005500257 0.9999222 -0.9932667 -0.1158514 0 0.01120144 0.005500197 -0.9999222 -0.01120167 -0.005500316 -0.9999222 -0.01120293 -0.005500733 0.9999221 -0.9932656 -0.1158593 0 4.82821e-4 -0.004137516 -0.9999914 0 0 1 -0.0112015 -0.005500435 0.9999222 0.01216679 -0.002774119 0.9999222 0 0 1 -0.01120167 -0.005500435 0.9999222 0.0121684 -0.002774536 0.9999222 0.01120156 0.005500197 -0.9999222 -0.0112015 -0.005500257 -0.9999222 4.82794e-4 -0.004137516 -0.9999914 4.82733e-4 -0.004137694 0.9999914 0.01120156 0.005500197 -0.9999222 -0.01120162 -0.005500257 -0.9999222 0.9932668 0.1158499 0 -0.01216685 0.002774477 -0.9999222 0.01216679 -0.002774178 0.9999222 -0.01120162 -0.005500197 0.9999222 -0.01216667 0.002774655 -0.9999222 0.0121681 -0.002774477 0.9999222 -0.01120156 -0.005500197 0.9999222 0.0587818 0.003092944 -0.9982662 0.998935 0.04614025 0 -0.01035851 -0.05919557 0.9981927 0.9989351 0.04613953 0 -0.01577121 0.0579887 0.9981927 -0.01577115 0.05798876 0.9981927 -0.01577115 0.0579887 0.9981927 0.01577115 -0.0579887 -0.9981927 -0.01035851 -0.05919557 0.9981927 0.9989351 0.04614037 0 -0.01035845 -0.05919528 0.9981927 -0.01577126 0.05798876 0.9981927 -0.01577121 0.0579887 0.9981927 0.01577109 -0.05798876 -0.9981927 -0.01035857 -0.05919557 0.9981927 0.01035857 0.05919563 0.9981927 0.01035851 0.05919528 0.9981927 -0.01577109 0.05798858 0.9981927 0.9989351 0.04613882 0 0.9989351 0.04614025 0 -0.01035839 -0.05919539 0.9981927 -0.01035863 -0.05919599 0.9981927 0.01577109 -0.05798852 -0.9981927 -0.01035845 -0.05919516 0.9981927 0.05878025 0.003094315 -0.9982662 0.05878061 0.003092288 -0.9982662 0.05878114 0.003091871 -0.9982662 0.05878061 0.003092527 -0.9982662 0.05878043 0.003092348 -0.9982662 0.05878043 0.003092408 -0.9982662 0.01578611 -0.0579881 -0.9981925 0.01578485 -0.0579884 -0.9981925 0.01577383 -0.0579884 -0.9981927 0.01218163 -0.002899467 -0.9999216 0.01216995 -0.002800881 -0.999922 0.9932649 0.1158663 0 0.01217454 -0.00283569 0.9999219 0.9932655 0.1158616 0 0.9932651 0.115864 0 0.9932651 0.1158639 0 0.9932649 0.1158666 0 0.01218152 -0.002897024 0.9999216 0.01218086 -0.002890408 0.9999217 0.01218032 -0.002888143 0.9999216 0.1158638 -0.9932652 0 0.01217925 -0.002881705 0.9999217 0.01217877 -0.002877056 0.9999218 0.01217997 -0.002875089 0.9999217 0.01217794 -0.002870798 0.9999217 0.01217746 -0.002866327 0.9999218 0.01217734 -0.00286436 0.9999218 0.01217836 -0.002862095 0.9999218 0.01217675 -0.00285989 0.9999218 0.01217621 -0.002855479 0.9999219 0.1158823 -0.993263 0 0.01217615 -0.002853631 0.9999218 0.01217722 -0.002851247 0.9999218 0.01217693 -0.002848923 0.9999219 0.01217508 -0.002844631 0.9999219 0.01217484 -0.002842605 0.9999219 0.01217567 -0.002838134 0.9999219 0.01217365 -0.002833962 0.9999219 0.9932686 0.1158346 0 0.01217305 -0.002827584 0.9999219 0.9932675 0.1158443 0 0.1168201 -0.9931531 0 -0.05684375 -0.01886916 0.9982048 -0.05684185 -0.01888626 0.9982045 -0.05684024 -0.01889079 0.9982047 -0.05684089 -0.01889544 0.9982045 -0.05683952 -0.01889723 0.9982045 -0.05683821 -0.01890641 0.9982045 -0.9986193 -0.05253207 0 -0.05683773 -0.01891291 0.9982043 -0.05683696 -0.01891708 0.9982042 -0.05684381 -0.0189194 0.9982038 -0.05683743 -0.01892024 0.9982042 -0.05683594 -0.01892346 0.9982042 -0.05684226 -0.01892548 0.9982038 -0.05683583 -0.01892846 0.9982041 -0.05684226 -0.01893073 0.9982037 -0.05683374 -0.01894569 0.9982039 -0.05683428 -0.01894772 0.9982038 -0.05683267 -0.0189498 0.9982039 0.1216799 -0.9925695 0 -0.05683177 -0.01896131 0.9982038 -0.9986196 -0.05252718 0 -0.05682933 -0.01897919 0.9982035 -0.05682921 -0.01898062 0.9982035 -0.05683076 -0.01897495 0.9982036 -0.05683094 -0.01896733 0.9982036 -0.05683624 -0.01892369 0.9982042 -0.05684405 -0.01891732 0.9982039 -0.0568391 -0.01891028 0.9982042 -0.05684679 -0.01890432 0.9982039 -0.05683976 -0.01889455 0.9982045 -0.05684041 -0.01888793 0.9982047 -0.05684179 -0.01888096 0.9982047 -0.05684345 -0.01886588 0.9982048 -0.05684423 -0.01885896 0.998205 -0.05684584 -0.01885098 0.9982051 -0.05684632 -0.01883667 0.9982053 -0.05684822 -0.01883053 0.9982053 -0.05684912 -0.01882201 0.9982054 -0.05685043 -0.01880836 0.9982056 -0.05685132 -0.01880162 0.9982056 -0.05685222 -0.0187931 0.9982057 -0.05685287 -0.01878845 0.9982059 -0.05686098 -0.01878231 0.9982054 -0.05685508 -0.01877337 0.998206 -0.05686265 -0.01876699 0.9982056 -0.0568577 -0.01875883 0.9982061 -0.9986174 -0.05256801 0 -0.05685764 -0.01874512 0.9982064 -0.05686569 -0.01873874 0.998206 -0.05686008 -0.0187298 0.9982064 -0.05686068 -0.01872485 0.9982066 -0.05686211 -0.01871663 0.9982067 -0.05686306 -0.01871025 0.9982067 -0.05686396 -0.01870226 0.9982067 -0.9986172 -0.05257046 0 -0.05686545 -0.01868844 0.998207 -0.05686652 -0.01868224 0.998207 -0.05686718 -0.01867347 0.9982071 -0.05686706 -0.01866787 0.9982073 -0.03527104 0.3374642 0.9406774 0.01577353 -0.05798864 0.9981927 0.01577574 -0.05798798 0.9981926 0.04613912 -0.9989351 0 0.0157777 -0.05798912 -0.9981926 0.01577788 -0.05798888 0.9981926 0.04614031 -0.998935 0 0.04613929 -0.9989351 0 0.0461384 -0.9989351 0 0.01578092 -0.05798739 0.9981926 0.01578134 -0.05798697 0.9981927 0.04614061 -0.9989351 0 0.04614067 -0.9989351 0 0.01578283 -0.05798774 0.9981926 0.01578319 -0.05798858 0.9981925 0.01578694 -0.05798798 0.9981924 0.01578754 -0.05798888 0.9981924 0.04613929 -0.9989351 0 0 0 1 0.04614001 -0.998935 0 0.01579201 -0.05798786 0.9981924 0.01579225 -0.05798792 0.9981924 0.01579242 -0.05798715 0.9981925 0.010378 0.05919629 0.9981925 -0.121682 0.9925692 0 -0.05686956 -0.01866543 -0.9982072 -0.001912057 0.01559865 0.9998766 0.05686938 0.01866537 -0.9982072 -0.05686944 -0.01866537 -0.9982072 -0.001912236 0.01559865 0.9998765 0.0568692 0.01866537 -0.9982072 -0.05686938 -0.01866543 -0.9982072 -0.001912057 0.01559865 0.9998765 0.05686926 0.01866537 -0.9982072 0.05686944 0.01866543 -0.9982072 0.0568692 0.01866531 -0.9982072 0.0587818 0.003092885 -0.9982661 0.1216818 -0.9925693 0 0.05686944 0.01866543 -0.9982072 -0.05686908 -0.01866531 -0.9982072 0.0568692 0.01866537 0.9982072 -0.05686891 -0.01866537 -0.9982072 0.05686879 0.01866531 0.9982072 -0.05686986 -0.01866549 -0.9982072 0.05686956 0.01866531 0.9982072 -0.0568695 -0.01866537 -0.9982072 0.05878227 0.003093183 0.9982661 -0.05686908 -0.01866537 -0.9982072 -0.001912057 0.01559859 0.9998765 0.05686908 0.01866531 -0.9982072 -0.0568695 -0.01866537 -0.9982072 -0.001912236 0.01559859 0.9998765 0.05878227 0.003093063 0.9982661 -0.05686962 -0.01866537 -0.9982072 0.05686974 0.01866543 0.9982072 0.05686902 0.01866531 0.9982072 -0.0568698 -0.01866549 -0.9982072 0.05686956 0.01866525 0.9982072 -0.001912236 0.01559865 0.9998765 -0.05686986 -0.01866543 -0.9982072 -0.001912117 0.01559871 0.9998766 0.0568695 0.01866531 -0.9982072 -0.05686873 -0.01866525 -0.9982072 -0.001912295 0.01559859 0.9998766 -0.0568692 -0.01866543 -0.9982072 -0.001912057 0.01559865 0.9998765 0.0587815 0.003092944 0.9982662 0.05878216 0.003092885 -0.9982661 -0.0568695 -0.01866549 -0.9982072 -0.0568692 -0.01866549 -0.9982072 -0.001912057 0.01559865 0.9998766 -0.05686902 -0.01866525 -0.9982072 0.05686974 0.01866549 0.9982072 -0.001912295 0.01559853 -0.9998765 0.1216844 -0.9925689 0 0.05686891 0.01866555 -0.9982072 -0.05686891 -0.01866531 -0.9982072 -0.001912117 0.01559853 -0.9998765 -0.0568692 -0.01866531 -0.9982072 -0.05686891 -0.01866531 -0.9982072 -0.001912295 0.01559853 0.9998766 0.0568692 0.01866543 -0.9982072 0.05686944 0.01866549 0.9982072 -0.05686944 -0.01866549 -0.9982072 -0.05686902 -0.01866531 -0.9982072 -0.0568692 -0.01866561 -0.9982072 0.05686992 0.01866567 -0.9982071 -0.05686992 -0.01866531 -0.9982071 -0.001912117 0.01559847 0.9998766 0.05686968 0.01866519 -0.9982072 -0.0568692 -0.01866525 -0.9982072 -0.001912117 0.01559865 0.9998766 0.0568692 0.01866561 -0.9982072 0.05686962 0.01866555 -0.9982072 0.05686962 0.01866555 -0.9982072 0.0587815 0.003092765 -0.9982661 -0.121674 0.9925702 0 -0.001912057 0.01559841 -0.9998766 -0.001912236 0.01559859 -0.9998765 0.05686998 0.01866567 -0.9982072 0.05686956 0.01866531 -0.9982072 0.05878144 0.003092944 -0.9982661 0.05878162 0.003093123 -0.9982661 0.05878221 0.003093302 -0.9982661 -0.05686926 -0.01866537 -0.9982072 -0.001912057 0.01559859 0.9998766 -0.05686897 -0.01866531 -0.9982072 -0.001912236 0.01559859 0.9998765 0.1216771 -0.9925698 0 -0.001912236 0.01559859 -0.9998765 0.05686944 0.01866567 0.9982072 0.0568698 0.01866525 0.9982072 0.0568698 0.01866525 0.9982072 -0.05686908 -0.01866573 -0.9982072 -0.001912057 0.01559859 0.9998766 -0.0568695 -0.01866549 -0.9982072 -0.001912236 0.01559835 0.9998766 0.05878257 0.003092646 0.9982661 0.05686938 0.01866543 -0.9982072 0.05878204 0.003093123 0.9982661 0.05686897 0.01866513 -0.9982072 0.0587821 0.003093123 0.9982661 0.0587821 0.003093004 0.9982662 0.05878144 0.003092944 0.9982661 0.05878204 0.003092646 0.9982661 0.05878216 0.003093302 0.9982661 -0.001912057 0.01559901 -0.9998765 0.05686914 0.01866555 0.9982072 -0.05686962 -0.01866537 -0.9982072 -0.001912236 0.01559895 0.9998765 0.05878323 0.003093421 0.998266 0.05878227 0.003093361 0.9982661 0.05878221 0.003093004 0.9982661 0.02796816 -0.05575221 -0.9980528 0.0279684 -0.05575376 -0.9980528 0.01386564 0.06081593 0.9980528 0.0279684 -0.0557534 -0.9980528 0.01386564 0.06081473 0.9980527 0.02796882 -0.05575388 -0.9980527 0.01386541 0.06081289 0.998053</float_array>
          <technique_common>
            <accessor source="#Compound_002-mesh-normals-array" count="3092" stride="3">
              <param name="X" type="float"/>
              <param name="Y" type="float"/>
              <param name="Z" type="float"/>
            </accessor>
          </technique_common>
        </source>
        <vertices id="Compound_002-mesh-vertices">
          <input semantic="POSITION" source="#Compound_002-mesh-positions"/>
        </vertices>
        <triangles material="Compound_002-material" count="6804">
          <input semantic="VERTEX" source="#Compound_002-mesh-vertices" offset="0"/>
          <input semantic="NORMAL" source="#Compound_002-mesh-normals" offset="1"/>
          <p>0 0 1 0 2 0 3 0 1 0 0 0 1 1 4 1 2 1 4 2 5 2 6 2 5 3 0 3 6 3 5 4 3 4 0 4 5 5 1 5 3 5 6 6 0 6 4 6 4 6 0 6 2 6 9 7 7 7 8 7 7 8 11 8 8 8 8 9 10 9 9 9 9 10 11 10 12 10 10 11 11 11 9 11 8 12 11 12 10 12 13 13 19 13 18 13 13 14 15 14 14 14 15 15 16 15 14 15 15 16 17 16 16 16 16 17 18 17 19 17 17 18 18 18 16 18 15 5 13 5 18 5 15 19 18 19 17 19 19 6 14 6 16 6 24 20 21 20 23 20 22 21 21 21 20 21 23 22 25 22 24 22 20 23 25 23 22 23 22 24 25 24 23 24 21 5 22 5 23 5 26 25 27 25 28 25 29 25 27 25 26 25 27 26 30 26 28 26 27 27 31 27 30 27 31 28 32 28 30 28 32 29 29 29 26 29 27 5 29 5 31 5 32 6 26 6 30 6 26 6 28 6 30 6 33 21 34 21 35 21 36 21 34 21 33 21 34 30 37 30 35 30 34 30 38 30 37 30 38 22 39 22 37 22 36 31 39 31 38 31 34 5 36 5 38 5 39 6 33 6 37 6 33 6 35 6 37 6 44 32 41 32 43 32 42 33 41 33 40 33 43 10 45 10 44 10 40 34 45 34 42 34 42 35 45 35 43 35 41 5 42 5 43 5 46 36 47 36 48 36 49 37 47 37 46 37 47 38 50 38 48 38 47 38 51 38 50 38 51 39 52 39 50 39 52 40 49 40 46 40 47 41 49 41 51 41 52 6 46 6 50 6 46 6 48 6 50 6 53 33 54 33 55 33 56 14 54 14 53 14 54 42 57 42 55 42 54 9 58 9 57 9 58 11 59 11 57 11 56 43 59 43 58 43 54 5 56 5 58 5 59 6 53 6 57 6 53 6 55 6 57 6 60 44 61 44 62 44 63 45 61 45 60 45 60 46 64 46 65 46 61 47 64 47 62 47 65 48 63 48 60 48 64 49 63 49 65 49 66 21 67 21 68 21 69 50 67 50 66 50 67 20 70 20 68 20 67 51 71 51 70 51 71 28 72 28 70 28 72 52 69 52 66 52 67 5 69 5 71 5 72 6 66 6 70 6 66 6 68 6 70 6 73 53 74 53 75 53 76 53 74 53 73 53 74 54 77 54 75 54 77 10 78 10 79 10 78 55 73 55 79 55 78 56 76 56 73 56 78 57 74 57 76 57 79 6 73 6 77 6 73 6 75 6 77 6 80 14 81 14 82 14 83 33 81 33 80 33 85 58 82 58 84 58 81 59 84 59 82 59 85 60 83 60 80 60 84 61 83 61 85 61 86 50 87 50 88 50 89 21 87 21 86 21 87 62 90 62 88 62 87 63 91 63 90 63 91 11 92 11 90 11 92 34 89 34 86 34 87 5 89 5 91 5 92 6 86 6 90 6 86 6 88 6 90 6 93 64 94 64 95 64 96 65 94 65 93 65 94 66 97 66 95 66 97 18 98 18 99 18 98 67 93 67 99 67 98 68 96 68 93 68 98 69 94 69 96 69 99 6 93 6 97 6 93 6 95 6 97 6 104 42 101 42 103 42 102 33 101 33 100 33 103 70 105 70 104 70 100 71 105 71 102 71 102 72 105 72 103 72 101 5 102 5 103 5 106 73 107 73 108 73 109 74 107 74 106 74 106 75 110 75 111 75 107 76 110 76 108 76 111 77 109 77 106 77 110 78 109 78 111 78 112 21 113 21 114 21 115 79 113 79 112 79 113 9 116 9 114 9 116 10 117 10 118 10 117 80 112 80 118 80 117 81 115 81 112 81 116 82 115 82 117 82 118 6 112 6 116 6 112 6 114 6 116 6 123 83 120 83 122 83 121 14 120 14 119 14 122 10 124 10 123 10 119 56 124 56 121 56 121 84 124 84 122 84 120 5 121 5 122 5 125 85 126 85 127 85 125 14 128 14 126 14 129 86 128 86 130 86 129 87 130 87 131 87 131 88 125 88 127 88 130 89 125 89 131 89 128 5 125 5 130 5 131 6 126 6 129 6 127 6 126 6 131 6 132 90 138 90 137 90 132 50 134 50 133 50 134 62 135 62 133 62 134 63 136 63 135 63 135 22 137 22 138 22 136 28 137 28 135 28 134 5 132 5 137 5 134 91 137 91 136 91 138 6 133 6 135 6 139 92 140 92 141 92 139 93 142 93 140 93 142 94 143 94 140 94 143 22 145 22 144 22 144 95 139 95 141 95 145 96 139 96 144 96 142 5 139 5 145 5 144 6 140 6 143 6 141 6 140 6 144 6 146 14 147 14 148 14 146 85 149 85 147 85 147 97 150 97 151 97 149 97 150 97 147 97 150 10 152 10 151 10 152 98 146 98 148 98 146 5 150 5 149 5 152 6 147 6 151 6 148 6 147 6 152 6 153 77 159 77 158 77 153 99 155 99 154 99 155 100 156 100 154 100 155 101 157 101 156 101 156 11 158 11 159 11 157 10 158 10 156 10 155 5 153 5 158 5 155 102 158 102 157 102 159 6 154 6 156 6 160 14 161 14 162 14 160 33 163 33 161 33 163 51 164 51 161 51 164 18 166 18 165 18 165 89 160 89 162 89 166 88 160 88 165 88 163 5 160 5 166 5 165 6 161 6 164 6 162 6 161 6 165 6 167 21 168 21 169 21 167 103 170 103 168 103 168 16 171 16 172 16 170 16 171 16 168 16 171 22 173 22 172 22 173 104 167 104 169 104 167 5 171 5 170 5 173 6 168 6 172 6 169 6 168 6 173 6 174 105 175 105 176 105 177 106 175 106 174 106 175 107 178 107 176 107 175 108 179 108 178 108 179 109 180 109 178 109 180 110 177 110 174 110 175 111 177 111 180 111 179 5 175 5 180 5 180 112 176 112 178 112 181 113 182 113 183 113 184 114 182 114 181 114 182 115 185 115 183 115 182 115 186 115 185 115 186 116 187 116 185 116 184 117 187 117 186 117 184 5 186 5 182 5 185 6 181 6 183 6 185 6 187 6 181 6 188 118 189 118 190 118 189 119 192 119 191 119 192 120 193 120 191 120 188 121 193 121 192 121 191 6 190 6 189 6 191 6 193 6 190 6 194 122 195 122 196 122 197 123 195 123 194 123 195 124 198 124 196 124 198 125 199 125 200 125 199 126 194 126 200 126 199 126 197 126 194 126 199 5 195 5 197 5 198 6 194 6 196 6 198 6 200 6 194 6 201 127 202 127 203 127 204 127 202 127 201 127 202 128 205 128 203 128 202 129 206 129 205 129 206 130 207 130 205 130 204 131 207 131 206 131 204 5 206 5 202 5 205 6 201 6 203 6 205 6 207 6 201 6 208 122 209 122 210 122 211 122 209 122 208 122 209 132 212 132 210 132 209 132 213 132 212 132 213 133 214 133 212 133 211 134 214 134 213 134 211 5 213 5 209 5 212 6 208 6 210 6 212 6 214 6 208 6 215 135 216 135 217 135 218 118 216 118 215 118 216 136 219 136 217 136 219 130 220 130 221 130 220 137 215 137 221 137 220 138 218 138 215 138 220 139 216 139 218 139 219 6 215 6 217 6 219 6 221 6 215 6 222 122 223 122 224 122 225 122 223 122 222 122 223 136 226 136 224 136 223 129 227 129 226 129 227 140 228 140 226 140 227 141 229 141 228 141 228 138 225 138 222 138 229 142 225 142 228 142 225 5 227 5 223 5 229 5 227 5 225 5 226 6 222 6 224 6 226 6 228 6 222 6 230 118 231 118 232 118 233 143 231 143 230 143 231 129 234 129 232 129 234 144 235 144 236 144 235 142 230 142 236 142 235 137 233 137 230 137 235 139 231 139 233 139 234 6 230 6 232 6 234 6 236 6 230 6 241 6 238 6 239 6 238 145 240 145 239 145 240 146 241 146 239 146 240 147 242 147 241 147 242 142 237 142 241 142 242 5 240 5 237 5 243 148 244 148 245 148 246 149 244 149 243 149 244 150 247 150 245 150 244 151 248 151 247 151 248 144 249 144 247 144 246 152 249 152 248 152 246 5 248 5 244 5 247 6 243 6 245 6 247 6 249 6 243 6 250 153 251 153 252 153 251 154 254 154 253 154 253 155 255 155 256 155 254 156 255 156 253 156 255 157 252 157 256 157 255 158 250 158 252 158 255 159 254 159 250 159 253 6 252 6 251 6 253 6 256 6 252 6 257 118 258 118 259 118 260 143 258 143 257 143 258 160 261 160 259 160 261 161 262 161 263 161 262 162 257 162 263 162 262 163 260 163 257 163 262 164 258 164 260 164 261 6 257 6 259 6 261 6 263 6 257 6 264 165 265 165 266 165 267 165 265 165 264 165 265 166 268 166 266 166 268 167 269 167 270 167 269 168 264 168 270 168 269 169 267 169 264 169 269 5 265 5 267 5 268 6 264 6 266 6 268 6 270 6 264 6 275 6 272 6 273 6 272 170 274 170 273 170 274 171 275 171 273 171 276 165 277 165 278 165 279 172 277 172 276 172 277 151 280 151 278 151 277 170 281 170 280 170 281 173 282 173 280 173 279 174 282 174 281 174 279 5 281 5 277 5 280 6 276 6 278 6 280 6 282 6 276 6 283 175 284 175 285 175 286 175 284 175 283 175 284 170 287 170 285 170 284 151 288 151 287 151 288 176 289 176 287 176 289 177 286 177 283 177 286 5 288 5 284 5 287 6 283 6 285 6 287 6 289 6 283 6 290 175 291 175 292 175 293 178 291 178 290 178 291 151 294 151 292 151 294 179 295 179 296 179 295 180 290 180 296 180 295 180 293 180 290 180 295 5 291 5 293 5 294 6 290 6 292 6 294 6 296 6 290 6 297 165 298 165 299 165 300 172 298 172 297 172 298 170 301 170 299 170 298 170 302 170 301 170 302 181 303 181 301 181 300 182 303 182 302 182 300 5 302 5 298 5 301 6 297 6 299 6 301 6 303 6 297 6 304 183 305 183 306 183 307 183 305 183 304 183 305 184 308 184 306 184 305 184 309 184 308 184 309 185 310 185 308 185 307 186 310 186 309 186 307 5 309 5 305 5 308 6 304 6 306 6 308 6 310 6 304 6 311 187 312 187 313 187 314 187 312 187 311 187 312 188 315 188 313 188 312 188 316 188 315 188 316 189 317 189 315 189 314 190 317 190 316 190 314 5 316 5 312 5 315 6 311 6 313 6 315 6 317 6 311 6 318 191 319 191 320 191 319 170 322 170 321 170 321 192 323 192 324 192 322 192 323 192 321 192 323 177 320 177 324 177 323 177 318 177 320 177 323 5 322 5 318 5 321 6 320 6 319 6 321 6 324 6 320 6 325 187 326 187 327 187 326 188 329 188 328 188 329 193 330 193 328 193 325 194 330 194 329 194 328 6 327 6 326 6 328 6 330 6 327 6 335 6 332 6 333 6 332 188 334 188 333 188 334 195 335 195 333 195 334 193 336 193 335 193 336 177 331 177 335 177 336 5 334 5 331 5 337 191 338 191 339 191 340 196 338 196 337 196 338 170 341 170 339 170 338 170 342 170 341 170 342 192 343 192 341 192 340 197 343 197 342 197 340 5 342 5 338 5 341 6 337 6 339 6 341 6 343 6 337 6 344 198 345 198 346 198 344 199 346 199 347 199 348 200 344 200 349 200 348 201 345 201 344 201 348 202 349 202 350 202 351 203 350 203 352 203 353 204 348 204 350 204 353 205 350 205 351 205 346 206 354 206 355 206 345 207 354 207 346 207 354 208 351 208 355 208 354 209 353 209 351 209 353 5 354 5 345 5 353 210 345 210 348 210 356 211 357 211 358 211 359 212 356 212 360 212 361 213 356 213 359 213 361 214 357 214 356 214 358 215 362 215 363 215 357 216 362 216 358 216 364 217 365 217 366 217 364 218 366 218 367 218 362 219 364 219 363 219 362 220 365 220 364 220 365 206 359 206 366 206 365 207 361 207 359 207 357 5 361 5 365 5 357 221 365 221 362 221 368 222 369 222 370 222 371 223 368 223 372 223 373 224 368 224 371 224 373 225 369 225 368 225 370 226 374 226 375 226 369 227 374 227 370 227 376 228 377 228 378 228 376 229 378 229 379 229 374 230 376 230 375 230 374 231 377 231 376 231 378 206 373 206 371 206 377 232 373 232 378 232 369 5 373 5 377 5 369 233 377 233 374 233 380 234 381 234 382 234 380 235 382 235 383 235 384 236 380 236 385 236 384 237 381 237 380 237 381 238 386 238 382 238 381 239 387 239 386 239 386 206 388 206 389 206 387 207 388 207 386 207 390 240 384 240 385 240 389 241 390 241 391 241 388 242 390 242 389 242 388 243 384 243 390 243 381 5 388 5 387 5 384 210 388 210 381 210 350 244 392 244 393 244 350 245 393 245 352 245 394 6 395 6 396 6 395 6 397 6 396 6 396 6 398 6 399 6 396 6 399 6 400 6 396 6 400 6 401 6 396 6 401 6 402 6 396 6 402 6 403 6 396 6 403 6 404 6 396 6 404 6 405 6 396 6 405 6 406 6 396 6 406 6 407 6 396 6 407 6 408 6 396 6 408 6 409 6 396 6 409 6 410 6 396 6 410 6 411 6 396 6 411 6 412 6 396 6 412 6 413 6 396 6 413 6 414 6 396 6 414 6 415 6 396 6 415 6 416 6 396 6 416 6 417 6 396 6 417 6 418 6 396 6 418 6 419 6 396 6 419 6 420 6 396 6 420 6 421 6 396 6 421 6 422 6 423 6 424 6 425 6 396 6 422 6 426 6 396 6 426 6 427 6 396 6 427 6 428 6 396 6 428 6 429 6 396 6 429 6 430 6 396 6 430 6 431 6 396 6 431 6 432 6 396 6 432 6 433 6 396 6 433 6 434 6 396 6 434 6 435 6 396 6 435 6 436 6 396 6 436 6 437 6 396 6 437 6 438 6 396 6 438 6 439 6 396 6 439 6 440 6 396 6 440 6 441 6 396 6 441 6 442 6 396 6 442 6 443 6 396 6 443 6 444 6 396 6 444 6 445 6 396 6 445 6 446 6 396 6 446 6 447 6 396 6 447 6 448 6 396 6 448 6 449 6 396 6 449 6 450 6 396 6 450 6 451 6 396 6 451 6 452 6 396 6 452 6 453 6 396 6 453 6 454 6 396 6 454 6 455 6 396 6 455 6 456 6 396 6 456 6 457 6 458 6 459 6 423 6 423 6 459 6 424 6 460 6 461 6 462 6 396 6 457 6 463 6 396 6 463 6 464 6 396 6 464 6 465 6 396 6 465 6 466 6 396 6 466 6 467 6 396 6 467 6 468 6 396 6 468 6 469 6 396 6 469 6 470 6 396 6 470 6 471 6 396 6 471 6 472 6 396 6 472 6 473 6 396 6 473 6 474 6 396 6 474 6 475 6 396 6 475 6 476 6 396 6 476 6 477 6 396 6 477 6 478 6 396 6 478 6 479 6 396 6 479 6 480 6 396 6 480 6 481 6 396 6 481 6 482 6 396 6 482 6 483 6 396 6 483 6 484 6 396 6 484 6 485 6 396 6 485 6 486 6 396 6 486 6 487 6 396 6 487 6 488 6 396 6 488 6 489 6 396 6 489 6 490 6 396 6 490 6 491 6 396 6 491 6 492 6 396 6 492 6 493 6 396 6 493 6 494 6 460 6 495 6 461 6 496 6 497 6 498 6 396 6 494 6 499 6 396 6 499 6 500 6 396 6 500 6 501 6 396 6 501 6 502 6 396 6 502 6 503 6 396 6 503 6 504 6 396 6 504 6 505 6 396 6 505 6 506 6 396 6 506 6 507 6 396 6 507 6 508 6 396 6 508 6 509 6 396 6 509 6 510 6 396 6 510 6 511 6 396 6 511 6 512 6 396 6 512 6 513 6 396 6 513 6 514 6 396 6 514 6 515 6 396 6 515 6 516 6 396 6 516 6 517 6 396 6 517 6 518 6 396 6 518 6 519 6 396 6 519 6 520 6 396 6 520 6 521 6 396 6 521 6 522 6 396 6 522 6 523 6 396 6 523 6 524 6 396 6 524 6 525 6 396 6 525 6 526 6 396 6 526 6 527 6 396 6 527 6 528 6 396 6 528 6 529 6 396 6 529 6 530 6 396 6 530 6 531 6 396 6 531 6 532 6 396 6 532 6 533 6 396 6 533 6 496 6 396 6 496 6 498 6 396 6 498 6 460 6 396 6 460 6 462 6 396 6 462 6 458 6 396 6 458 6 423 6 507 6 506 6 534 6 509 6 508 6 535 6 511 6 510 6 536 6 513 6 512 6 537 6 534 6 506 6 538 6 535 6 508 6 539 6 536 6 510 6 540 6 537 6 512 6 541 6 542 6 543 6 544 6 496 6 545 6 497 6 532 6 546 6 533 6 544 6 543 6 547 6 544 6 548 6 542 6 549 6 547 6 543 6 395 6 549 6 397 6 397 6 549 6 543 6 423 6 394 6 396 6 550 6 551 6 552 6 552 6 551 6 553 6 554 6 555 6 398 6 556 6 554 6 557 6 557 6 554 6 558 6 559 6 556 6 557 6 560 6 561 6 562 6 562 6 561 6 563 6 564 6 565 6 566 6 567 6 566 6 568 6 532 6 569 6 546 6 530 6 570 6 531 6 571 6 572 6 573 6 574 6 573 6 575 6 576 6 577 6 578 6 579 6 578 6 580 6 581 6 582 6 583 6 584 6 583 6 585 6 586 6 587 6 588 6 586 6 588 6 589 6 590 6 589 6 588 6 591 6 592 6 593 6 591 6 593 6 594 6 595 6 596 6 597 6 595 6 597 6 598 6 599 6 600 6 601 6 599 6 601 6 602 6 603 6 604 6 605 6 606 6 607 6 608 6 609 6 610 6 611 6 612 6 613 6 614 6 615 6 616 6 617 6 618 6 619 6 620 6 621 6 622 6 623 6 624 6 625 6 626 6 2632 246 628 246 1159 246 629 6 630 6 631 6 632 6 633 6 634 6 635 6 636 6 637 6 638 6 639 6 640 6 641 6 642 6 643 6 644 6 645 6 646 6 647 6 648 6 649 6 650 6 651 6 652 6 530 6 653 6 570 6 654 6 655 6 656 6 657 6 658 6 659 6 660 6 661 6 662 6 2596 247 664 247 1219 247 665 6 666 6 667 6 668 6 669 6 670 6 671 6 672 6 673 6 674 6 675 6 676 6 677 6 678 6 679 6 2576 248 681 248 1249 248 682 6 683 6 684 6 2570 249 686 249 1259 249 687 6 688 6 689 6 690 6 691 6 692 6 693 6 694 6 695 6 696 6 697 6 698 6 699 6 700 6 701 6 702 6 703 6 704 6 705 6 706 6 707 6 2545 250 709 250 1299 250 710 6 711 6 712 6 713 6 714 6 715 6 716 6 717 6 718 6 719 6 720 6 721 6 722 6 723 6 724 6 725 6 726 6 727 6 728 6 729 6 730 6 731 6 732 6 733 6 734 6 735 6 736 6 737 6 738 6 739 6 740 6 741 6 742 6 743 6 744 6 745 6 529 6 746 6 747 6 528 6 746 6 529 6 748 6 749 6 750 6 751 6 752 6 753 6 754 6 755 6 756 6 757 6 758 6 759 6 760 6 761 6 762 6 763 6 764 6 765 6 766 6 767 6 768 6 769 6 770 6 771 6 772 6 773 6 774 6 775 6 776 6 777 6 778 6 779 6 780 6 781 6 782 6 783 6 784 6 785 6 786 6 787 6 788 6 789 6 790 6 791 6 792 6 793 6 794 6 795 6 796 6 797 6 798 6 799 6 800 6 801 6 802 6 803 6 804 6 805 6 806 6 807 6 808 6 809 6 810 6 811 6 812 6 813 6 814 6 815 6 816 6 817 6 818 6 819 6 820 6 821 6 822 6 823 6 824 6 825 6 826 6 827 6 828 6 2403 251 830 251 1498 251 831 6 832 6 833 6 834 6 835 6 836 6 837 6 838 6 839 6 840 6 841 6 842 6 843 6 844 6 845 6 846 6 847 6 848 6 849 6 850 6 851 6 852 6 853 6 854 6 855 6 856 6 857 6 858 6 859 6 860 6 861 6 862 6 863 6 864 6 865 6 866 6 867 6 868 6 869 6 870 6 871 6 872 6 873 6 874 6 875 6 876 6 877 6 878 6 879 6 880 6 881 6 882 6 883 6 884 6 885 6 886 6 887 6 888 6 889 6 890 6 891 6 892 6 893 6 894 6 895 6 896 6 897 6 898 6 899 6 900 6 901 6 902 6 903 6 904 6 905 6 906 6 907 6 908 6 909 6 910 6 911 6 912 6 913 6 914 6 915 6 916 6 917 6 918 6 919 6 920 6 921 6 922 6 923 6 924 6 925 6 926 6 927 6 924 6 926 6 928 6 926 6 929 6 930 6 931 6 932 6 930 6 932 6 929 6 527 6 933 6 934 6 526 6 933 6 527 6 935 6 936 6 937 6 938 6 935 6 939 6 940 6 938 6 939 6 941 6 942 6 943 6 944 6 945 6 946 6 944 6 946 6 947 6 393 6 948 6 949 6 525 6 950 6 951 6 524 6 950 6 525 6 523 6 952 6 953 6 522 6 952 6 523 6 521 6 954 6 955 6 520 6 954 6 521 6 519 6 956 6 957 6 518 6 956 6 519 6 517 6 958 6 959 6 516 6 958 6 517 6 515 6 960 6 961 6 514 6 960 6 515 6 504 6 962 6 505 6 505 6 962 6 963 6 502 6 964 6 503 6 503 6 964 6 965 6 500 6 966 6 501 6 501 6 966 6 967 6 494 6 968 6 499 6 499 6 968 6 969 6 492 6 970 6 493 6 493 6 970 6 971 6 490 6 972 6 491 6 491 6 972 6 973 6 488 6 974 6 489 6 489 6 974 6 975 6 487 6 976 6 977 6 486 6 976 6 487 6 485 6 978 6 979 6 484 6 978 6 485 6 483 6 980 6 981 6 482 6 980 6 483 6 2954 252 982 252 2955 252 480 6 982 6 481 6 479 6 983 6 984 6 478 6 983 6 479 6 477 6 985 6 986 6 476 6 985 6 477 6 475 6 987 6 988 6 474 6 987 6 475 6 2946 253 989 253 2947 253 472 6 989 6 473 6 471 6 990 6 991 6 470 6 990 6 471 6 469 6 992 6 993 6 468 6 992 6 469 6 467 6 994 6 995 6 466 6 994 6 467 6 465 6 996 6 997 6 464 6 996 6 465 6 463 6 998 6 999 6 457 6 998 6 463 6 456 6 1000 6 1001 6 455 6 1000 6 456 6 453 6 1002 6 454 6 454 6 1002 6 1003 6 451 6 1004 6 452 6 452 6 1004 6 1005 6 449 6 1006 6 450 6 450 6 1006 6 1007 6 447 6 1008 6 448 6 448 6 1008 6 1009 6 445 6 1010 6 446 6 446 6 1010 6 1011 6 443 6 1012 6 444 6 444 6 1012 6 1013 6 441 6 1014 6 442 6 442 6 1014 6 1015 6 439 6 1016 6 440 6 440 6 1016 6 1017 6 437 6 1018 6 438 6 438 6 1018 6 1019 6 435 6 1020 6 436 6 436 6 1020 6 1021 6 433 6 1022 6 434 6 434 6 1022 6 1023 6 431 6 1024 6 432 6 432 6 1024 6 1025 6 429 6 1026 6 430 6 430 6 1026 6 1027 6 427 6 1028 6 428 6 428 6 1028 6 1029 6 426 6 1030 6 1031 6 422 6 1030 6 426 6 421 6 1032 6 1033 6 420 6 1032 6 421 6 419 6 1034 6 1035 6 418 6 1034 6 419 6 417 6 1036 6 1037 6 416 6 1036 6 417 6 415 6 1038 6 1039 6 414 6 1038 6 415 6 412 6 1040 6 413 6 411 6 1041 6 1042 6 410 6 1041 6 411 6 409 6 1043 6 1044 6 408 6 1043 6 409 6 407 6 1045 6 1046 6 406 6 1045 6 407 6 405 6 1047 6 1048 6 404 6 1047 6 405 6 403 6 1049 6 1050 6 402 6 1049 6 403 6 400 6 1051 6 401 6 401 6 1051 6 1052 6 1053 6 1054 6 399 6 399 6 1054 6 1055 6 1056 6 1057 6 1058 6 1058 6 1057 6 1059 6 399 6 398 6 1053 6 1058 6 398 6 1056 6 1060 6 398 6 1061 6 552 6 398 6 550 6 1062 6 398 6 1063 6 1064 6 398 6 1065 6 1053 6 398 6 1058 6 1066 6 398 6 1067 6 1056 6 398 6 1060 6 1061 6 398 6 552 6 550 6 398 6 1062 6 1063 6 398 6 1064 6 1065 6 398 6 1066 6 1067 6 398 6 555 6 1061 6 1068 6 1060 6 1060 6 1068 6 1069 6 1063 6 1070 6 1062 6 1062 6 1070 6 1071 6 1065 6 1072 6 1064 6 2882 254 1072 254 2883 254 1067 6 1073 6 1066 6 1066 6 1073 6 1074 6 398 6 558 6 554 6 945 6 1075 6 946 6 945 6 941 6 1075 6 389 6 391 6 386 6 386 6 391 6 382 6 382 6 391 6 383 6 371 6 379 6 378 6 379 6 1076 6 391 6 391 6 1076 6 383 6 379 6 372 6 1076 6 371 6 372 6 379 6 359 6 367 6 366 6 359 6 360 6 367 6 355 6 347 6 346 6 347 6 352 6 360 6 360 6 352 6 367 6 352 6 393 6 367 6 393 6 1077 6 367 6 1078 6 1077 6 393 6 1079 6 563 6 561 6 355 6 351 6 347 6 347 6 351 6 352 6 1080 6 1081 6 1082 6 1082 6 1081 6 1083 6 565 6 568 6 566 6 1084 6 1085 6 1086 6 1086 6 1085 6 1087 6 572 6 575 6 573 6 947 6 948 6 944 6 947 6 949 6 948 6 1088 6 1089 6 1090 6 1090 6 1089 6 1091 6 577 6 580 6 578 6 1092 6 1093 6 1094 6 1094 6 1093 6 1095 6 582 6 585 6 583 6 1096 6 1097 6 1098 6 1098 6 1097 6 1099 6 1100 6 1101 6 1102 6 1102 6 1101 6 1103 6 593 6 1104 6 594 6 1105 6 1106 6 1107 6 1107 6 1106 6 1108 6 597 6 1109 6 598 6 1110 6 1111 6 1112 6 1112 6 1111 6 1113 6 601 6 1114 6 602 6 1115 6 1116 6 1117 6 1117 6 1116 6 1118 6 604 6 1119 6 605 6 1120 6 1121 6 1122 6 1122 6 1121 6 1123 6 607 6 1124 6 608 6 1125 6 1126 6 1127 6 1127 6 1126 6 1128 6 610 6 1129 6 611 6 1130 6 1131 6 1132 6 1132 6 1131 6 1133 6 613 6 1134 6 614 6 1135 6 1136 6 1137 6 1137 6 1136 6 1138 6 616 6 1139 6 617 6 1140 6 1141 6 1142 6 1142 6 1141 6 1143 6 619 6 1144 6 620 6 1145 6 1146 6 1147 6 1147 6 1146 6 1148 6 622 6 1149 6 623 6 1150 6 1151 6 1152 6 1152 6 1151 6 1153 6 625 6 1154 6 626 6 1155 6 1156 6 1157 6 1157 6 1156 6 1158 6 1160 6 1161 6 1162 6 1162 6 1161 6 1163 6 630 6 1164 6 631 6 1165 6 1166 6 1167 6 1167 6 1166 6 1168 6 633 6 1169 6 634 6 1170 6 1171 6 1172 6 1172 6 1171 6 1173 6 636 6 1174 6 637 6 1175 6 1176 6 1177 6 1177 6 1176 6 1178 6 639 6 1179 6 640 6 1180 6 1181 6 1182 6 1182 6 1181 6 1183 6 642 6 1184 6 643 6 1185 6 1186 6 1187 6 1187 6 1186 6 1188 6 645 6 1189 6 646 6 1190 6 1191 6 1192 6 1192 6 1191 6 1193 6 648 6 1194 6 649 6 1195 6 1196 6 1197 6 1197 6 1196 6 1198 6 651 6 1199 6 652 6 1200 6 1201 6 1202 6 1202 6 1201 6 1203 6 655 6 1204 6 656 6 1205 6 1206 6 1207 6 1207 6 1206 6 1208 6 658 6 1209 6 659 6 1210 6 1211 6 1212 6 1212 6 1211 6 1213 6 661 6 1214 6 662 6 1215 6 1216 6 1217 6 1217 6 1216 6 1218 6 1220 6 1221 6 1222 6 1222 6 1221 6 1223 6 666 6 1224 6 667 6 1225 6 1226 6 1227 6 1227 6 1226 6 1228 6 669 6 1229 6 670 6 1230 6 1231 6 1232 6 1232 6 1231 6 1233 6 672 6 1234 6 673 6 1235 6 1236 6 1237 6 1237 6 1236 6 1238 6 675 6 1239 6 676 6 1240 6 1241 6 1242 6 1242 6 1241 6 1243 6 678 6 1244 6 679 6 1245 6 1246 6 1247 6 1247 6 1246 6 1248 6 1250 6 1251 6 1252 6 1252 6 1251 6 1253 6 683 6 1254 6 684 6 1255 6 1256 6 1257 6 1257 6 1256 6 1258 6 1260 6 1261 6 1262 6 1262 6 1261 6 1263 6 688 6 1264 6 689 6 1265 6 1266 6 1267 6 1267 6 1266 6 1268 6 691 6 1269 6 692 6 1270 6 1271 6 1272 6 1272 6 1271 6 1273 6 694 6 1274 6 695 6 1275 6 1276 6 1277 6 1277 6 1276 6 1278 6 697 6 1279 6 698 6 1280 6 1281 6 1282 6 1282 6 1281 6 1283 6 700 6 1284 6 701 6 1285 6 1286 6 1287 6 1287 6 1286 6 1288 6 703 6 1289 6 704 6 1290 6 1291 6 1292 6 1292 6 1291 6 1293 6 706 6 1294 6 707 6 1295 6 1296 6 1297 6 1297 6 1296 6 1298 6 1300 6 1301 6 1302 6 1302 6 1301 6 1303 6 711 6 1304 6 712 6 1305 6 1306 6 1307 6 1308 6 1306 6 1305 6 714 6 1309 6 715 6 1310 6 1311 6 1312 6 1312 6 1311 6 1313 6 717 6 1314 6 718 6 1315 6 1316 6 1317 6 1317 6 1316 6 1318 6 720 6 1319 6 721 6 1320 6 1321 6 1322 6 1322 255 1946 255 1944 255 723 6 1323 6 724 6 1324 6 1325 6 1326 6 1326 6 1325 6 1327 6 726 6 1328 6 727 6 1329 6 1330 6 1331 6 1331 6 1330 6 1332 6 729 6 1333 6 730 6 1334 6 1335 6 1336 6 1336 6 1335 6 1337 6 732 6 1338 6 733 6 1339 6 1340 6 1341 6 1341 6 1340 6 1342 6 735 6 1343 6 736 6 1344 6 1345 6 1346 6 1346 6 1345 6 1347 6 738 6 1348 6 739 6 1349 6 1350 6 1351 6 1351 6 1350 6 1352 6 741 6 1353 6 742 6 1354 6 1355 6 1356 6 1356 6 1355 6 1357 6 744 6 1358 6 745 6 1359 6 1360 6 1361 6 1361 6 1360 6 1362 6 749 6 1363 6 750 6 1364 6 1365 6 1366 6 1366 6 1365 6 1367 6 752 6 1368 6 753 6 1369 6 1370 6 1371 6 1371 6 1370 6 1372 6 755 6 1373 6 756 6 1374 6 1375 6 1376 6 1376 6 1375 6 1377 6 758 6 1378 6 759 6 1379 6 1380 6 1381 6 1381 6 1380 6 1382 6 761 6 1383 6 762 6 1384 6 1385 6 1386 6 1386 6 1385 6 1387 6 764 6 1388 6 765 6 1389 6 1390 6 1391 6 1391 6 1390 6 1392 6 767 6 1393 6 768 6 1394 6 1395 6 1396 6 1396 6 1395 6 1397 6 770 6 1398 6 771 6 1399 6 1400 6 1401 6 1401 6 1400 6 1402 6 773 6 1403 6 774 6 1404 6 1405 6 1406 6 1406 6 1405 6 1407 6 776 6 1408 6 777 6 1409 6 1410 6 1411 6 1411 6 1410 6 1412 6 779 6 1413 6 780 6 1414 6 1415 6 1416 6 1416 6 1415 6 1417 6 782 6 1418 6 783 6 1419 6 1420 6 1421 6 1421 6 1420 6 1422 6 785 6 1423 6 786 6 1424 6 1425 6 1426 6 1426 6 1425 6 1427 6 788 6 1428 6 789 6 1429 6 1430 6 1431 6 1431 6 1430 6 1432 6 791 6 1433 6 792 6 1434 6 1435 6 1436 6 1436 6 1435 6 1437 6 794 6 1438 6 795 6 1439 6 1440 6 1441 6 1441 6 1440 6 1442 6 797 6 1443 6 798 6 1444 6 1445 6 1446 6 1446 6 1445 6 1447 6 800 6 1448 6 801 6 1449 6 1450 6 1451 6 1451 6 1450 6 1452 6 803 6 1453 6 804 6 1454 6 1455 6 1456 6 1456 6 1455 6 1457 6 806 6 1458 6 807 6 1459 6 1460 6 1461 6 1461 6 1460 6 1462 6 809 6 1463 6 810 6 1464 6 1465 6 1466 6 1466 6 1465 6 1467 6 812 6 1468 6 813 6 1469 6 1470 6 1471 6 1471 6 1470 6 1472 6 815 6 1473 6 816 6 1474 6 1475 6 1476 6 1476 6 1475 6 1477 6 818 6 1478 6 819 6 1479 6 1480 6 1481 6 1481 6 1480 6 1482 6 821 6 1483 6 822 6 1484 6 1485 6 1486 6 1486 6 1485 6 1487 6 824 6 1488 6 825 6 1489 6 1490 6 1491 6 1491 6 1490 6 1492 6 827 6 1493 6 828 6 1494 6 1495 6 1496 6 1496 6 1495 6 1497 6 1499 6 1500 6 1501 6 1501 6 1500 6 1502 6 832 6 1503 6 833 6 1504 6 1505 6 1506 6 1506 6 1505 6 1507 6 835 6 1508 6 836 6 1509 6 1510 6 1511 6 1511 6 1510 6 1512 6 838 6 1513 6 839 6 1514 6 1515 6 1516 6 1516 6 1515 6 1517 6 841 6 1518 6 842 6 1519 6 1520 6 1521 6 1521 6 1520 6 1522 6 844 6 1523 6 845 6 1524 6 1525 6 1526 6 1526 6 1525 6 1527 6 847 6 1528 6 848 6 1529 6 1530 6 1531 6 1531 6 1530 6 1532 6 850 6 1533 6 851 6 1534 6 1535 6 1536 6 1536 6 1535 6 1537 6 853 6 1538 6 854 6 1539 6 1540 6 1541 6 1541 6 1540 6 1542 6 856 6 1543 6 857 6 1544 6 1545 6 1546 6 1546 6 1545 6 1547 6 859 6 1548 6 860 6 1549 6 1550 6 1551 6 1551 6 1550 6 1552 6 862 6 1553 6 863 6 1554 6 1555 6 1556 6 1556 6 1555 6 1557 6 865 6 1558 6 866 6 1559 6 1560 6 1561 6 1561 6 1560 6 1562 6 868 6 1563 6 869 6 1564 6 1565 6 1566 6 1566 6 1565 6 1567 6 871 6 1568 6 872 6 1569 6 1570 6 1571 6 1571 6 1570 6 1572 6 874 6 1573 6 875 6 1574 6 1575 6 1576 6 1576 6 1575 6 1577 6 877 6 1578 6 878 6 1579 6 1580 6 1581 6 1581 6 1580 6 1582 6 880 6 1583 6 881 6 1584 6 1585 6 1586 6 1586 6 1585 6 1587 6 883 6 1588 6 884 6 1589 6 1590 6 1591 6 1591 6 1590 6 1592 6 886 6 1593 6 887 6 1594 6 1595 6 1596 6 1596 6 1595 6 1597 6 889 6 1598 6 890 6 1599 6 1600 6 1601 6 1601 6 1600 6 1602 6 892 6 1603 6 893 6 1604 6 1605 6 1606 6 1606 6 1605 6 1607 6 895 6 1608 6 896 6 1609 6 1610 6 1611 6 1611 6 1610 6 1612 6 898 6 1613 6 899 6 1614 6 1615 6 1616 6 1616 6 1615 6 1617 6 901 6 1618 6 902 6 1619 6 1620 6 1621 6 1621 6 1620 6 1622 6 904 6 1623 6 905 6 1624 6 1625 6 1626 6 1626 6 1625 6 1627 6 907 6 1628 6 908 6 1629 6 1630 6 1631 6 1631 6 1630 6 1632 6 910 6 1633 6 911 6 1634 6 1635 6 1636 6 1636 6 1635 6 1637 6 913 6 1638 6 914 6 1639 6 1640 6 1641 6 1641 6 1640 6 1642 6 916 6 1643 6 917 6 1644 6 1645 6 1646 6 1646 6 1645 6 1647 6 919 6 1648 6 920 6 1649 6 1650 6 1651 6 1651 6 1650 6 1652 6 922 6 1653 6 923 6 1654 6 1655 6 1656 6 1656 6 1655 6 1657 6 913 6 937 6 1638 6 1633 6 937 6 913 6 1638 6 937 6 916 6 919 6 937 6 1648 6 1643 6 937 6 919 6 916 6 937 6 1643 6 1648 6 937 6 922 6 922 6 937 6 1653 6 1653 6 937 6 925 6 937 6 936 6 925 6 925 6 936 6 926 6 926 6 930 6 929 6 936 6 930 6 926 6 1658 6 1659 6 1660 6 1660 6 1659 6 1661 6 1662 6 1663 6 1664 6 1664 6 1663 6 1665 6 1666 6 1667 6 1668 6 1668 6 1667 6 1669 6 1670 6 1671 6 1672 6 1672 6 1671 6 1673 6 1674 6 1675 6 1676 6 1676 6 1675 6 1677 6 1678 6 1679 6 1680 6 1680 6 1679 6 1681 6 1682 6 1683 6 1684 6 1684 6 1683 6 1685 6 1686 6 1687 6 1688 6 1688 6 1687 6 1689 6 1690 6 1691 6 1692 6 1692 6 1691 6 1693 6 1694 6 1695 6 1696 6 1696 6 1695 6 1697 6 1698 6 1699 6 1700 6 1700 6 1699 6 1701 6 1702 6 1703 6 1704 6 1704 6 1703 6 1705 6 1706 6 1707 6 1708 6 1708 6 1707 6 1709 6 1710 6 1711 6 1712 6 1712 256 2231 256 2229 256 1713 6 1714 6 1715 6 1715 6 1714 6 1716 6 1717 6 1718 6 1719 6 1719 6 1718 6 1720 6 1721 6 1722 6 1723 6 1723 6 1722 6 1724 6 1725 6 1726 6 1727 6 1727 6 1726 6 1728 6 1729 6 1730 6 1731 6 1731 6 1730 6 1732 6 1733 6 1734 6 1735 6 1735 6 1734 6 1736 6 1737 6 1738 6 1739 6 1739 6 1738 6 1740 6 1741 6 1742 6 1743 6 1743 6 1742 6 1744 6 1745 6 1746 6 1747 6 1747 6 1746 6 1748 6 1749 6 1750 6 1751 6 1750 6 1752 6 1751 6 1753 6 1754 6 1755 6 1755 6 1754 6 1756 6 1754 6 1757 6 1756 6 1757 6 1758 6 1759 6 1077 6 1076 6 367 6 367 6 1076 6 372 6 1749 6 1760 6 1750 6 1078 6 1758 6 1077 6 1077 6 1758 6 1080 6 1080 6 1758 6 1081 6 1081 6 1758 6 1084 6 1084 6 1758 6 1085 6 1085 6 1758 6 1088 6 1088 6 1758 6 1089 6 1089 6 1758 6 1092 6 1092 6 1758 6 1093 6 1093 6 1758 6 1096 6 1096 6 1758 6 1097 6 1097 6 1758 6 1100 6 1100 6 1758 6 1101 6 1101 6 1758 6 1105 6 1105 6 1758 6 1106 6 1106 6 1758 6 1110 6 1110 6 1758 6 1111 6 1111 6 1758 6 1115 6 1115 6 1758 6 1116 6 1116 6 1758 6 1120 6 1120 6 1758 6 1121 6 1121 6 1758 6 1125 6 1125 6 1758 6 1126 6 1126 6 1758 6 1130 6 1130 6 1758 6 1131 6 1131 6 1758 6 1135 6 1135 6 1758 6 1136 6 1136 6 1758 6 1140 6 1140 6 1758 6 1141 6 1141 6 1758 6 1145 6 1145 6 1758 6 1146 6 1146 6 1758 6 1150 6 1150 6 1758 6 1151 6 1151 6 1758 6 1155 6 1155 6 1758 6 1156 6 1156 6 1758 6 1160 6 1160 6 1758 6 1161 6 1161 6 1758 6 1165 6 1165 6 1758 6 1166 6 1166 6 1758 6 1170 6 1170 6 1758 6 1171 6 1171 6 1758 6 1175 6 1175 6 1758 6 1176 6 1176 6 1758 6 1180 6 1180 6 1758 6 1181 6 1181 6 1758 6 1185 6 1185 6 1758 6 1186 6 1186 6 1758 6 1190 6 1190 6 1758 6 1191 6 1191 6 1758 6 1195 6 1195 6 1758 6 1196 6 1196 6 1758 6 1200 6 1200 6 1758 6 1201 6 1201 6 1758 6 1205 6 1205 6 1758 6 1206 6 1206 6 1758 6 1210 6 1210 6 1758 6 1211 6 1211 6 1758 6 1215 6 1215 6 1758 6 1216 6 1216 6 1758 6 1220 6 1220 6 1758 6 1221 6 1221 6 1758 6 1225 6 1225 6 1758 6 1226 6 1226 6 1758 6 1230 6 1230 6 1758 6 1231 6 1231 6 1758 6 1235 6 1235 6 1758 6 1236 6 1236 6 1758 6 1240 6 1240 6 1758 6 1241 6 1241 6 1758 6 1245 6 1245 6 1758 6 1246 6 1246 6 1758 6 1250 6 1250 6 1758 6 1251 6 1251 6 1758 6 1255 6 1255 6 1758 6 1256 6 1256 6 1758 6 1260 6 1260 6 1758 6 1261 6 1261 6 1758 6 1265 6 1265 6 1758 6 1266 6 1266 6 1758 6 1270 6 1270 6 1758 6 1271 6 1271 6 1758 6 1275 6 1275 6 1758 6 1276 6 1276 6 1758 6 1280 6 1280 6 1758 6 1281 6 1281 6 1758 6 1285 6 1285 6 1758 6 1286 6 1286 6 1758 6 1290 6 1290 6 1758 6 1291 6 1291 6 1758 6 1295 6 1295 6 1758 6 1296 6 1296 6 1758 6 1300 6 1300 6 1758 6 1301 6 1301 6 1758 6 1308 6 1308 6 1758 6 1306 6 1306 6 1758 6 1310 6 1310 6 1758 6 1311 6 1311 6 1758 6 1315 6 1315 6 1758 6 1316 6 1316 6 1758 6 1320 6 1320 6 1758 6 1321 6 1321 6 1758 6 1324 6 1324 6 1758 6 1325 6 1325 6 1758 6 1329 6 1329 6 1758 6 1330 6 1330 6 1758 6 1334 6 1334 6 1758 6 1335 6 1335 6 1758 6 1339 6 1339 6 1758 6 1340 6 1340 6 1758 6 1344 6 1344 6 1758 6 1345 6 1345 6 1758 6 1349 6 1349 6 1758 6 1350 6 1350 6 1758 6 1354 6 1354 6 1758 6 1355 6 1355 6 1758 6 1359 6 1359 6 1758 6 1360 6 1360 6 1758 6 1364 6 1364 6 1758 6 1365 6 1365 5 1758 5 1369 5 1369 6 1758 6 1370 6 1370 6 1758 6 1374 6 1374 6 1758 6 1375 6 1375 5 1758 5 1379 5 1379 6 1758 6 1380 6 1380 5 1758 5 1384 5 1384 6 1758 6 1385 6 1385 6 1758 6 1389 6 1389 6 1758 6 1390 6 1390 6 1758 6 1394 6 1394 6 1758 6 1395 6 1395 6 1758 6 1399 6 1399 6 1758 6 1400 6 1400 6 1758 6 1404 6 1404 6 1758 6 1405 6 1405 6 1758 6 1409 6 1409 6 1758 6 1410 6 1410 5 1758 5 1414 5 1414 6 1758 6 1415 6 1415 5 1758 5 1419 5 1419 6 1758 6 1420 6 1420 5 1758 5 1424 5 1424 6 1758 6 1425 6 1425 6 1758 6 1429 6 1429 6 1758 6 1430 6 1430 5 1758 5 1434 5 1434 6 1758 6 1435 6 1435 6 1758 6 1439 6 1439 6 1758 6 1440 6 1440 6 1758 6 1444 6 1444 6 1758 6 1445 6 1445 6 1758 6 1449 6 1449 6 1758 6 1450 6 1450 5 1758 5 1454 5 1454 6 1758 6 1455 6 1455 6 1758 6 1459 6 1459 6 1758 6 1460 6 1460 6 1758 6 1464 6 1464 6 1758 6 1465 6 1465 6 1758 6 1469 6 1469 6 1758 6 1470 6 1470 5 1758 5 1474 5 1474 6 1758 6 1475 6 1475 6 1758 6 1479 6 1479 6 1758 6 1480 6 1480 6 1758 6 1484 6 1484 6 1758 6 1485 6 1485 6 1758 6 1489 6 1489 6 1758 6 1490 6 1490 6 1758 6 1494 6 1494 6 1758 6 1495 6 1495 6 1758 6 1499 6 1499 6 1758 6 1500 6 1500 6 1758 6 1504 6 1504 6 1758 6 1505 6 1505 5 1758 5 1509 5 1509 6 1758 6 1510 6 1510 6 1758 6 1514 6 1514 6 1758 6 1515 6 1515 6 1758 6 1519 6 1519 6 1758 6 1520 6 1520 6 1758 6 1524 6 1524 6 1758 6 1525 6 1525 6 1758 6 1529 6 1529 6 1758 6 1530 6 1530 6 1758 6 1534 6 1534 6 1758 6 1535 6 1535 6 1758 6 1539 6 1539 6 1758 6 1540 6 1540 6 1758 6 1544 6 1544 6 1758 6 1545 6 1545 6 1758 6 1549 6 1549 6 1758 6 1550 6 1550 6 1758 6 1554 6 1554 6 1758 6 1555 6 1555 6 1758 6 1559 6 1559 6 1758 6 1560 6 1560 6 1758 6 1564 6 1564 6 1758 6 1565 6 1565 6 1758 6 1569 6 1569 6 1758 6 1570 6 1570 6 1758 6 1574 6 1574 6 1758 6 1575 6 1575 6 1758 6 1579 6 1579 6 1758 6 1580 6 1580 6 1758 6 1584 6 1584 6 1758 6 1585 6 1585 6 1758 6 1589 6 1589 6 1758 6 1590 6 1590 6 1758 6 1594 6 1594 6 1758 6 1595 6 1595 6 1758 6 1599 6 1599 6 1758 6 1600 6 1600 6 1758 6 1604 6 1604 6 1758 6 1605 6 1605 6 1758 6 1609 6 1609 6 1758 6 1610 6 1610 6 1758 6 1614 6 1614 6 1758 6 1615 6 1615 6 1758 6 1619 6 1619 6 1758 6 1620 6 1620 6 1758 6 1624 6 1624 6 1758 6 1625 6 1625 6 1758 6 1629 6 1629 6 1758 6 1630 6 1630 6 1758 6 1634 6 1634 6 1758 6 1635 6 1635 6 1758 6 1639 6 1639 6 1758 6 1640 6 1640 5 1758 5 1644 5 1644 6 1758 6 1645 6 1645 6 1758 6 1649 6 1649 6 1758 6 1650 6 1650 6 1758 6 1654 6 1654 6 1758 6 1655 6 1655 6 1758 6 1658 6 1658 6 1758 6 1659 6 1659 6 1758 6 1662 6 1662 6 1758 6 1663 6 1663 6 1758 6 1666 6 1666 6 1758 6 1667 6 1667 6 1758 6 1670 6 1670 6 1758 6 1671 6 1671 6 1758 6 1674 6 1674 6 1758 6 1675 6 1675 6 1758 6 1678 6 1678 6 1758 6 1679 6 1679 6 1758 6 1682 6 1682 6 1758 6 1683 6 1683 6 1758 6 1686 6 1686 6 1758 6 1687 6 1687 6 1758 6 1690 6 1690 6 1758 6 1691 6 1691 5 1758 5 1694 5 1694 6 1758 6 1695 6 1695 6 1758 6 1698 6 1698 6 1758 6 1699 6 1699 6 1758 6 1702 6 1702 6 1758 6 1703 6 1703 6 1758 6 1706 6 1706 6 1758 6 1707 6 1707 6 1758 6 1710 6 1710 6 1758 6 1711 6 1711 6 1758 6 1713 6 1713 6 1758 6 1714 6 1714 6 1758 6 1717 6 1717 6 1758 6 1718 6 1718 6 1758 6 1721 6 1721 6 1758 6 1722 6 1722 5 1758 5 1725 5 1725 6 1758 6 1726 6 1726 6 1758 6 1729 6 1729 6 1758 6 1730 6 1730 6 1758 6 1733 6 1733 6 1758 6 1734 6 1734 6 1758 6 1737 6 1737 6 1758 6 1738 6 1738 6 1758 6 1741 6 1741 6 1758 6 1742 6 1742 6 1758 6 1745 6 1745 6 1758 6 1746 6 1746 6 1758 6 1750 6 1750 6 1758 6 1752 6 1752 6 1758 6 1754 6 1754 6 1758 6 1757 6 949 6 1078 6 393 6 943 6 1075 6 941 6 939 6 943 6 1761 6 939 6 1761 6 940 6 1761 6 943 6 942 6 937 6 939 6 935 6 557 6 937 6 559 6 559 6 937 6 562 6 562 6 937 6 560 6 560 6 937 6 568 6 568 6 937 6 567 6 567 6 937 6 575 6 575 6 937 6 574 6 574 6 937 6 580 6 580 6 937 6 579 6 579 6 937 6 585 6 585 6 937 6 584 6 584 6 937 6 588 6 588 6 937 6 590 6 590 6 937 6 593 6 593 6 937 6 1104 6 1104 6 937 6 597 6 597 6 937 6 1109 6 1109 6 937 6 601 6 601 6 937 6 1114 6 1114 6 937 6 604 6 604 6 937 6 1119 6 1119 6 937 6 607 6 607 6 937 6 1124 6 1124 6 937 6 610 6 610 6 937 6 1129 6 1129 6 937 6 613 6 613 6 937 6 1134 6 1134 6 937 6 616 6 616 6 937 6 1139 6 1139 6 937 6 619 6 619 6 937 6 1144 6 1144 6 937 6 622 6 622 6 937 6 1149 6 1149 6 937 6 625 6 625 6 937 6 1154 6 1154 6 937 6 628 6 628 6 937 6 1159 6 1159 6 937 6 630 6 630 6 937 6 1164 6 1164 6 937 6 633 6 633 6 937 6 1169 6 1169 6 937 6 636 6 636 6 937 6 1174 6 1174 6 937 6 639 6 639 6 937 6 1179 6 1179 6 937 6 642 6 642 6 937 6 1184 6 1184 6 937 6 645 6 645 6 937 6 1189 6 1189 6 937 6 648 6 648 6 937 6 1194 6 1194 6 937 6 651 6 651 6 937 6 1199 6 1199 6 937 6 655 6 655 6 937 6 1204 6 1204 6 937 6 658 6 658 6 937 6 1209 6 1209 6 937 6 661 6 661 6 937 6 1214 6 1214 6 937 6 664 6 664 6 937 6 1219 6 1219 6 937 6 666 6 666 6 937 6 1224 6 1224 6 937 6 669 6 669 6 937 6 1229 6 1229 6 937 6 672 6 672 6 937 6 1234 6 1234 6 937 6 675 6 675 6 937 6 1239 6 1239 6 937 6 678 6 678 6 937 6 1244 6 1244 6 937 6 681 6 681 6 937 6 1249 6 1249 6 937 6 683 6 683 6 937 6 1254 6 1254 6 937 6 686 6 686 6 937 6 1259 6 1259 6 937 6 688 6 688 6 937 6 1264 6 1264 6 937 6 691 6 691 6 937 6 1269 6 1269 6 937 6 694 6 694 6 937 6 1274 6 1274 6 937 6 697 6 697 6 937 6 1279 6 1279 6 937 6 700 6 700 6 937 6 1284 6 1284 6 937 6 703 6 703 6 937 6 1289 6 1289 6 937 6 706 6 706 6 937 6 1294 6 1294 6 937 6 709 6 709 6 937 6 1299 6 1299 6 937 6 711 6 711 6 937 6 1304 6 1304 6 937 6 714 6 714 6 937 6 1309 6 1309 6 937 6 717 6 717 6 937 6 1314 6 1314 6 937 6 720 6 720 6 937 6 1319 6 1319 6 937 6 723 6 723 6 937 6 1323 6 1323 6 937 6 726 6 726 6 937 6 1328 6 1328 6 937 6 729 6 729 6 937 6 1333 6 1333 6 937 6 732 6 732 6 937 6 1338 6 1338 6 937 6 735 6 735 6 937 6 1343 6 1343 6 937 6 738 6 738 6 937 6 1348 6 1348 6 937 6 741 6 741 6 937 6 1353 6 1353 6 937 6 744 6 744 6 937 6 1358 6 1358 6 937 6 749 6 749 6 937 6 1363 6 1363 6 937 6 752 6 752 6 937 6 1368 6 1368 6 937 6 755 6 755 6 937 6 1373 6 1373 6 937 6 758 6 758 6 937 6 1378 6 1378 6 937 6 761 6 761 6 937 6 1383 6 1383 6 937 6 764 6 764 6 937 6 1388 6 1388 6 937 6 767 6 767 6 937 6 1393 6 1393 6 937 6 770 6 770 6 937 6 1398 6 1398 6 937 6 773 6 773 6 937 6 1403 6 1403 6 937 6 776 6 776 6 937 6 1408 6 1408 6 937 6 779 6 779 6 937 6 1413 6 1413 6 937 6 782 6 782 6 937 6 1418 6 1418 6 937 6 785 6 785 6 937 6 1423 6 1423 6 937 6 788 6 788 6 937 6 1428 6 1428 6 937 6 791 6 791 6 937 6 1433 6 1433 6 937 6 794 6 794 6 937 6 1438 6 1438 6 937 6 797 6 797 6 937 6 1443 6 1443 6 937 6 800 6 800 6 937 6 1448 6 1448 6 937 6 803 6 803 6 937 6 1453 6 1453 6 937 6 806 6 806 6 937 6 1458 6 1458 6 937 6 809 6 809 6 937 6 1463 6 1463 6 937 6 812 6 812 6 937 6 1468 6 1468 6 937 6 815 6 815 6 937 6 1473 6 1473 6 937 6 818 6 818 6 937 6 1478 6 1478 6 937 6 821 6 821 6 937 6 1483 6 1483 6 937 6 824 6 824 6 937 6 1488 6 1488 6 937 6 827 6 827 6 937 6 1493 6 1493 6 937 6 830 6 830 6 937 6 1498 6 1498 6 937 6 832 6 832 6 937 6 1503 6 1503 6 937 6 835 6 835 6 937 6 1508 6 1508 6 937 6 838 6 838 6 937 6 1513 6 1513 6 937 6 841 6 841 6 937 6 1518 6 1518 6 937 6 844 6 844 6 937 6 1523 6 1523 6 937 6 847 6 847 6 937 6 1528 6 1528 6 937 6 850 6 850 6 937 6 1533 6 1533 6 937 6 853 6 853 6 937 6 1538 6 1538 6 937 6 856 6 856 6 937 6 1543 6 1543 6 937 6 859 6 859 6 937 6 1548 6 1548 6 937 6 862 6 862 6 937 6 1553 6 1553 6 937 6 865 6 865 6 937 6 1558 6 1558 6 937 6 868 6 868 6 937 6 1563 6 1563 6 937 6 871 6 871 6 937 6 1568 6 1568 6 937 6 874 6 874 6 937 6 1573 6 1573 6 937 6 877 6 877 6 937 6 1578 6 1578 6 937 6 880 6 880 6 937 6 1583 6 1583 6 937 6 883 6 883 6 937 6 1588 6 1588 6 937 6 886 6 886 6 937 6 1593 6 1593 6 937 6 889 6 889 6 937 6 1598 6 1598 6 937 6 892 6 892 6 937 6 1603 6 1603 6 937 6 895 6 895 6 937 6 1608 6 1608 6 937 6 898 6 898 6 937 6 1613 6 1613 6 937 6 901 6 901 6 937 6 1618 6 1618 6 937 6 904 6 904 6 937 6 1623 6 1623 6 937 6 907 6 907 6 937 6 1628 6 1628 6 937 6 910 6 910 6 937 6 1633 6 391 257 376 257 379 257 390 257 376 257 391 257 368 258 364 258 367 258 368 257 367 257 372 257 385 259 376 259 390 259 385 260 380 260 1762 260 375 5 376 5 385 5 375 5 385 5 1762 5 370 261 364 261 368 261 370 262 375 262 1762 262 363 5 364 5 370 5 358 263 344 263 356 263 349 264 344 264 358 264 1763 5 358 5 363 5 1763 5 349 5 358 5 392 5 350 5 349 5 392 5 349 5 1763 5 1764 265 370 265 1762 265 1764 266 363 266 370 266 1764 5 1763 5 363 5 1764 267 1762 267 1076 267 1764 267 1076 267 1077 267 1076 268 380 268 383 268 1762 268 380 268 1076 268 360 269 344 269 347 269 356 269 344 269 360 269 1082 270 1765 270 1080 270 1766 270 1765 270 1082 270 1767 271 1768 271 1083 271 1767 272 1083 272 1081 272 1083 273 1766 273 1082 273 1768 28 1766 28 1083 28 1767 5 1765 5 1766 5 1767 274 1766 274 1768 274 1086 275 1769 275 1084 275 1770 276 1769 276 1086 276 1771 277 1772 277 1087 277 1771 278 1087 278 1085 278 1087 11 1770 11 1086 11 1772 279 1770 279 1087 279 1771 5 1769 5 1770 5 1771 280 1770 280 1772 280 1090 281 1773 281 1088 281 1774 282 1773 282 1090 282 1775 283 1776 283 1091 283 1775 284 1091 284 1089 284 1091 11 1774 11 1090 11 1776 285 1774 285 1091 285 1775 286 1773 286 1774 286 1775 287 1774 287 1776 287 1094 288 1777 288 1092 288 1778 288 1777 288 1094 288 1779 289 1780 289 1095 289 1779 290 1095 290 1093 290 1095 285 1778 285 1094 285 1780 11 1778 11 1095 11 1779 291 1777 291 1778 291 1779 292 1778 292 1780 292 1098 293 1781 293 1096 293 1782 294 1781 294 1098 294 1783 295 1784 295 1099 295 1783 296 1099 296 1097 296 1099 279 1782 279 1098 279 1784 285 1782 285 1099 285 1783 5 1781 5 1782 5 1783 297 1782 297 1784 297 1102 298 1785 298 1100 298 1786 299 1785 299 1102 299 1787 300 1788 300 1103 300 1787 301 1103 301 1101 301 1103 302 1786 302 1102 302 1788 302 1786 302 1103 302 1787 5 1785 5 1786 5 1787 303 1786 303 1788 303 1107 304 1789 304 1105 304 1790 304 1789 304 1107 304 1791 305 1792 305 1108 305 1791 305 1108 305 1106 305 1108 273 1790 273 1107 273 1792 273 1790 273 1108 273 1791 306 1789 306 1790 306 1791 307 1790 307 1792 307 1112 308 1793 308 1110 308 1794 309 1793 309 1112 309 1795 310 1796 310 1113 310 1795 311 1113 311 1111 311 1113 312 1794 312 1112 312 1796 313 1794 313 1113 313 1795 5 1793 5 1794 5 1795 314 1794 314 1796 314 1117 315 1797 315 1115 315 1798 316 1797 316 1117 316 1116 317 1799 317 1118 317 1800 318 1799 318 1116 318 1799 319 1117 319 1118 319 1799 319 1798 319 1117 319 1800 5 1797 5 1798 5 1800 320 1798 320 1799 320 1122 321 1801 321 1120 321 1802 322 1801 322 1122 322 1803 323 1804 323 1123 323 1803 323 1123 323 1121 323 1123 285 1802 285 1122 285 1804 285 1802 285 1123 285 1803 5 1801 5 1802 5 1803 324 1802 324 1804 324 1127 325 1805 325 1125 325 1806 326 1805 326 1127 326 1806 327 1128 327 1807 327 1807 328 1128 328 1126 328 1807 329 1805 329 1806 329 1132 330 1808 330 1130 330 1809 331 1808 331 1132 331 1133 332 1810 332 1809 332 1133 28 1809 28 1132 28 1810 5 1808 5 1809 5 1137 333 1811 333 1135 333 1812 334 1811 334 1137 334 1813 335 1814 335 1138 335 1813 336 1138 336 1136 336 1138 285 1812 285 1137 285 1814 337 1812 337 1138 337 1813 5 1811 5 1812 5 1813 338 1812 338 1814 338 1815 339 1816 339 1140 339 1815 340 1140 340 1142 340 1817 341 1818 341 1143 341 1817 341 1143 341 1141 341 1143 337 1815 337 1142 337 1818 285 1815 285 1143 285 1817 342 1816 342 1815 342 1817 343 1815 343 1818 343 1147 344 1819 344 1145 344 1820 345 1819 345 1147 345 1821 346 1148 346 1146 346 1148 337 1820 337 1147 337 1821 347 1819 347 1820 347 1152 348 1822 348 1150 348 1823 348 1822 348 1152 348 1823 349 1153 349 1824 349 1824 350 1153 350 1151 350 1824 5 1822 5 1823 5 1157 351 1825 351 1155 351 1826 351 1825 351 1157 351 1158 28 1826 28 1157 28 1158 352 1827 352 1826 352 1827 5 1825 5 1826 5 1162 353 1828 353 1160 353 1829 353 1828 353 1162 353 1161 354 1830 354 1163 354 1831 355 1830 355 1161 355 1830 273 1162 273 1163 273 1830 28 1829 28 1162 28 1831 356 1828 356 1829 356 1831 357 1829 357 1830 357 1167 358 1832 358 1165 358 1833 358 1832 358 1167 358 1833 359 1168 359 1834 359 1834 360 1168 360 1166 360 1834 5 1832 5 1833 5 1172 361 1835 361 1170 361 1836 361 1835 361 1172 361 1837 362 1838 362 1173 362 1837 362 1173 362 1171 362 1173 285 1836 285 1172 285 1838 285 1836 285 1173 285 1837 5 1835 5 1836 5 1837 363 1836 363 1838 363 1177 364 1839 364 1175 364 1840 365 1839 365 1177 365 1178 366 1841 366 1840 366 1178 367 1840 367 1177 367 1841 368 1839 368 1840 368 1182 369 1842 369 1180 369 1843 370 1842 370 1182 370 1843 371 1183 371 1844 371 1844 372 1183 372 1181 372 1844 373 1842 373 1843 373 1187 374 1845 374 1185 374 1846 375 1845 375 1187 375 1847 376 1848 376 1188 376 1847 377 1188 377 1186 377 1188 367 1846 367 1187 367 1848 367 1846 367 1188 367 1847 5 1845 5 1846 5 1847 378 1846 378 1848 378 1192 379 1849 379 1190 379 1850 379 1849 379 1192 379 1851 380 1852 380 1193 380 1851 381 1193 381 1191 381 1193 337 1850 337 1192 337 1852 285 1850 285 1193 285 1851 5 1849 5 1850 5 1851 382 1850 382 1852 382 1197 383 1853 383 1195 383 1854 383 1853 383 1197 383 1854 384 1198 384 1855 384 1855 385 1198 385 1196 385 1855 386 1853 386 1854 386 1202 387 1856 387 1200 387 1857 388 1856 388 1202 388 1201 389 1858 389 1203 389 1859 389 1858 389 1201 389 1858 11 1202 11 1203 11 1858 285 1857 285 1202 285 1859 5 1856 5 1857 5 1859 390 1857 390 1858 390 1207 391 1860 391 1205 391 1861 391 1860 391 1207 391 1208 392 1862 392 1861 392 1208 367 1861 367 1207 367 1862 5 1860 5 1861 5 1212 393 1863 393 1210 393 1864 394 1863 394 1212 394 1213 395 1865 395 1864 395 1213 273 1864 273 1212 273 1865 5 1863 5 1864 5 1217 396 1866 396 1215 396 1867 397 1866 397 1217 397 1867 398 1218 398 1868 398 1868 399 1218 399 1216 399 1868 400 1866 400 1867 400 1222 401 1869 401 1220 401 1870 316 1869 316 1222 316 1870 402 1223 402 1871 402 1871 403 1223 403 1221 403 1871 5 1869 5 1870 5 1872 404 1873 404 1225 404 1872 405 1225 405 1227 405 1874 406 1875 406 1228 406 1874 407 1228 407 1226 407 1228 337 1872 337 1227 337 1875 337 1872 337 1228 337 1874 5 1873 5 1872 5 1874 408 1872 408 1875 408 1232 409 1876 409 1230 409 1877 410 1876 410 1232 410 1878 411 1879 411 1233 411 1878 411 1233 411 1231 411 1233 337 1877 337 1232 337 1879 285 1877 285 1233 285 1878 412 1876 412 1877 412 1878 413 1877 413 1879 413 1237 414 1880 414 1235 414 1881 415 1880 415 1237 415 1236 416 1882 416 1238 416 1883 416 1882 416 1236 416 1882 417 1237 417 1238 417 1882 256 1881 256 1237 256 1883 418 1880 418 1881 418 1883 419 1881 419 1882 419 1242 420 1884 420 1240 420 1885 421 1884 421 1242 421 1886 422 1887 422 1243 422 1886 422 1243 422 1241 422 1243 337 1885 337 1242 337 1887 337 1885 337 1243 337 1886 5 1884 5 1885 5 1886 423 1885 423 1887 423 1247 424 1888 424 1245 424 1889 424 1888 424 1247 424 1890 425 1891 425 1248 425 1890 426 1248 426 1246 426 1248 11 1889 11 1247 11 1891 11 1889 11 1248 11 1890 5 1888 5 1889 5 1890 427 1889 427 1891 427 1892 428 1893 428 1250 428 1892 429 1250 429 1252 429 1894 430 1895 430 1253 430 1894 430 1253 430 1251 430 1253 285 1892 285 1252 285 1895 337 1892 337 1253 337 1894 431 1893 431 1892 431 1894 432 1892 432 1895 432 1257 433 1896 433 1255 433 1897 434 1896 434 1257 434 1256 435 1898 435 1258 435 1899 435 1898 435 1256 435 1898 285 1257 285 1258 285 1898 436 1897 436 1257 436 1899 437 1896 437 1897 437 1899 438 1897 438 1898 438 1262 439 1900 439 1260 439 1901 440 1900 440 1262 440 1902 441 1903 441 1263 441 1902 442 1263 442 1261 442 1263 273 1901 273 1262 273 1903 273 1901 273 1263 273 1902 5 1900 5 1901 5 1902 443 1901 443 1903 443 1904 444 1905 444 1265 444 1904 445 1265 445 1267 445 1906 446 1907 446 1268 446 1906 447 1268 447 1266 447 1268 367 1904 367 1267 367 1907 28 1904 28 1268 28 1906 448 1905 448 1904 448 1906 449 1904 449 1907 449 1272 450 1908 450 1270 450 1909 450 1908 450 1272 450 1909 451 1273 451 1910 451 1910 452 1273 452 1271 452 1910 453 1908 453 1909 453 1277 454 1911 454 1275 454 1912 455 1911 455 1277 455 1913 456 1914 456 1278 456 1913 456 1278 456 1276 456 1278 11 1912 11 1277 11 1914 285 1912 285 1278 285 1913 5 1911 5 1912 5 1913 457 1912 457 1914 457 1282 458 1915 458 1280 458 1916 459 1915 459 1282 459 1917 460 1918 460 1283 460 1917 461 1283 461 1281 461 1283 337 1916 337 1282 337 1918 285 1916 285 1283 285 1917 5 1915 5 1916 5 1917 462 1916 462 1918 462 1287 463 1919 463 1285 463 1920 464 1919 464 1287 464 1288 465 1921 465 1920 465 1288 256 1920 256 1287 256 1921 466 1919 466 1920 466 1922 467 1923 467 1290 467 1922 468 1290 468 1292 468 1924 469 1293 469 1291 469 1922 470 1293 470 1924 470 1924 471 1923 471 1922 471 1297 472 1925 472 1295 472 1926 473 1925 473 1297 473 1927 474 1928 474 1298 474 1927 474 1298 474 1296 474 1298 367 1926 367 1297 367 1928 273 1926 273 1298 273 1927 5 1925 5 1926 5 1927 475 1926 475 1928 475 1302 476 1929 476 1300 476 1930 476 1929 476 1302 476 1931 477 1932 477 1303 477 1931 478 1303 478 1301 478 1303 11 1930 11 1302 11 1932 285 1930 285 1303 285 1931 5 1929 5 1930 5 1931 479 1930 479 1932 479 1305 480 1933 480 1308 480 1934 480 1933 480 1305 480 1935 481 1307 481 1306 481 1934 482 1307 482 1935 482 1935 483 1933 483 1934 483 1312 484 1936 484 1310 484 1937 484 1936 484 1312 484 1938 485 1939 485 1313 485 1938 486 1313 486 1311 486 1313 273 1937 273 1312 273 1939 273 1937 273 1313 273 1938 5 1936 5 1937 5 1938 487 1937 487 1939 487 1317 488 1940 488 1315 488 1941 488 1940 488 1317 488 1942 489 1943 489 1318 489 1942 489 1318 489 1316 489 1318 367 1941 367 1317 367 1943 273 1941 273 1318 273 1942 5 1940 5 1941 5 1942 490 1941 490 1943 490 1944 491 1945 491 1320 491 1944 492 1320 492 1322 492 1947 493 1946 493 1321 493 1947 494 1945 494 1944 494 1947 495 1944 495 1946 495 1326 496 1948 496 1324 496 1949 497 1948 497 1326 497 1950 498 1951 498 1327 498 1950 498 1327 498 1325 498 1327 337 1949 337 1326 337 1951 337 1949 337 1327 337 1952 5 1948 5 1949 5 1952 499 1949 499 1951 499 1950 500 1952 500 1951 500 1331 501 1953 501 1329 501 1954 502 1953 502 1331 502 1955 503 1956 503 1332 503 1955 504 1332 504 1330 504 1332 337 1954 337 1331 337 1956 285 1954 285 1332 285 1955 5 1953 5 1954 5 1955 505 1954 505 1956 505 1957 506 1958 506 1334 506 1957 507 1334 507 1336 507 1959 508 1960 508 1337 508 1959 508 1337 508 1335 508 1337 11 1957 11 1336 11 1960 11 1957 11 1337 11 1959 5 1958 5 1957 5 1959 509 1957 509 1960 509 1341 510 1961 510 1339 510 1962 511 1961 511 1341 511 1342 367 1962 367 1341 367 1963 512 1342 512 1340 512 1963 5 1961 5 1962 5 1346 513 1964 513 1344 513 1965 514 1964 514 1346 514 1966 515 1967 515 1347 515 1966 516 1347 516 1345 516 1347 273 1965 273 1346 273 1967 273 1965 273 1347 273 1966 5 1964 5 1965 5 1966 517 1965 517 1967 517 1351 518 1968 518 1349 518 1969 519 1968 519 1351 519 1970 520 1971 520 1352 520 1970 521 1352 521 1350 521 1352 11 1969 11 1351 11 1971 11 1969 11 1352 11 1970 522 1968 522 1969 522 1970 523 1969 523 1971 523 1356 524 1972 524 1354 524 1973 525 1972 525 1356 525 1974 526 1975 526 1357 526 1974 526 1357 526 1355 526 1357 11 1973 11 1356 11 1975 11 1973 11 1357 11 1974 527 1972 527 1973 527 1974 528 1973 528 1975 528 1361 529 1976 529 1359 529 1977 530 1976 530 1361 530 1978 531 1979 531 1362 531 1978 532 1362 532 1360 532 1362 337 1977 337 1361 337 1979 337 1977 337 1362 337 1978 5 1976 5 1977 5 1978 533 1977 533 1979 533 1366 534 1980 534 1364 534 1981 534 1980 534 1366 534 1982 535 1983 535 1367 535 1982 536 1367 536 1365 536 1367 417 1981 417 1366 417 1983 256 1981 256 1367 256 1982 5 1980 5 1981 5 1982 537 1981 537 1983 537 1371 538 1984 538 1369 538 1985 539 1984 539 1371 539 1986 540 1372 540 1370 540 1372 255 1985 255 1371 255 1986 5 1984 5 1985 5 1376 358 1987 358 1374 358 1988 541 1987 541 1376 541 1989 542 1377 542 1375 542 1988 543 1377 543 1989 543 1989 5 1987 5 1988 5 1381 544 1990 544 1379 544 1991 545 1990 545 1381 545 1992 546 1382 546 1380 546 1382 11 1991 11 1381 11 1992 5 1990 5 1991 5 1386 547 1993 547 1384 547 1994 548 1993 548 1386 548 1995 549 1996 549 1387 549 1995 550 1387 550 1385 550 1387 285 1994 285 1386 285 1996 285 1994 285 1387 285 1995 551 1993 551 1994 551 1995 552 1994 552 1996 552 1391 553 1997 553 1389 553 1998 554 1997 554 1391 554 1999 555 2000 555 1392 555 1999 556 1392 556 1390 556 1392 285 1998 285 1391 285 2000 285 1998 285 1392 285 1999 557 1997 557 1998 557 1999 558 1998 558 2000 558 1396 559 2001 559 1394 559 2002 560 2001 560 1396 560 2003 561 2004 561 1397 561 2003 561 1397 561 1395 561 1397 367 2002 367 1396 367 2004 28 2002 28 1397 28 2003 5 2001 5 2002 5 2003 562 2002 562 2004 562 2005 563 2006 563 1399 563 2005 564 1399 564 1401 564 2007 565 2008 565 1402 565 2007 566 1402 566 1400 566 1402 28 2005 28 1401 28 2008 273 2005 273 1402 273 2007 5 2006 5 2005 5 2007 567 2005 567 2008 567 2009 568 2010 568 1404 568 2009 383 1404 383 1406 383 2009 569 1407 569 2011 569 2011 570 1407 570 1405 570 2011 5 2010 5 2009 5 1411 571 2012 571 1409 571 2013 571 2012 571 1411 571 2014 572 1412 572 1410 572 1412 11 2013 11 1411 11 2014 5 2012 5 2013 5 1416 573 2015 573 1414 573 2016 573 2015 573 1416 573 1415 574 2017 574 1417 574 2018 575 2017 575 1415 575 2017 576 1416 576 1417 576 2017 577 2016 577 1416 577 2018 578 2015 578 2016 578 2018 579 2016 579 2017 579 2019 580 2020 580 1419 580 2019 580 1419 580 1421 580 1420 581 2021 581 1422 581 2022 581 2021 581 1420 581 2021 11 1421 11 1422 11 2021 10 2019 10 1421 10 2022 582 2020 582 2019 582 2022 583 2019 583 2021 583 2023 584 2024 584 1424 584 2023 585 1424 585 1426 585 2023 586 1427 586 2025 586 2025 587 1427 587 1425 587 2025 588 2024 588 2023 588 1431 589 2026 589 1429 589 2027 589 2026 589 1431 589 1432 22 2027 22 1431 22 2028 590 1432 590 1430 590 2028 5 2026 5 2027 5 2029 591 2030 591 1434 591 2029 591 1434 591 1436 591 2029 592 1437 592 2031 592 2031 593 1437 593 1435 593 2031 5 2030 5 2029 5 2032 594 2033 594 1439 594 2032 594 1439 594 1441 594 1442 39 2032 39 1441 39 2034 595 1442 595 1440 595 2034 5 2033 5 2032 5 1446 596 2035 596 1444 596 2036 596 2035 596 1446 596 2036 597 1447 597 2037 597 2037 598 1447 598 1445 598 2037 5 2035 5 2036 5 1451 599 2038 599 1449 599 2039 599 2038 599 1451 599 1450 600 2040 600 1452 600 2041 601 2040 601 1450 601 2040 22 1451 22 1452 22 2040 28 2039 28 1451 28 2041 5 2038 5 2039 5 2041 602 2039 602 2040 602 1456 603 2042 603 1454 603 2043 604 2042 604 1456 604 2044 605 1457 605 1455 605 2043 606 1457 606 2044 606 2044 607 2042 607 2043 607 1461 608 2045 608 1459 608 2046 609 2045 609 1461 609 1462 10 2046 10 1461 10 2047 610 1462 610 1460 610 2047 611 2045 611 2046 611 1466 612 2048 612 1464 612 2049 613 2048 613 1466 613 2049 614 1467 614 2050 614 2050 615 1467 615 1465 615 2050 5 2048 5 2049 5 1471 616 2051 616 1469 616 2052 617 2051 617 1471 617 1470 618 2053 618 1472 618 2054 618 2053 618 1470 618 2053 11 1471 11 1472 11 2053 11 2052 11 1471 11 2054 5 2051 5 2052 5 2054 619 2052 619 2053 619 1476 620 2055 620 1474 620 2056 620 2055 620 1476 620 2056 621 1477 621 2057 621 2057 622 1477 622 1475 622 2057 5 2055 5 2056 5 2058 623 2059 623 1479 623 2058 624 1479 624 1481 624 1482 28 2058 28 1481 28 2060 625 1482 625 1480 625 2060 5 2059 5 2058 5 1486 626 2061 626 1484 626 2062 627 2061 627 1486 627 2062 628 1487 628 2063 628 2063 629 1487 629 1485 629 2063 630 2061 630 2062 630 1491 631 2064 631 1489 631 2065 632 2064 632 1491 632 1492 11 2065 11 1491 11 2066 633 1492 633 1490 633 2066 634 2064 634 2065 634 1496 635 2067 635 1494 635 2068 635 2067 635 1496 635 2069 636 1497 636 1495 636 2068 637 1497 637 2069 637 2069 638 2067 638 2068 638 1501 639 2070 639 1499 639 2071 639 2070 639 1501 639 1502 576 2071 576 1501 576 2072 640 1502 640 1500 640 2072 5 2070 5 2071 5 1506 641 2073 641 1504 641 2074 641 2073 641 1506 641 1505 642 2075 642 1507 642 2076 642 2075 642 1505 642 2075 256 1506 256 1507 256 2075 70 2074 70 1506 70 2076 5 2073 5 2074 5 2076 643 2074 643 2075 643 1511 644 2077 644 1509 644 2078 644 2077 644 1511 644 1512 645 2078 645 1511 645 2079 646 1512 646 1510 646 2079 5 2077 5 2078 5 1516 647 2080 647 1514 647 2081 648 2080 648 1516 648 1515 649 2082 649 1517 649 2083 649 2082 649 1515 649 2082 10 1516 10 1517 10 2082 10 2081 10 1516 10 2083 5 2080 5 2081 5 2083 650 2081 650 2082 650 1521 651 2084 651 1519 651 2085 652 2084 652 1521 652 1520 653 2086 653 1522 653 2087 653 2086 653 1520 653 2086 11 1521 11 1522 11 2086 10 2085 10 1521 10 2087 654 2084 654 2085 654 2087 655 2085 655 2086 655 1526 656 2088 656 1524 656 2089 657 2088 657 1526 657 2089 658 1527 658 2090 658 2090 659 1527 659 1525 659 2090 660 2088 660 2089 660 1531 661 2091 661 1529 661 2092 662 2091 662 1531 662 2093 663 1532 663 1530 663 1532 22 2092 22 1531 22 2093 5 2091 5 2092 5 2094 664 2095 664 1534 664 2094 665 1534 665 1536 665 2096 666 1537 666 1535 666 2094 667 1537 667 2096 667 2096 5 2095 5 2094 5 1541 668 2097 668 1539 668 2098 669 2097 669 1541 669 1542 11 2098 11 1541 11 2099 670 1542 670 1540 670 2099 5 2097 5 2098 5 2100 671 2101 671 1544 671 2100 672 1544 672 1546 672 1545 673 2102 673 1547 673 2103 673 2102 673 1545 673 2102 10 1546 10 1547 10 2102 11 2100 11 1546 11 2103 5 2101 5 2100 5 2103 674 2100 674 2102 674 2104 675 2105 675 1549 675 2104 676 1549 676 1551 676 1552 576 2104 576 1551 576 2106 677 1552 677 1550 677 2106 5 2105 5 2104 5 1556 678 2107 678 1554 678 2108 678 2107 678 1556 678 2108 679 1557 679 2109 679 2109 680 1557 680 1555 680 2109 681 2107 681 2108 681 2110 682 2111 682 1559 682 2110 683 1559 683 1561 683 1562 684 2110 684 1561 684 2112 685 1562 685 1560 685 2112 686 2111 686 2110 686 1566 687 2113 687 1564 687 2114 687 2113 687 1566 687 2114 688 1567 688 2115 688 2115 689 1567 689 1565 689 2115 5 2113 5 2114 5 1571 690 2116 690 1569 690 2117 691 2116 691 1571 691 1570 692 2118 692 1572 692 2119 693 2118 693 1570 693 2118 11 1571 11 1572 11 2118 11 2117 11 1571 11 2119 5 2116 5 2117 5 2119 694 2117 694 2118 694 1576 695 2120 695 1574 695 2121 696 2120 696 1576 696 2122 697 1577 697 1575 697 2121 698 1577 698 2122 698 2122 5 2120 5 2121 5 2123 699 2124 699 1579 699 2123 699 1579 699 1581 699 1582 28 2123 28 1581 28 2125 556 1582 556 1580 556 2125 5 2124 5 2123 5 1586 700 2126 700 1584 700 2127 701 2126 701 1586 701 2128 702 2129 702 1587 702 2128 702 1587 702 1585 702 1587 577 2127 577 1586 577 2129 577 2127 577 1587 577 2128 703 2126 703 2127 703 2128 704 2127 704 2129 704 1591 705 2130 705 1589 705 2131 705 2130 705 1591 705 1592 256 2131 256 1591 256 2132 706 1592 706 1590 706 2132 707 2130 707 2131 707 2133 708 2134 708 1594 708 2133 708 1594 708 1596 708 2133 709 1597 709 2135 709 2135 710 1597 710 1595 710 2135 711 2134 711 2133 711 2136 712 2137 712 1599 712 2136 713 1599 713 1601 713 2138 714 2139 714 1602 714 2138 715 1602 715 1600 715 1602 10 2136 10 1601 10 2139 11 2136 11 1602 11 2138 5 2137 5 2136 5 2138 716 2136 716 2139 716 1606 717 2140 717 1604 717 2141 718 2140 718 1606 718 2142 719 2143 719 1607 719 2142 719 1607 719 1605 719 1607 10 2141 10 1606 10 2143 11 2141 11 1607 11 2142 5 2140 5 2141 5 2142 720 2141 720 2143 720 2144 721 2145 721 1609 721 2144 722 1609 722 1611 722 2146 723 1612 723 1610 723 1612 684 2144 684 1611 684 2146 5 2145 5 2144 5 1616 724 2147 724 1614 724 2148 724 2147 724 1616 724 2149 725 2150 725 1617 725 2149 725 1617 725 1615 725 1617 11 2148 11 1616 11 2150 10 2148 10 1617 10 2149 5 2147 5 2148 5 2149 726 2148 726 2150 726 2151 727 2152 727 1619 727 2151 728 1619 728 1621 728 2153 729 2154 729 1622 729 2153 730 1622 730 1620 730 1622 18 2151 18 1621 18 2154 39 2151 39 1622 39 2153 731 2152 731 2151 731 2153 732 2151 732 2154 732 2155 733 2156 733 1624 733 2155 734 1624 734 1626 734 2157 735 2158 735 1627 735 2157 735 1627 735 1625 735 1627 11 2155 11 1626 11 2158 10 2155 10 1627 10 2157 736 2156 736 2155 736 2157 737 2155 737 2158 737 1631 738 2159 738 1629 738 2160 739 2159 739 1631 739 1632 11 2160 11 1631 11 2161 740 1632 740 1630 740 2161 741 2159 741 2160 741 1636 742 2162 742 1634 742 2163 742 2162 742 1636 742 2164 743 2165 743 1637 743 2164 744 1637 744 1635 744 1637 70 2163 70 1636 70 2165 256 2163 256 1637 256 2164 5 2162 5 2163 5 2164 745 2163 745 2165 745 1641 746 2166 746 1639 746 2167 747 2166 747 1641 747 1640 748 2168 748 1642 748 2169 749 2168 749 1640 749 2168 256 1641 256 1642 256 2168 70 2167 70 1641 70 2169 5 2166 5 2167 5 2169 750 2167 750 2168 750 1646 751 2170 751 1644 751 2171 752 2170 752 1646 752 1647 753 2172 753 2171 753 1647 39 2171 39 1646 39 2172 5 2170 5 2171 5 2173 754 2174 754 1649 754 2173 754 1649 754 1651 754 2175 755 2176 755 1652 755 2175 756 1652 756 1650 756 1652 22 2173 22 1651 22 2176 28 2173 28 1652 28 2175 5 2174 5 2173 5 2175 757 2173 757 2176 757 2177 758 2178 758 1654 758 2177 758 1654 758 1656 758 1655 759 2179 759 1657 759 2180 760 2179 760 1655 760 2179 11 1656 11 1657 11 2179 761 2177 761 1656 761 2180 762 2178 762 2177 762 2180 763 2177 763 2179 763 1660 764 2181 764 1658 764 2182 764 2181 764 1660 764 1661 11 2182 11 1660 11 2183 765 1661 765 1659 765 2183 766 2181 766 2182 766 2184 767 2185 767 1662 767 2184 564 1662 564 1664 564 2186 768 2187 768 1665 768 2186 769 1665 769 1663 769 1665 22 2184 22 1664 22 2187 28 2184 28 1665 28 2186 5 2185 5 2184 5 2186 770 2184 770 2187 770 2188 771 2189 771 1666 771 2188 772 1666 772 1668 772 2188 773 1669 773 2190 773 2190 774 1669 774 1667 774 2190 5 2189 5 2188 5 2191 775 2192 775 1670 775 2191 775 1670 775 1672 775 2193 776 2194 776 1673 776 2193 776 1673 776 1671 776 1673 11 2191 11 1672 11 2194 11 2191 11 1673 11 2195 5 2192 5 2191 5 2195 777 2191 777 2194 777 2193 5 2195 5 2194 5 2196 778 2197 778 1674 778 2196 778 1674 778 1676 778 1675 779 2198 779 1677 779 2199 779 2198 779 1675 779 2198 10 1676 10 1677 10 2198 11 2196 11 1676 11 2199 5 2197 5 2196 5 2199 780 2196 780 2198 780 1680 781 2200 781 1678 781 2201 781 2200 781 1680 781 1679 782 2202 782 1681 782 2203 782 2202 782 1679 782 2202 11 1680 11 1681 11 2202 10 2201 10 1680 10 2203 5 2200 5 2201 5 2203 783 2201 783 2202 783 2204 784 2205 784 1682 784 2204 785 1682 785 1684 785 2206 786 2207 786 1685 786 2206 786 1685 786 1683 786 1685 28 2204 28 1684 28 2207 22 2204 22 1685 22 2206 5 2205 5 2204 5 2206 787 2204 787 2207 787 1688 788 2208 788 1686 788 2209 789 2208 789 1688 789 2210 790 1689 790 1687 790 2209 791 1689 791 2210 791 2210 5 2208 5 2209 5 1692 792 2211 792 1690 792 2212 792 2211 792 1692 792 1691 793 2213 793 1693 793 2214 794 2213 794 1691 794 2213 11 1692 11 1693 11 2213 10 2212 10 1692 10 2214 5 2211 5 2212 5 2214 795 2212 795 2213 795 1696 796 2215 796 1694 796 2216 797 2215 797 1696 797 1697 798 2217 798 2216 798 1697 18 2216 18 1696 18 2217 5 2215 5 2216 5 2218 799 2219 799 1698 799 2218 800 1698 800 1700 800 2220 801 2221 801 1701 801 2220 802 1701 802 1699 802 1701 10 2218 10 1700 10 2221 10 2218 10 1701 10 2220 5 2219 5 2218 5 2220 803 2218 803 2221 803 1704 804 2222 804 1702 804 2223 804 2222 804 1704 804 2224 805 1705 805 1703 805 2223 806 1705 806 2224 806 2224 807 2222 807 2223 807 2225 808 2226 808 1706 808 2225 809 1706 809 1708 809 2227 810 2228 810 1709 810 2227 811 1709 811 1707 811 1709 576 2225 576 1708 576 2228 812 2225 812 1709 812 2227 5 2226 5 2225 5 2227 813 2225 813 2228 813 2229 814 2230 814 1710 814 2229 814 1710 814 1712 814 2232 815 2231 815 1711 815 2232 5 2230 5 2229 5 2232 816 2229 816 2231 816 2233 817 2234 817 1713 817 2233 818 1713 818 1715 818 2235 819 2236 819 1716 819 2235 819 1716 819 1714 819 1716 18 2233 18 1715 18 2236 17 2233 17 1716 17 2235 5 2234 5 2233 5 2235 820 2233 820 2236 820 2237 821 2238 821 1717 821 2237 821 1717 821 1719 821 2239 822 1720 822 1718 822 2237 823 1720 823 2239 823 2239 5 2238 5 2237 5 1723 824 2240 824 1721 824 2241 825 2240 825 1723 825 2242 826 2243 826 1724 826 2242 827 1724 827 1722 827 1724 28 2241 28 1723 28 2243 28 2241 28 1724 28 2242 5 2240 5 2241 5 2242 828 2241 828 2243 828 1727 829 2244 829 1725 829 2245 830 2244 830 1727 830 2246 831 2247 831 1728 831 2246 832 1728 832 1726 832 1728 22 2245 22 1727 22 2247 28 2245 28 1728 28 2246 5 2244 5 2245 5 2246 833 2245 833 2247 833 2248 834 2249 834 1729 834 2248 835 1729 835 1731 835 1730 836 2250 836 1732 836 2251 837 2250 837 1730 837 2250 28 1731 28 1732 28 2250 22 2248 22 1731 22 2251 5 2249 5 2248 5 2251 838 2248 838 2250 838 1735 839 2252 839 1733 839 2253 839 2252 839 1735 839 2253 840 1736 840 2254 840 2254 841 1736 841 1734 841 2254 5 2252 5 2253 5 2255 842 2256 842 1737 842 2255 842 1737 842 1739 842 2255 843 1740 843 2257 843 2257 844 1740 844 1738 844 2257 5 2256 5 2255 5 2258 845 2259 845 1741 845 2258 846 1741 846 1743 846 2260 847 1744 847 1742 847 2258 848 1744 848 2260 848 2260 5 2259 5 2258 5 1747 849 2261 849 1745 849 2262 849 2261 849 1747 849 2263 850 2264 850 1748 850 2263 851 1748 851 1746 851 1748 70 2262 70 1747 70 2264 256 2262 256 1748 256 2263 852 2261 852 2262 852 2263 853 2262 853 2264 853 2265 5 2266 5 2267 5 2265 854 2267 854 2268 854 2269 855 2265 855 2268 855 1760 856 2265 856 1750 856 2266 857 2265 857 1760 857 2269 858 2268 858 1751 858 2269 858 1751 858 1752 858 2268 256 1749 256 1751 256 2268 256 2267 256 1749 256 2267 859 1760 859 1749 859 2267 29 2266 29 1760 29 2270 5 2271 5 2272 5 2270 19 2272 19 2273 19 2274 860 2270 860 2273 860 2271 861 2270 861 1754 861 2271 862 1754 862 1753 862 1757 863 2273 863 1756 863 2274 864 2273 864 1757 864 2273 18 1755 18 1756 18 2273 39 2272 39 1755 39 1755 865 2271 865 1753 865 2272 866 2271 866 1755 866 1764 867 2275 867 1763 867 1080 868 1764 868 1077 868 1765 869 1764 869 1080 869 1765 870 2275 870 1764 870 1767 871 2275 871 1765 871 1084 872 1767 872 1081 872 1769 873 1767 873 1084 873 1769 874 2275 874 1767 874 1771 875 2275 875 1769 875 1773 873 1771 873 1085 873 1773 876 1085 876 1088 876 1773 874 2275 874 1771 874 1777 877 1775 877 1089 877 1777 877 1089 877 1092 877 1096 876 1779 876 1093 876 1781 873 1779 873 1096 873 1785 878 1783 878 1097 878 1785 878 1097 878 1100 878 1105 879 1787 879 1101 879 1789 880 1787 880 1105 880 1793 881 1791 881 1106 881 1793 882 1106 882 1110 882 1115 883 1795 883 1111 883 1797 883 1795 883 1115 883 1120 882 1800 882 1116 882 1801 882 1800 882 1120 882 1805 883 1803 883 1121 883 1805 883 1121 883 1125 883 1808 883 1807 883 1126 883 1808 881 1126 881 1130 881 1811 881 1810 881 1131 881 1811 881 1131 881 1135 881 1816 869 1813 869 1136 869 1816 883 1136 883 1140 883 1819 884 1817 884 1141 884 1819 885 1141 885 1145 885 1822 883 1821 883 1146 883 1822 883 1146 883 1150 883 1825 869 1824 869 1151 869 1825 883 1151 883 1155 883 1828 881 1827 881 1156 881 1828 881 1156 881 1160 881 1165 881 1831 881 1161 881 1832 881 1831 881 1165 881 1835 881 1834 881 1166 881 1835 881 1166 881 1170 881 1839 869 1837 869 1171 869 1839 869 1171 869 1175 869 1180 886 1841 886 1176 886 1842 886 1841 886 1180 886 1845 881 1844 881 1181 881 1845 881 1181 881 1185 881 1849 886 1847 886 1186 886 1849 886 1186 886 1190 886 1195 881 1851 881 1191 881 1853 881 1851 881 1195 881 1856 883 1855 883 1196 883 1856 883 1196 883 1200 883 1860 883 1859 883 1201 883 1860 881 1201 881 1205 881 1210 883 1862 883 1206 883 1863 881 1862 881 1210 881 1866 869 1865 869 1211 869 1866 883 1211 883 1215 883 1869 881 1868 881 1216 881 1869 881 1216 881 1220 881 1225 883 1871 883 1221 883 1873 883 1871 883 1225 883 1876 869 1874 869 1226 869 1876 883 1226 883 1230 883 1880 881 1878 881 1231 881 1880 883 1231 883 1235 883 1240 881 1883 881 1236 881 1884 883 1883 883 1240 883 1245 887 1886 887 1241 887 1888 888 1886 888 1245 888 1893 872 1890 872 1246 872 1893 878 1246 878 1250 878 1896 872 1894 872 1251 872 1896 878 1251 878 1255 878 1900 889 1899 889 1256 889 1900 889 1256 889 1260 889 1905 872 1902 872 1261 872 1905 890 1261 890 1265 890 1270 872 1906 872 1266 872 1908 878 1906 878 1270 878 1911 872 1910 872 1271 872 1911 878 1271 878 1275 878 1915 881 1913 881 1276 881 1915 869 1276 869 1280 869 1919 883 1917 883 1281 883 1919 881 1281 881 1285 881 1923 883 1921 883 1286 883 1923 881 1286 881 1290 881 1925 881 1924 881 1291 881 1925 869 1291 869 1295 869 1929 887 1927 887 1296 887 1929 886 1296 886 1300 886 1933 883 1931 883 1301 883 1933 881 1301 881 1308 881 1936 881 1935 881 1306 881 1936 881 1306 881 1310 881 1940 891 1938 891 1311 891 1940 885 1311 885 1315 885 1945 883 1942 883 1316 883 1945 881 1316 881 1320 881 1948 883 1947 883 1321 883 1948 869 1321 869 1324 869 2276 892 1948 892 1952 892 2276 893 1942 893 1945 893 2276 894 1947 894 1948 894 2276 895 1940 895 1942 895 2276 896 1945 896 1947 896 2276 897 2275 897 1773 897 2276 898 1773 898 1775 898 2276 899 1775 899 1777 899 2276 900 1777 900 1779 900 2276 901 1779 901 1781 901 2276 902 1781 902 1783 902 2276 903 1783 903 1785 903 2276 904 1785 904 1787 904 2276 905 1787 905 1789 905 2276 906 1789 906 1791 906 2276 907 1791 907 1793 907 2276 908 1793 908 1795 908 2276 909 1795 909 1797 909 2276 910 1797 910 1800 910 2276 911 1800 911 1801 911 2276 912 1801 912 1803 912 2276 913 1803 913 1805 913 2276 914 1805 914 1807 914 2276 915 1807 915 1808 915 2276 916 1808 916 1810 916 2276 917 1810 917 1811 917 2276 918 1811 918 1813 918 2276 919 1813 919 1816 919 2276 920 1816 920 1817 920 2276 921 1817 921 1819 921 2276 922 1819 922 1821 922 2276 923 1821 923 1822 923 2276 924 1822 924 1824 924 2276 925 1824 925 1825 925 2276 926 1825 926 1827 926 2276 927 1827 927 1828 927 2276 928 1828 928 1831 928 2276 929 1831 929 1832 929 2276 930 1832 930 1834 930 2276 931 1834 931 1835 931 2276 932 1835 932 1837 932 2276 933 1837 933 1839 933 2276 934 1839 934 1841 934 2276 935 1841 935 1842 935 2276 936 1842 936 1844 936 2276 937 1844 937 1845 937 2276 938 1845 938 1847 938 2276 939 1847 939 1849 939 2276 940 1849 940 1851 940 2276 941 1851 941 1853 941 2276 942 1853 942 1855 942 2276 943 1855 943 1856 943 2276 944 1856 944 1859 944 2276 945 1859 945 1860 945 2276 946 1860 946 1862 946 2276 947 1862 947 1863 947 2276 948 1863 948 1865 948 2276 949 1865 949 1866 949 2276 950 1866 950 1868 950 2276 951 1868 951 1869 951 2276 952 1869 952 1871 952 2276 953 1871 953 1873 953 2276 954 1873 954 1874 954 2276 955 1874 955 1876 955 2276 956 1876 956 1878 956 2276 957 1878 957 1880 957 2276 958 1880 958 1883 958 2276 959 1883 959 1884 959 2276 960 1884 960 1886 960 2276 961 1886 961 1888 961 2276 962 1888 962 1890 962 2276 963 1890 963 1893 963 2276 964 1893 964 1894 964 2276 965 1894 965 1896 965 2276 966 1896 966 1899 966 2276 967 1899 967 1900 967 2276 968 1900 968 1902 968 2276 969 1902 969 1905 969 2276 970 1905 970 1906 970 2276 971 1906 971 1908 971 2276 972 1908 972 1910 972 2276 973 1910 973 1911 973 2276 974 1911 974 1913 974 2276 975 1913 975 1915 975 2276 976 1915 976 1917 976 2276 977 1917 977 1919 977 2276 978 1919 978 1921 978 2276 979 1921 979 1923 979 2276 980 1923 980 1924 980 2276 981 1924 981 1925 981 2276 982 1925 982 1927 982 2276 983 1927 983 1929 983 2276 984 1929 984 1931 984 2276 985 1931 985 1933 985 2276 986 1933 986 1935 986 2276 987 1935 987 1936 987 2276 988 1936 988 1938 988 2276 989 1938 989 1940 989 1950 990 2276 990 1952 990 1329 991 1950 991 1325 991 1953 992 1950 992 1329 992 1953 993 2276 993 1950 993 1955 994 2276 994 1953 994 1334 995 1955 995 1330 995 1958 996 2276 996 1955 996 1958 995 1955 995 1334 995 1959 997 2276 997 1958 997 1339 998 1959 998 1335 998 1961 999 2276 999 1959 999 1961 991 1959 991 1339 991 1963 1000 2276 1000 1961 1000 1964 1001 1963 1001 1340 1001 1964 1002 1340 1002 1344 1002 1349 991 1966 991 1345 991 1968 991 1966 991 1349 991 1972 1003 1970 1003 1350 1003 1972 1001 1350 1001 1354 1001 1359 1001 1974 1001 1355 1001 1976 1002 1974 1002 1359 1002 1980 992 1978 992 1360 992 1980 995 1360 995 1364 995 1984 1002 1982 1002 1365 1002 1984 1001 1365 1001 1369 1001 1987 1004 1986 1004 1370 1004 1987 1005 1370 1005 1374 1005 1990 1001 1989 1001 1375 1001 1990 1006 1375 1006 1379 1006 1993 1007 1992 1007 1380 1007 1993 1007 1380 1007 1384 1007 1997 1006 1995 1006 1385 1006 1997 1006 1385 1006 1389 1006 2001 1007 1999 1007 1390 1007 2001 1004 1390 1004 1394 1004 2006 1003 2003 1003 1395 1003 2006 1003 1395 1003 1399 1003 2010 995 2007 995 1400 995 2010 991 1400 991 1404 991 2012 1003 2011 1003 1405 1003 2012 1006 1405 1006 1409 1006 2015 1008 2014 1008 1410 1008 2015 1008 1410 1008 1414 1008 2020 1009 2018 1009 1415 1009 2020 1009 1415 1009 1419 1009 2024 1010 2022 1010 1420 1010 2024 1008 1420 1008 1424 1008 2026 1011 2025 1011 1425 1011 2026 998 1425 998 1429 998 2030 1012 2028 1012 1430 1012 2030 1012 1430 1012 1434 1012 1439 1013 2031 1013 1435 1013 2033 1003 2031 1003 1439 1003 2035 1012 2034 1012 1440 1012 2035 1014 1440 1014 1444 1014 1449 1013 2037 1013 1445 1013 2038 1006 2037 1006 1449 1006 2042 1015 2041 1015 1450 1015 2042 1015 1450 1015 1454 1015 1459 1015 2044 1015 1455 1015 2045 1015 2044 1015 1459 1015 2048 1009 2047 1009 1460 1009 2048 1009 1460 1009 1464 1009 1469 1016 2050 1016 1465 1016 2051 1017 2050 1017 1469 1017 2055 1014 2054 1014 1470 1014 2055 1018 1470 1018 1474 1018 1479 1006 2057 1006 1475 1006 2059 1013 2057 1013 1479 1013 2061 1019 2060 1019 1480 1019 2061 1019 1480 1019 1484 1019 2064 1013 2063 1013 1485 1013 2064 1013 1485 1013 1489 1013 1494 998 2066 998 1490 998 2067 1019 2066 1019 1494 1019 1499 1016 2069 1016 1495 1016 2070 1017 2069 1017 1499 1017 1504 1017 2072 1017 1500 1017 2073 1016 2072 1016 1504 1016 1509 1017 2076 1017 1505 1017 2077 1017 2076 1017 1509 1017 2080 1017 2079 1017 1510 1017 2080 1017 1510 1017 1514 1017 2084 998 2083 998 1515 998 2084 1019 1515 1019 1519 1019 2088 1019 2087 1019 1520 1019 2088 1019 1520 1019 1524 1019 2091 1019 2090 1019 1525 1019 2091 1019 1525 1019 1529 1019 2095 1020 2093 1020 1530 1020 2095 1021 1530 1021 1534 1021 1539 1019 2096 1019 1535 1019 2097 998 2096 998 1539 998 2101 1017 2099 1017 1540 1017 2101 1016 1540 1016 1544 1016 2105 1017 2103 1017 1545 1017 2105 1017 1545 1017 1549 1017 2107 1016 2106 1016 1550 1016 2107 1017 1550 1017 1554 1017 2111 1019 2109 1019 1555 1019 2111 1019 1555 1019 1559 1019 1564 998 2112 998 1560 998 2113 1019 2112 1019 1564 1019 2116 998 2115 998 1565 998 2116 1019 1565 1019 1569 1019 1574 1013 2119 1013 1570 1013 2120 1006 2119 1006 1574 1006 2124 1006 2122 1006 1575 1006 2124 1013 1575 1013 1579 1013 2126 1019 2125 1019 1580 1019 2126 1019 1580 1019 1584 1019 2130 1009 2128 1009 1585 1009 2130 1009 1585 1009 1589 1009 2134 1015 2132 1015 1590 1015 2134 1009 1590 1009 1594 1009 2137 1016 2135 1016 1595 1016 2137 1016 1595 1016 1599 1016 2140 1022 2138 1022 1600 1022 2140 1016 1600 1016 1604 1016 2145 1013 2142 1013 1605 1013 2145 1006 1605 1006 1609 1006 2147 1006 2146 1006 1610 1006 2147 1013 1610 1013 1614 1013 2152 1013 2149 1013 1615 1013 2152 1006 1615 1006 1619 1006 2156 1019 2153 1019 1620 1019 2156 1019 1620 1019 1624 1019 2159 1023 2157 1023 1625 1023 2159 1006 1625 1006 1629 1006 1634 1008 2161 1008 1630 1008 2162 1008 2161 1008 1634 1008 1639 1009 2164 1009 1635 1009 2166 1015 2164 1015 1639 1015 2170 1010 2169 1010 1640 1010 2170 1024 1640 1024 1644 1024 2174 1015 2172 1015 1645 1015 2174 1015 1645 1015 1649 1015 2178 1012 2175 1012 1650 1012 2178 1014 1650 1014 1654 1014 1658 1023 2180 1023 1655 1023 2181 1013 2180 1013 1658 1013 1662 998 2183 998 1659 998 2185 1019 2183 1019 1662 1019 2189 1013 2186 1013 1663 1013 2189 1023 1663 1023 1666 1023 2192 1008 2190 1008 1667 1008 2192 1008 1667 1008 1670 1008 2277 1025 2183 1025 2185 1025 2277 1026 2186 1026 2189 1026 2277 1027 2190 1027 2192 1027 2277 1028 2181 1028 2183 1028 2277 1029 2185 1029 2186 1029 2277 1030 2189 1030 2190 1030 2277 1031 2192 1031 2195 1031 2277 1032 2276 1032 1963 1032 2277 1033 1963 1033 1964 1033 2277 1034 1964 1034 1966 1034 2277 1035 1966 1035 1968 1035 2277 1036 1968 1036 1970 1036 2277 1037 1970 1037 1972 1037 2277 1038 1972 1038 1974 1038 2277 1039 1974 1039 1976 1039 2277 1040 1976 1040 1978 1040 2277 1041 1978 1041 1980 1041 2277 1042 1980 1042 1982 1042 2277 1043 1982 1043 1984 1043 2277 1044 1984 1044 1986 1044 2277 1045 1986 1045 1987 1045 2277 1046 1987 1046 1989 1046 2277 1047 1989 1047 1990 1047 2277 1048 1990 1048 1992 1048 2277 1049 1992 1049 1993 1049 2277 1050 1993 1050 1995 1050 2277 1051 1995 1051 1997 1051 2277 1052 1997 1052 1999 1052 2277 1053 1999 1053 2001 1053 2277 1054 2001 1054 2003 1054 2277 1055 2003 1055 2006 1055 2277 1056 2006 1056 2007 1056 2277 1057 2007 1057 2010 1057 2277 1058 2010 1058 2011 1058 2277 1059 2011 1059 2012 1059 2277 1060 2012 1060 2014 1060 2277 1061 2014 1061 2015 1061 2277 1062 2015 1062 2018 1062 2277 1063 2018 1063 2020 1063 2277 1064 2020 1064 2022 1064 2277 1065 2022 1065 2024 1065 2277 1066 2024 1066 2025 1066 2277 1067 2025 1067 2026 1067 2277 1068 2026 1068 2028 1068 2277 1069 2028 1069 2030 1069 2277 1070 2030 1070 2031 1070 2277 1071 2031 1071 2033 1071 2277 1072 2033 1072 2034 1072 2277 1073 2034 1073 2035 1073 2277 1074 2035 1074 2037 1074 2277 1075 2037 1075 2038 1075 2277 1076 2038 1076 2041 1076 2277 1077 2041 1077 2042 1077 2277 1078 2042 1078 2044 1078 2277 1079 2044 1079 2045 1079 2277 1080 2045 1080 2047 1080 2277 1081 2047 1081 2048 1081 2277 1082 2048 1082 2050 1082 2277 1083 2050 1083 2051 1083 2277 1084 2051 1084 2054 1084 2277 1085 2054 1085 2055 1085 2277 1086 2055 1086 2057 1086 2277 1087 2057 1087 2059 1087 2277 1088 2059 1088 2060 1088 2277 1089 2060 1089 2061 1089 2277 1090 2061 1090 2063 1090 2277 1091 2063 1091 2064 1091 2277 1092 2064 1092 2066 1092 2277 1093 2066 1093 2067 1093 2277 1094 2067 1094 2069 1094 2277 1095 2069 1095 2070 1095 2277 1096 2070 1096 2072 1096 2277 1097 2072 1097 2073 1097 2277 1098 2073 1098 2076 1098 2277 1099 2076 1099 2077 1099 2277 1100 2077 1100 2079 1100 2277 1101 2079 1101 2080 1101 2277 1102 2080 1102 2083 1102 2277 1103 2083 1103 2084 1103 2277 1104 2084 1104 2087 1104 2277 1105 2087 1105 2088 1105 2277 1106 2088 1106 2090 1106 2277 1107 2090 1107 2091 1107 2277 1108 2091 1108 2093 1108 2277 1109 2093 1109 2095 1109 2277 1110 2095 1110 2096 1110 2277 1111 2096 1111 2097 1111 2277 1112 2097 1112 2099 1112 2277 1113 2099 1113 2101 1113 2277 1114 2101 1114 2103 1114 2277 1115 2103 1115 2105 1115 2277 1116 2105 1116 2106 1116 2277 1117 2106 1117 2107 1117 2277 1118 2107 1118 2109 1118 2277 1119 2109 1119 2111 1119 2277 1120 2111 1120 2112 1120 2277 1121 2112 1121 2113 1121 2277 1122 2113 1122 2115 1122 2277 1123 2115 1123 2116 1123 2277 1124 2116 1124 2119 1124 2277 1125 2119 1125 2120 1125 2277 1126 2120 1126 2122 1126 2277 1127 2122 1127 2124 1127 2277 1128 2124 1128 2125 1128 2277 1129 2125 1129 2126 1129 2277 1130 2126 1130 2128 1130 2277 1131 2128 1131 2130 1131 2277 1132 2130 1132 2132 1132 2277 1133 2132 1133 2134 1133 2277 1134 2134 1134 2135 1134 2277 1135 2135 1135 2137 1135 2277 1136 2137 1136 2138 1136 2277 1137 2138 1137 2140 1137 2277 1138 2140 1138 2142 1138 2277 1139 2142 1139 2145 1139 2277 1140 2145 1140 2146 1140 2277 1141 2146 1141 2147 1141 2277 1142 2147 1142 2149 1142 2277 1143 2149 1143 2152 1143 2277 1144 2152 1144 2153 1144 2277 1145 2153 1145 2156 1145 2277 1146 2156 1146 2157 1146 2277 1147 2157 1147 2159 1147 2277 1148 2159 1148 2161 1148 2277 1149 2161 1149 2162 1149 2277 1150 2162 1150 2164 1150 2277 1151 2164 1151 2166 1151 2277 1152 2166 1152 2169 1152 2277 1153 2169 1153 2170 1153 2277 1154 2170 1154 2172 1154 2277 1155 2172 1155 2174 1155 2277 1156 2174 1156 2175 1156 2277 1157 2175 1157 2178 1157 2277 1158 2178 1158 2180 1158 2277 1159 2180 1159 2181 1159 2193 1160 2277 1160 2195 1160 1674 1012 2193 1012 1671 1012 2197 1161 2277 1161 2193 1161 2197 1012 2193 1012 1674 1012 2199 1162 2277 1162 2197 1162 1678 1163 2199 1163 1675 1163 2200 1164 2199 1164 1678 1164 2200 1165 2277 1165 2199 1165 2203 1166 2277 1166 2200 1166 2205 1167 2203 1167 1679 1167 2205 1168 1679 1168 1682 1168 1686 1010 2206 1010 1683 1010 2208 1024 2206 1024 1686 1024 2211 1164 2210 1164 1687 1164 2211 1163 1687 1163 1690 1163 2215 1163 2214 1163 1691 1163 2215 1164 1691 1164 1694 1164 2219 1169 2217 1169 1695 1169 2219 1170 1695 1170 1698 1170 2222 1014 2220 1014 1699 1014 2222 1012 1699 1012 1702 1012 2226 1168 2224 1168 1703 1168 2226 1167 1703 1167 1706 1167 2230 1013 2227 1013 1707 1013 2230 1006 1707 1006 1710 1006 2234 1006 2232 1006 1711 1006 2234 1013 1711 1013 1713 1013 2238 1013 2235 1013 1714 1013 2238 1006 1714 1006 1717 1006 2240 1171 2239 1171 1718 1171 2240 1168 1718 1168 1721 1168 2244 1172 2242 1172 1722 1172 2244 1172 1722 1172 1725 1172 2249 1173 2246 1173 1726 1173 2249 1164 1726 1164 1729 1164 2252 1174 2251 1174 1730 1174 2252 1172 1730 1172 1733 1172 2256 1167 2254 1167 1734 1167 2256 1168 1734 1168 1737 1168 2259 1175 2257 1175 1738 1175 2259 1169 1738 1169 1741 1169 1745 1169 2260 1169 1742 1169 2261 1170 2260 1170 1745 1170 1750 1176 2263 1176 1746 1176 2265 1177 2263 1177 1750 1177 2270 1178 2269 1178 1752 1178 2270 1179 1752 1179 1754 1179 1759 1180 2274 1180 1757 1180 2278 1181 2274 1181 1759 1181 2278 1182 2277 1182 2203 1182 2278 1183 2203 1183 2205 1183 2278 1184 2205 1184 2206 1184 2278 1185 2206 1185 2208 1185 2278 1186 2208 1186 2210 1186 2278 1187 2210 1187 2211 1187 2278 1188 2211 1188 2214 1188 2278 1189 2214 1189 2215 1189 2278 1190 2215 1190 2217 1190 2278 1191 2217 1191 2219 1191 2278 1192 2219 1192 2220 1192 2278 1193 2220 1193 2222 1193 2278 1194 2222 1194 2224 1194 2278 1195 2224 1195 2226 1195 2278 1196 2226 1196 2227 1196 2278 1197 2227 1197 2230 1197 2278 1198 2230 1198 2232 1198 2278 1199 2232 1199 2234 1199 2278 1200 2234 1200 2235 1200 2278 1201 2235 1201 2238 1201 2278 1202 2238 1202 2239 1202 2278 1203 2239 1203 2240 1203 2278 1204 2240 1204 2242 1204 2278 1205 2242 1205 2244 1205 2278 1206 2244 1206 2246 1206 2278 1207 2246 1207 2249 1207 2278 1208 2249 1208 2251 1208 2278 1209 2251 1209 2252 1209 2278 1210 2252 1210 2254 1210 2278 1211 2254 1211 2256 1211 2278 1212 2256 1212 2257 1212 2278 1213 2257 1213 2259 1213 2278 1214 2259 1214 2260 1214 2278 1215 2260 1215 2261 1215 2278 1216 2261 1216 2263 1216 2278 1217 2263 1217 2265 1217 2278 1218 2265 1218 2269 1218 2278 1219 2269 1219 2270 1219 2278 1220 2270 1220 2274 1220 928 1221 2279 1221 2280 1221 2281 5 2280 5 2279 5 2282 1222 2283 1222 2281 1222 2284 1223 2282 1223 2281 1223 2284 1224 2281 1224 2279 1224 928 1225 2280 1225 926 1225 2283 1226 2282 1226 931 1226 2283 1227 931 1227 930 1227 2282 1228 932 1228 931 1228 2282 1229 2284 1229 932 1229 2284 1230 929 1230 932 1230 2284 1231 2279 1231 929 1231 2283 1232 2285 1232 2281 1232 936 1233 2283 1233 930 1233 2286 1234 2283 1234 936 1234 2286 1235 2285 1235 2283 1235 924 1236 2287 1236 925 1236 2288 1237 2287 1237 924 1237 2280 1238 2289 1238 927 1238 2280 1239 927 1239 926 1239 2285 1240 2280 1240 2281 1240 2285 1241 2289 1241 2280 1241 927 1242 2288 1242 924 1242 2289 1243 2288 1243 927 1243 2290 5 2287 5 2288 5 2290 1244 2288 1244 2289 1244 2285 1245 2286 1245 2290 1245 2285 1246 2290 1246 2289 1246 2291 1247 2292 1247 923 1247 2291 1248 923 1248 1653 1248 921 1249 2293 1249 922 1249 2292 1250 921 1250 923 1250 2291 5 2293 5 2292 5 2294 1251 2295 1251 920 1251 2294 1251 920 1251 1648 1251 918 1252 2296 1252 919 1252 2297 1253 2296 1253 918 1253 2295 1254 918 1254 920 1254 2295 1255 2297 1255 918 1255 2296 1256 2297 1256 2295 1256 2294 5 2296 5 2295 5 2298 1257 2299 1257 917 1257 2298 1258 917 1258 1643 1258 915 1259 2300 1259 916 1259 2301 1260 2300 1260 915 1260 2299 1261 915 1261 917 1261 2299 1242 2301 1242 915 1242 2300 1262 2301 1262 2299 1262 2298 5 2300 5 2299 5 2302 1263 2303 1263 914 1263 2302 1263 914 1263 1638 1263 912 1264 2304 1264 913 1264 2305 1264 2304 1264 912 1264 2303 1250 912 1250 914 1250 2303 1265 2305 1265 912 1265 2304 1266 2305 1266 2303 1266 2302 1267 2304 1267 2303 1267 2306 1268 2307 1268 911 1268 2306 1269 911 1269 1633 1269 909 1270 2308 1270 910 1270 2309 1270 2308 1270 909 1270 2307 1243 909 1243 911 1243 2307 1242 2309 1242 909 1242 2308 1271 2309 1271 2307 1271 2306 5 2308 5 2307 5 2310 1272 2311 1272 908 1272 2310 1273 908 1273 1628 1273 906 1274 2312 1274 907 1274 2313 1274 2312 1274 906 1274 2311 1275 906 1275 908 1275 2311 1275 2313 1275 906 1275 2312 1276 2313 1276 2311 1276 2310 5 2312 5 2311 5 1623 1277 2314 1277 905 1277 2315 1278 2314 1278 1623 1278 903 1279 2316 1279 904 1279 2317 1279 2316 1279 903 1279 2314 1250 903 1250 905 1250 2314 1250 2317 1250 903 1250 2316 1280 2317 1280 2314 1280 2315 5 2316 5 2314 5 2318 1281 2319 1281 902 1281 2318 1282 902 1282 1618 1282 2320 1283 2321 1283 901 1283 2320 1284 901 1284 900 1284 902 1261 2320 1261 900 1261 2319 1275 2320 1275 902 1275 2321 1285 2320 1285 2319 1285 2318 1286 2321 1286 2319 1286 2322 1287 2323 1287 899 1287 2322 1288 899 1288 1613 1288 2324 1289 2325 1289 898 1289 2324 1290 898 1290 897 1290 899 1250 2324 1250 897 1250 2323 1250 2324 1250 899 1250 2325 1291 2324 1291 2323 1291 2322 1292 2325 1292 2323 1292 2326 1293 2327 1293 896 1293 2326 1293 896 1293 1608 1293 2328 1294 2329 1294 895 1294 2328 1295 895 1295 894 1295 896 1296 2328 1296 894 1296 2327 1297 2328 1297 896 1297 2329 1298 2328 1298 2327 1298 2326 5 2329 5 2327 5 2330 1299 2331 1299 893 1299 2330 1300 893 1300 1603 1300 891 1301 2332 1301 892 1301 2331 1242 891 1242 893 1242 2330 5 2332 5 2331 5 2333 1302 2334 1302 890 1302 2333 1302 890 1302 1598 1302 888 1303 2335 1303 889 1303 888 1304 2334 1304 2335 1304 2333 5 2335 5 2334 5 2336 1305 2337 1305 887 1305 2336 1306 887 1306 1593 1306 885 1307 2338 1307 886 1307 2337 1261 885 1261 887 1261 2336 5 2338 5 2337 5 2339 1308 2340 1308 884 1308 2339 1309 884 1309 1588 1309 2341 1310 2342 1310 883 1310 2341 1311 883 1311 882 1311 884 1312 2341 1312 882 1312 2340 1254 2341 1254 884 1254 2342 1313 2341 1313 2340 1313 2339 5 2342 5 2340 5 2343 1314 2344 1314 881 1314 2343 1314 881 1314 1583 1314 2345 1315 2346 1315 880 1315 2345 1315 880 1315 879 1315 881 1254 2345 1254 879 1254 2344 1254 2345 1254 881 1254 2346 1316 2345 1316 2344 1316 2343 5 2346 5 2344 5 2347 1317 2348 1317 878 1317 2347 1317 878 1317 1578 1317 876 1318 2349 1318 877 1318 2348 1242 876 1242 878 1242 2347 5 2349 5 2348 5 2350 1319 2351 1319 875 1319 2350 1320 875 1320 1573 1320 873 1321 2352 1321 874 1321 2351 1312 873 1312 875 1312 2350 1322 2352 1322 2351 1322 2353 1323 2354 1323 872 1323 2353 1323 872 1323 1568 1323 2355 1324 2356 1324 871 1324 2355 1324 871 1324 870 1324 872 1243 2355 1243 870 1243 2354 1243 2355 1243 872 1243 2356 1325 2355 1325 2354 1325 2353 5 2356 5 2354 5 2357 1326 2358 1326 869 1326 2357 1327 869 1327 1563 1327 867 1328 2359 1328 868 1328 2360 1329 2359 1329 867 1329 2358 1250 867 1250 869 1250 2358 1250 2360 1250 867 1250 2359 1330 2360 1330 2358 1330 2357 5 2359 5 2358 5 2361 1331 2362 1331 866 1331 2361 1331 866 1331 1558 1331 864 1332 2363 1332 865 1332 2364 1332 2363 1332 864 1332 2362 1261 864 1261 866 1261 2362 1242 2364 1242 864 1242 2363 1333 2364 1333 2362 1333 2361 5 2363 5 2362 5 2365 1334 2366 1334 863 1334 2365 1335 863 1335 1553 1335 861 1336 2367 1336 862 1336 2368 1337 2367 1337 861 1337 2366 1250 861 1250 863 1250 2366 1250 2368 1250 861 1250 2367 1338 2368 1338 2366 1338 2365 5 2367 5 2366 5 2369 1339 2370 1339 860 1339 2369 1340 860 1340 1548 1340 858 1341 2371 1341 859 1341 2370 1250 858 1250 860 1250 2369 1342 2371 1342 2370 1342 2372 1343 2373 1343 857 1343 2372 1344 857 1344 1543 1344 855 1345 2374 1345 856 1345 2375 1346 2374 1346 855 1346 2373 1261 855 1261 857 1261 2373 1242 2375 1242 855 1242 2374 1347 2375 1347 2373 1347 2372 5 2374 5 2373 5 2376 1348 2377 1348 854 1348 2376 1348 854 1348 1538 1348 2378 1349 2379 1349 853 1349 2378 1349 853 1349 852 1349 854 1350 2378 1350 852 1350 2377 1351 2378 1351 854 1351 2379 1352 2378 1352 2377 1352 2376 1353 2379 1353 2377 1353 2380 1354 2381 1354 851 1354 2380 1354 851 1354 1533 1354 2382 1355 849 1355 2381 1355 2381 1265 849 1265 851 1265 2380 5 2382 5 2381 5 2383 1356 2384 1356 848 1356 2383 1357 848 1357 1528 1357 846 1358 2385 1358 847 1358 2384 1242 846 1242 848 1242 2383 1359 2385 1359 2384 1359 2386 1360 2387 1360 845 1360 2386 1361 845 1361 1523 1361 2388 1362 2389 1362 844 1362 2388 1363 844 1363 843 1363 845 1250 2388 1250 843 1250 2387 1250 2388 1250 845 1250 2389 1364 2388 1364 2387 1364 2386 1365 2389 1365 2387 1365 2390 1366 2391 1366 842 1366 2390 1367 842 1367 1518 1367 840 1368 2392 1368 841 1368 2391 1243 840 1243 842 1243 2390 1369 2392 1369 2391 1369 2393 1370 2394 1370 839 1370 2393 1370 839 1370 1513 1370 837 1371 2395 1371 838 1371 2394 1372 837 1372 839 1372 2393 5 2395 5 2394 5 2396 1373 2397 1373 836 1373 2396 1373 836 1373 1508 1373 834 1374 2398 1374 835 1374 2397 1250 834 1250 836 1250 2396 5 2398 5 2397 5 2399 1375 2400 1375 833 1375 2399 1376 833 1376 1503 1376 2401 1377 2402 1377 832 1377 2401 1377 832 1377 831 1377 833 1261 2401 1261 831 1261 2400 1243 2401 1243 833 1243 2402 1378 2401 1378 2400 1378 2399 5 2402 5 2400 5 2404 1379 2403 1379 1498 1379 829 1380 2405 1380 830 1380 2404 5 2405 5 2403 5 2406 1381 2407 1381 828 1381 2406 1381 828 1381 1493 1381 826 1382 2408 1382 827 1382 2407 1383 826 1383 828 1383 2406 5 2408 5 2407 5 2409 1384 2410 1384 825 1384 2409 1385 825 1385 1488 1385 823 1386 2411 1386 824 1386 2410 1254 823 1254 825 1254 2409 5 2411 5 2410 5 1483 1387 2412 1387 822 1387 2413 1388 2412 1388 1483 1388 820 1389 2414 1389 821 1389 2412 1372 820 1372 822 1372 2413 1390 2414 1390 2412 1390 2415 1391 2416 1391 819 1391 2415 1391 819 1391 1478 1391 2417 1392 2418 1392 818 1392 2417 1393 818 1393 817 1393 819 1242 2417 1242 817 1242 2416 1261 2417 1261 819 1261 2418 1394 2417 1394 2416 1394 2415 5 2418 5 2416 5 2419 1395 2420 1395 816 1395 2419 1395 816 1395 1473 1395 814 1396 2421 1396 815 1396 2422 1396 2421 1396 814 1396 2420 1250 814 1250 816 1250 2420 1250 2422 1250 814 1250 2421 1397 2422 1397 2420 1397 2419 5 2421 5 2420 5 2423 1398 2424 1398 813 1398 2423 1399 813 1399 1468 1399 2425 1400 2426 1400 812 1400 2425 1400 812 1400 811 1400 813 1242 2425 1242 811 1242 2424 1243 2425 1243 813 1243 2426 1401 2425 1401 2424 1401 2423 5 2426 5 2424 5 2427 1402 2428 1402 810 1402 2427 1402 810 1402 1463 1402 808 1403 2429 1403 809 1403 2430 1403 2429 1403 808 1403 2428 1404 808 1404 810 1404 2428 1242 2430 1242 808 1242 2429 1405 2430 1405 2428 1405 2427 5 2429 5 2428 5 2431 1406 2432 1406 807 1406 2431 1406 807 1406 1458 1406 2433 1407 2434 1407 806 1407 2433 1408 806 1408 805 1408 807 1409 2433 1409 805 1409 2432 1410 2433 1410 807 1410 2434 1411 2433 1411 2432 1411 2431 1412 2434 1412 2432 1412 2435 1413 2436 1413 804 1413 2435 1413 804 1413 1453 1413 802 1414 2437 1414 803 1414 2438 1415 2437 1415 802 1415 2436 1404 802 1404 804 1404 2436 1416 2438 1416 802 1416 2437 1417 2438 1417 2436 1417 2435 5 2437 5 2436 5 2439 1418 2440 1418 801 1418 2439 1419 801 1419 1448 1419 2441 1420 2442 1420 800 1420 2441 1421 800 1421 799 1421 801 1265 2441 1265 799 1265 2440 1409 2441 1409 801 1409 2442 1422 2441 1422 2440 1422 2439 5 2442 5 2440 5 2443 1423 2444 1423 798 1423 2443 1424 798 1424 1443 1424 2445 1420 2446 1420 797 1420 2445 1425 797 1425 796 1425 798 1410 2445 1410 796 1410 2444 1250 2445 1250 798 1250 2446 1426 2445 1426 2444 1426 2443 5 2446 5 2444 5 2447 1427 2448 1427 795 1427 2447 1428 795 1428 1438 1428 793 1429 2449 1429 794 1429 2448 1242 793 1242 795 1242 2447 1430 2449 1430 2448 1430 2450 1431 2451 1431 792 1431 2450 1432 792 1432 1433 1432 2452 1433 2453 1433 791 1433 2452 1434 791 1434 790 1434 792 1250 2452 1250 790 1250 2451 1409 2452 1409 792 1409 2453 1435 2452 1435 2451 1435 2450 5 2453 5 2451 5 2454 1436 2455 1436 789 1436 2454 1437 789 1437 1428 1437 787 1438 2456 1438 788 1438 2455 1242 787 1242 789 1242 2454 5 2456 5 2455 5 2457 1439 2458 1439 786 1439 2457 1440 786 1440 1423 1440 784 1441 2459 1441 785 1441 2458 1442 784 1442 786 1442 2457 5 2459 5 2458 5 2460 1443 2461 1443 783 1443 2460 1444 783 1444 1418 1444 2462 1445 2463 1445 782 1445 2462 1446 782 1446 781 1446 783 1250 2462 1250 781 1250 2461 1410 2462 1410 783 1410 2463 1447 2462 1447 2461 1447 2460 5 2463 5 2461 5 2464 1448 2465 1448 780 1448 2464 1449 780 1449 1413 1449 2466 1450 2467 1450 779 1450 2466 1451 779 1451 778 1451 780 1254 2466 1254 778 1254 2465 1452 2466 1452 780 1452 2467 1453 2466 1453 2465 1453 2464 1454 2467 1454 2465 1454 2468 1455 2469 1455 777 1455 2468 1456 777 1456 1408 1456 775 1457 2470 1457 776 1457 775 1458 2469 1458 2470 1458 2468 1459 2470 1459 2469 1459 2471 1460 2472 1460 774 1460 2471 1461 774 1461 1403 1461 2473 1462 2474 1462 773 1462 2473 1463 773 1463 772 1463 774 1464 2473 1464 772 1464 2472 1465 2473 1465 774 1465 2474 1466 2473 1466 2472 1466 2471 5 2474 5 2472 5 2475 1467 2476 1467 771 1467 2475 1467 771 1467 1398 1467 769 1468 2477 1468 770 1468 769 1469 2476 1469 2477 1469 2475 5 2477 5 2476 5 2478 1470 2479 1470 768 1470 2478 1471 768 1471 1393 1471 766 1472 2480 1472 767 1472 2479 1242 766 1242 768 1242 2478 5 2480 5 2479 5 2481 1473 2482 1473 765 1473 2481 1474 765 1474 1388 1474 763 1475 2483 1475 764 1475 2484 1476 2483 1476 763 1476 2482 1404 763 1404 765 1404 2482 1242 2484 1242 763 1242 2483 1477 2484 1477 2482 1477 2481 1478 2483 1478 2482 1478 2485 1479 2486 1479 762 1479 2485 1479 762 1479 1383 1479 760 1480 2487 1480 761 1480 2488 1480 2487 1480 760 1480 2486 1452 760 1452 762 1452 2486 1254 2488 1254 760 1254 2487 1481 2488 1481 2486 1481 2485 5 2487 5 2486 5 2489 1482 2490 1482 759 1482 2489 1483 759 1483 1378 1483 757 1484 2491 1484 758 1484 2492 1485 2491 1485 757 1485 2490 1486 757 1486 759 1486 2490 1372 2492 1372 757 1372 2491 1487 2492 1487 2490 1487 2489 5 2491 5 2490 5 2493 1488 2494 1488 756 1488 2493 1489 756 1489 1373 1489 2495 1490 754 1490 2494 1490 2494 1410 754 1410 756 1410 2493 5 2495 5 2494 5 2496 1491 2497 1491 753 1491 2496 1492 753 1492 1368 1492 751 1493 2498 1493 752 1493 2499 1494 2498 1494 751 1494 2497 1410 751 1410 753 1410 2497 1250 2499 1250 751 1250 2498 1495 2499 1495 2497 1495 2496 5 2498 5 2497 5 2500 1496 2501 1496 750 1496 2500 1497 750 1497 1363 1497 748 1498 2502 1498 749 1498 2503 1499 2502 1499 748 1499 2501 1243 748 1243 750 1243 2501 1404 2503 1404 748 1404 2502 1500 2503 1500 2501 1500 2500 1501 2502 1501 2501 1501 2504 1502 2505 1502 745 1502 2504 1503 745 1503 1358 1503 743 1504 2506 1504 744 1504 2507 1505 2506 1505 743 1505 2505 1250 743 1250 745 1250 2505 1410 2507 1410 743 1410 2506 1506 2507 1506 2505 1506 2504 5 2506 5 2505 5 2508 1507 2509 1507 742 1507 2508 1508 742 1508 1353 1508 2510 1509 2511 1509 741 1509 2510 1510 741 1510 740 1510 742 1416 2510 1416 740 1416 2509 1242 2510 1242 742 1242 2511 1511 2510 1511 2509 1511 2508 1512 2511 1512 2509 1512 2512 1513 2513 1513 739 1513 2512 1514 739 1514 1348 1514 737 1515 2514 1515 738 1515 737 1516 2513 1516 2514 1516 2512 5 2514 5 2513 5 2515 1517 2516 1517 736 1517 2515 1518 736 1518 1343 1518 734 1519 2517 1519 735 1519 2516 1250 734 1250 736 1250 2515 5 2517 5 2516 5 2518 1520 2519 1520 733 1520 2518 1521 733 1521 1338 1521 731 1522 2520 1522 732 1522 2519 1416 731 1416 733 1416 2518 5 2520 5 2519 5 2521 1523 2522 1523 730 1523 2521 1524 730 1524 1333 1524 728 1525 2523 1525 729 1525 2522 1452 728 1452 730 1452 2524 5 2523 5 2522 5 2521 5 2524 5 2522 5 2525 1526 2526 1526 727 1526 2525 1526 727 1526 1328 1526 725 1527 2527 1527 726 1527 2526 1416 725 1416 727 1416 2525 1528 2527 1528 2526 1528 2528 1529 2529 1529 724 1529 2528 1530 724 1530 1323 1530 722 1531 2530 1531 723 1531 722 1532 2529 1532 2530 1532 2528 1533 2530 1533 2529 1533 1319 1534 2531 1534 721 1534 2532 1535 2531 1535 1319 1535 719 1536 2533 1536 720 1536 719 1537 2531 1537 2533 1537 2532 1478 2533 1478 2531 1478 2534 1538 2535 1538 718 1538 2534 1449 718 1449 1314 1449 2536 1539 2537 1539 717 1539 2536 1540 717 1540 716 1540 718 1465 2536 1465 716 1465 2535 1351 2536 1351 718 1351 2537 1541 2536 1541 2535 1541 2534 5 2537 5 2535 5 2538 1542 2539 1542 715 1542 2538 1543 715 1543 1309 1543 713 1544 2540 1544 714 1544 713 1545 2539 1545 2540 1545 2538 5 2540 5 2539 5 2541 1546 2542 1546 712 1546 2541 1547 712 1547 1304 1547 2543 1548 2544 1548 711 1548 2543 1548 711 1548 710 1548 712 1372 2543 1372 710 1372 2542 1549 2543 1549 712 1549 2544 1550 2543 1550 2542 1550 2541 5 2544 5 2542 5 2546 1551 2545 1551 1299 1551 708 1552 2547 1552 709 1552 2546 5 2547 5 2545 5 2548 1553 2549 1553 707 1553 2548 1554 707 1554 1294 1554 705 1555 2550 1555 706 1555 2549 1486 705 1486 707 1486 2548 5 2550 5 2549 5 2551 1556 2552 1556 704 1556 2551 1557 704 1557 1289 1557 702 1558 2553 1558 703 1558 2552 1242 702 1242 704 1242 2551 1559 2553 1559 2552 1559 2554 1560 2555 1560 701 1560 2554 1561 701 1561 1284 1561 699 1562 2556 1562 700 1562 2555 1563 699 1563 701 1563 2554 5 2556 5 2555 5 2557 1564 2558 1564 698 1564 2557 1565 698 1565 1279 1565 696 1566 2559 1566 697 1566 2558 1410 696 1410 698 1410 2557 5 2559 5 2558 5 2560 1567 2561 1567 695 1567 2560 1567 695 1567 1274 1567 693 1568 2562 1568 694 1568 2561 1250 693 1250 695 1250 2560 5 2562 5 2561 5 2563 1569 2564 1569 692 1569 2563 1570 692 1570 1269 1570 690 1571 2565 1571 691 1571 2564 1250 690 1250 692 1250 2563 5 2565 5 2564 5 2566 1572 2567 1572 689 1572 2566 1572 689 1572 1264 1572 2568 1573 2569 1573 688 1573 2568 1573 688 1573 687 1573 689 1242 2568 1242 687 1242 2567 1242 2568 1242 689 1242 2569 1574 2568 1574 2567 1574 2566 5 2569 5 2567 5 2571 1575 2570 1575 1259 1575 685 1576 2572 1576 686 1576 2571 5 2572 5 2570 5 2573 1577 2574 1577 684 1577 2573 1578 684 1578 1254 1578 682 1579 2575 1579 683 1579 2574 1242 682 1242 684 1242 2573 5 2575 5 2574 5 2577 1580 2576 1580 1249 1580 680 1581 2578 1581 681 1581 2577 5 2578 5 2576 5 1244 1582 2579 1582 679 1582 2580 1582 2579 1582 1244 1582 2581 1583 2582 1583 678 1583 2581 1584 678 1584 677 1584 679 1250 2581 1250 677 1250 2579 1410 2581 1410 679 1410 2582 1585 2581 1585 2579 1585 2580 5 2582 5 2579 5 2583 1586 2584 1586 676 1586 2583 1587 676 1587 1239 1587 2584 1410 674 1410 676 1410 674 1588 2585 1588 675 1588 2583 5 2585 5 2584 5 2586 1589 2587 1589 673 1589 2586 1589 673 1589 1234 1589 671 1590 2588 1590 672 1590 2587 1254 671 1254 673 1254 2586 5 2588 5 2587 5 2589 1591 2590 1591 670 1591 2589 1592 670 1592 1229 1592 668 1593 2591 1593 669 1593 2590 1254 668 1254 670 1254 2589 1594 2591 1594 2590 1594 2592 1595 2593 1595 667 1595 2592 1596 667 1596 1224 1596 2594 1597 2595 1597 666 1597 2594 1597 666 1597 665 1597 667 1416 2594 1416 665 1416 2593 1404 2594 1404 667 1404 2595 1598 2594 1598 2593 1598 2592 5 2595 5 2593 5 2597 1599 2596 1599 1219 1599 663 1600 2598 1600 664 1600 2597 5 2598 5 2596 5 2599 1601 2600 1601 662 1601 2599 1601 662 1601 1214 1601 660 1602 2601 1602 661 1602 2600 1242 660 1242 662 1242 2599 1603 2601 1603 2600 1603 2602 1604 2603 1604 659 1604 2602 1604 659 1604 1209 1604 657 1605 2604 1605 658 1605 2603 1250 657 1250 659 1250 2602 1606 2604 1606 2603 1606 2605 1607 2606 1607 656 1607 2605 1608 656 1608 1204 1608 654 1609 2607 1609 655 1609 2606 1442 654 1442 656 1442 2605 5 2607 5 2606 5 2608 1610 2609 1610 652 1610 2608 1611 652 1611 1199 1611 650 1612 2610 1612 651 1612 2609 1613 650 1613 652 1613 2608 5 2610 5 2609 5 2611 1614 2612 1614 649 1614 2611 1615 649 1615 1194 1615 2612 1250 647 1250 649 1250 647 1616 2613 1616 648 1616 2611 5 2613 5 2612 5 2614 1617 2615 1617 646 1617 2614 1617 646 1617 1189 1617 644 1618 2616 1618 645 1618 2615 1613 644 1613 646 1613 2614 1619 2616 1619 2615 1619 2617 1620 2618 1620 643 1620 2617 1620 643 1620 1184 1620 641 1621 2619 1621 642 1621 2618 1404 641 1404 643 1404 2617 5 2619 5 2618 5 2620 1622 2621 1622 640 1622 2620 1622 640 1622 1179 1622 2622 1623 638 1623 2621 1623 2621 1624 638 1624 640 1624 2620 5 2622 5 2621 5 2623 1625 2624 1625 637 1625 2623 1625 637 1625 1174 1625 635 1626 2625 1626 636 1626 2624 1242 635 1242 637 1242 2623 5 2625 5 2624 5 2626 1627 2627 1627 634 1627 2626 1627 634 1627 1169 1627 632 1628 2628 1628 633 1628 2627 1624 632 1624 634 1624 2626 5 2628 5 2627 5 2629 1629 2630 1629 631 1629 2629 1629 631 1629 1164 1629 629 1630 2631 1630 630 1630 2630 1416 629 1416 631 1416 2629 5 2631 5 2630 5 2633 1631 2632 1631 1159 1631 627 1632 2634 1632 628 1632 2633 5 2634 5 2632 5 2635 1633 2636 1633 626 1633 2635 1633 626 1633 1154 1633 624 1634 2637 1634 625 1634 2636 1250 624 1250 626 1250 2635 5 2637 5 2636 5 2638 1635 2639 1635 623 1635 2638 1635 623 1635 1149 1635 621 1636 2640 1636 622 1636 2639 1404 621 1404 623 1404 2638 5 2640 5 2639 5 2641 1637 2642 1637 620 1637 2641 1637 620 1637 1144 1637 618 1638 2643 1638 619 1638 2642 1452 618 1452 620 1452 2641 5 2643 5 2642 5 2644 1639 2645 1639 617 1639 2644 1639 617 1639 1139 1639 2646 1640 615 1640 2645 1640 2645 1254 615 1254 617 1254 2644 5 2646 5 2645 5 2647 1641 2648 1641 614 1641 2647 1642 614 1642 1134 1642 612 1643 2649 1643 613 1643 2648 1254 612 1254 614 1254 2647 5 2649 5 2648 5 2650 1644 2651 1644 611 1644 2650 1645 611 1645 1129 1645 609 1646 2652 1646 610 1646 2651 1254 609 1254 611 1254 2650 5 2652 5 2651 5 2653 1647 2654 1647 608 1647 2653 1647 608 1647 1124 1647 606 1648 2655 1648 607 1648 2654 1242 606 1242 608 1242 2653 5 2655 5 2654 5 2656 1649 2657 1649 605 1649 2656 1650 605 1650 1119 1650 603 1651 2658 1651 604 1651 2657 1442 603 1442 605 1442 2656 5 2658 5 2657 5 1114 1652 2659 1652 602 1652 2660 1653 2659 1653 1114 1653 2661 106 600 106 599 106 2661 106 2662 106 600 106 600 1654 2663 1654 601 1654 2662 1655 2663 1655 600 1655 602 1242 2661 1242 599 1242 2659 1404 2661 1404 602 1404 2663 5 2662 5 2661 5 2663 1656 2661 1656 2659 1656 2660 1657 2663 1657 2659 1657 2664 1658 2665 1658 598 1658 2664 1659 598 1659 1109 1659 2666 106 596 106 595 106 2666 1660 2667 1660 596 1660 596 1661 2668 1661 597 1661 2667 1662 2668 1662 596 1662 2665 1409 595 1409 598 1409 2665 1250 2666 1250 595 1250 2668 5 2667 5 2666 5 2668 1663 2666 1663 2665 1663 2664 1664 2668 1664 2665 1664 2669 1665 2670 1665 594 1665 2669 1666 594 1666 1104 1666 592 1667 2672 1667 593 1667 592 1668 2671 1668 2672 1668 2670 1409 591 1409 594 1409 2670 1409 2671 1409 591 1409 2672 1669 2671 1669 2670 1669 2669 5 2672 5 2670 5 2673 1670 2674 1670 589 1670 2673 1670 589 1670 590 1670 587 1671 2676 1671 588 1671 587 1672 2675 1672 2676 1672 589 1404 2675 1404 586 1404 2674 1242 2675 1242 589 1242 2676 1673 2675 1673 2674 1673 2673 5 2676 5 2674 5 2677 1674 2678 1674 583 1674 2677 1674 583 1674 584 1674 581 1675 2679 1675 582 1675 581 1676 2678 1676 2679 1676 582 1677 2680 1677 585 1677 2679 1678 2680 1678 582 1678 2680 5 2679 5 2678 5 2677 5 2680 5 2678 5 2681 1679 2682 1679 578 1679 2681 1680 578 1680 579 1680 2683 105 577 105 576 105 2683 1681 2684 1681 577 1681 577 1682 2685 1682 580 1682 2684 1683 2685 1683 577 1683 578 1404 2683 1404 576 1404 2682 1242 2683 1242 578 1242 2684 1684 2683 1684 2682 1684 2685 5 2684 5 2682 5 2681 5 2685 5 2682 5 2686 1685 2687 1685 573 1685 2686 1685 573 1685 574 1685 2688 1686 572 1686 571 1686 2688 105 2689 105 572 105 2689 1687 2690 1687 575 1687 2689 1688 575 1688 572 1688 573 1242 2688 1242 571 1242 2687 1404 2688 1404 573 1404 2689 1689 2688 1689 2687 1689 2690 5 2689 5 2687 5 2686 5 2690 5 2687 5 2691 1690 2692 1690 566 1690 2691 1691 566 1691 567 1691 2693 1660 565 1660 564 1660 2693 106 2694 106 565 106 565 1692 2695 1692 568 1692 2694 1692 2695 1692 565 1692 566 1693 2693 1693 564 1693 2692 1409 2693 1409 566 1409 2694 1694 2693 1694 2692 1694 2695 5 2694 5 2692 5 2691 5 2695 5 2692 5 2696 1695 2697 1695 561 1695 2696 1696 561 1696 560 1696 2698 1686 563 1686 1079 1686 2698 105 2699 105 563 105 563 1697 2700 1697 562 1697 2699 1698 2700 1698 563 1698 561 1242 2698 1242 1079 1242 2697 1404 2698 1404 561 1404 2699 1699 2698 1699 2697 1699 2700 5 2699 5 2697 5 2696 5 2700 5 2697 5 2701 1700 2290 1700 2286 1700 935 1701 2286 1701 936 1701 2702 1702 2286 1702 935 1702 2702 1703 2701 1703 2286 1703 2520 1704 2521 1704 1333 1704 2520 1704 1333 1704 732 1704 2703 1705 2524 1705 2521 1705 2703 1706 2521 1706 2520 1706 2518 1707 2703 1707 2520 1707 2517 1708 2518 1708 1338 1708 2517 1708 1338 1708 735 1708 2517 1709 2703 1709 2518 1709 2515 1710 2703 1710 2517 1710 2514 1704 2515 1704 1343 1704 2514 1704 1343 1704 738 1704 2514 1711 2703 1711 2515 1711 2512 1712 1348 1712 741 1712 2511 1713 2512 1713 741 1713 2506 1704 2508 1704 1353 1704 2506 1704 1353 1704 744 1704 2502 1708 2504 1708 1358 1708 2502 1708 1358 1708 749 1708 2498 1714 2500 1714 1363 1714 2498 1714 1363 1714 752 1714 2495 1708 2496 1708 1368 1708 2495 1708 1368 1708 755 1708 2491 1708 2493 1708 1373 1708 2491 1708 1373 1708 758 1708 2487 1704 2489 1704 1378 1704 2487 1715 1378 1715 761 1715 2485 1712 1383 1712 764 1712 2483 1713 2485 1713 764 1713 2481 1708 1388 1708 767 1708 2480 1708 2481 1708 767 1708 2477 1716 2478 1716 1393 1716 2477 1716 1393 1716 770 1716 2474 1717 2475 1717 1398 1717 2474 1714 1398 1714 773 1714 2470 1708 2471 1708 1403 1708 2470 1708 1403 1708 776 1708 2468 1704 1408 1704 779 1704 2467 1704 2468 1704 779 1704 2463 1718 2464 1718 1413 1718 2463 1719 1413 1719 782 1719 2459 1708 2460 1708 1418 1708 2459 1708 1418 1708 785 1708 2456 1708 2457 1708 1423 1708 2456 1720 1423 1720 788 1720 2453 1716 2454 1716 1428 1716 2453 1716 1428 1716 791 1716 2449 1719 2450 1719 1433 1719 2449 1718 1433 1718 794 1718 2447 1708 1438 1708 797 1708 2446 1708 2447 1708 797 1708 2442 1704 2443 1704 1443 1704 2442 1704 1443 1704 800 1704 2437 1716 2439 1716 1448 1716 2437 1716 1448 1716 803 1716 2434 1716 2435 1716 1453 1716 2434 1716 1453 1716 806 1716 2429 1708 2431 1708 1458 1708 2429 1708 1458 1708 809 1708 2426 1708 2427 1708 1463 1708 2426 1721 1463 1721 812 1721 2423 1722 1468 1722 815 1722 2421 1719 2423 1719 815 1719 2419 1716 1473 1716 818 1716 2418 1716 2419 1716 818 1716 2414 1704 2415 1704 1478 1704 2414 1704 1478 1704 821 1704 2411 1723 2413 1723 1483 1723 2411 1724 1483 1724 824 1724 2409 1704 1488 1704 827 1704 2408 1704 2409 1704 827 1704 2405 1716 2406 1716 1493 1716 2405 1716 1493 1716 830 1716 2404 1708 1498 1708 832 1708 2402 1708 2404 1708 832 1708 2398 1708 2399 1708 1503 1708 2398 1708 1503 1708 835 1708 2395 1704 2396 1704 1508 1704 2395 1704 1508 1704 838 1704 2393 1716 1513 1716 841 1716 2392 1716 2393 1716 841 1716 2389 1723 2390 1723 1518 1723 2389 1723 1518 1723 844 1723 2385 1725 2386 1725 1523 1725 2385 1704 1523 1704 847 1704 2382 1708 2383 1708 1528 1708 2382 1708 1528 1708 850 1708 2379 1704 2380 1704 1533 1704 2379 1704 1533 1704 853 1704 2376 1723 1538 1723 856 1723 2374 1723 2376 1723 856 1723 2371 1704 2372 1704 1543 1704 2371 1704 1543 1704 859 1704 2367 1708 2369 1708 1548 1708 2367 1708 1548 1708 862 1708 2363 1717 2365 1717 1553 1717 2363 1717 1553 1717 865 1717 2361 1704 1558 1704 868 1704 2359 1704 2361 1704 868 1704 2356 1708 2357 1708 1563 1708 2356 1708 1563 1708 871 1708 2353 1726 1568 1726 874 1726 2352 1726 2353 1726 874 1726 2349 1708 2350 1708 1573 1708 2349 1708 1573 1708 877 1708 2347 1716 1578 1716 880 1716 2346 1716 2347 1716 880 1716 2342 1708 2343 1708 1583 1708 2342 1708 1583 1708 883 1708 2338 1717 2339 1717 1588 1717 2338 1717 1588 1717 886 1717 2336 1704 1593 1704 889 1704 2335 1704 2336 1704 889 1704 2332 1727 2333 1727 1598 1727 2332 1716 1598 1716 892 1716 2329 1716 2330 1716 1603 1716 2329 1716 1603 1716 895 1716 2325 1708 2326 1708 1608 1708 2325 1708 1608 1708 898 1708 2322 1704 1613 1704 901 1704 2321 1704 2322 1704 901 1704 2316 1728 2318 1728 1618 1728 2316 1728 1618 1728 904 1728 2312 1719 2315 1719 1623 1719 2312 1722 1623 1722 907 1722 2308 1720 2310 1720 1628 1720 2308 1708 1628 1708 910 1708 2304 1704 2306 1704 1633 1704 2304 1704 1633 1704 913 1704 2300 1729 2302 1729 1638 1729 2300 1716 1638 1716 916 1716 2296 1708 2298 1708 1643 1708 2296 1720 1643 1720 919 1720 2293 1704 2294 1704 1648 1704 2293 1704 1648 1704 922 1704 2287 1708 2291 1708 1653 1708 2287 1708 1653 1708 925 1708 2701 1730 2287 1730 2290 1730 2701 1731 2296 1731 2294 1731 2701 1732 2293 1732 2291 1732 2701 1733 2294 1733 2293 1733 2701 1734 2291 1734 2287 1734 2701 1735 2703 1735 2514 1735 2701 1736 2514 1736 2512 1736 2701 1737 2512 1737 2511 1737 2701 1738 2511 1738 2508 1738 2701 1739 2508 1739 2506 1739 2701 1740 2506 1740 2504 1740 2701 1741 2504 1741 2502 1741 2701 1742 2502 1742 2500 1742 2701 1743 2500 1743 2498 1743 2701 1744 2498 1744 2496 1744 2701 1745 2496 1745 2495 1745 2701 1746 2495 1746 2493 1746 2701 1747 2493 1747 2491 1747 2701 1748 2491 1748 2489 1748 2701 1749 2489 1749 2487 1749 2701 1750 2487 1750 2485 1750 2701 1751 2485 1751 2483 1751 2701 1752 2483 1752 2481 1752 2701 1753 2481 1753 2480 1753 2701 1754 2480 1754 2478 1754 2701 1755 2478 1755 2477 1755 2701 1756 2477 1756 2475 1756 2701 1757 2475 1757 2474 1757 2701 1758 2474 1758 2471 1758 2701 1759 2471 1759 2470 1759 2701 1760 2470 1760 2468 1760 2701 1761 2468 1761 2467 1761 2701 1762 2467 1762 2464 1762 2701 1763 2464 1763 2463 1763 2701 1764 2463 1764 2460 1764 2701 1765 2460 1765 2459 1765 2701 1766 2459 1766 2457 1766 2701 1767 2457 1767 2456 1767 2701 1768 2456 1768 2454 1768 2701 1769 2454 1769 2453 1769 2701 1770 2453 1770 2450 1770 2701 1771 2450 1771 2449 1771 2701 1772 2449 1772 2447 1772 2701 1773 2447 1773 2446 1773 2701 1774 2446 1774 2443 1774 2701 1775 2443 1775 2442 1775 2701 1776 2442 1776 2439 1776 2701 1777 2439 1777 2437 1777 2701 1778 2437 1778 2435 1778 2701 1779 2435 1779 2434 1779 2701 1780 2434 1780 2431 1780 2701 1781 2431 1781 2429 1781 2701 1782 2429 1782 2427 1782 2701 1783 2427 1783 2426 1783 2701 1784 2426 1784 2423 1784 2701 1785 2423 1785 2421 1785 2701 1786 2421 1786 2419 1786 2701 1787 2419 1787 2418 1787 2701 1788 2418 1788 2415 1788 2701 1789 2415 1789 2414 1789 2701 1790 2414 1790 2413 1790 2701 1791 2413 1791 2411 1791 2701 1792 2411 1792 2409 1792 2701 1793 2409 1793 2408 1793 2701 1794 2408 1794 2406 1794 2701 1795 2406 1795 2405 1795 2701 1796 2405 1796 2404 1796 2701 1797 2404 1797 2402 1797 2701 1798 2402 1798 2399 1798 2701 1799 2399 1799 2398 1799 2701 1800 2398 1800 2396 1800 2701 1801 2396 1801 2395 1801 2701 1802 2395 1802 2393 1802 2701 1803 2393 1803 2392 1803 2701 1804 2392 1804 2390 1804 2701 1805 2390 1805 2389 1805 2701 1798 2389 1798 2386 1798 2701 1806 2386 1806 2385 1806 2701 1807 2385 1807 2383 1807 2701 1808 2383 1808 2382 1808 2701 1809 2382 1809 2380 1809 2701 1810 2380 1810 2379 1810 2701 1811 2379 1811 2376 1811 2701 1812 2376 1812 2374 1812 2701 1813 2374 1813 2372 1813 2701 1814 2372 1814 2371 1814 2701 1815 2371 1815 2369 1815 2701 1816 2369 1816 2367 1816 2701 1817 2367 1817 2365 1817 2701 1818 2365 1818 2363 1818 2701 1819 2363 1819 2361 1819 2701 1820 2361 1820 2359 1820 2701 1821 2359 1821 2357 1821 2701 1822 2357 1822 2356 1822 2701 1823 2356 1823 2353 1823 2701 1824 2353 1824 2352 1824 2701 1825 2352 1825 2350 1825 2701 1826 2350 1826 2349 1826 2701 1827 2349 1827 2347 1827 2701 1828 2347 1828 2346 1828 2701 1829 2346 1829 2343 1829 2701 1830 2343 1830 2342 1830 2701 1831 2342 1831 2339 1831 2701 1832 2339 1832 2338 1832 2701 1833 2338 1833 2336 1833 2701 1834 2336 1834 2335 1834 2701 1835 2335 1835 2333 1835 2701 1836 2333 1836 2332 1836 2701 1837 2332 1837 2330 1837 2701 1838 2330 1838 2329 1838 2701 1839 2329 1839 2326 1839 2701 1840 2326 1840 2325 1840 2701 1841 2325 1841 2322 1841 2701 1842 2322 1842 2321 1842 2701 1843 2321 1843 2318 1843 2701 1844 2318 1844 2316 1844 2701 1845 2316 1845 2315 1845 2701 1846 2315 1846 2312 1846 2701 1847 2312 1847 2310 1847 2701 1848 2310 1848 2308 1848 2701 1849 2308 1849 2306 1849 2701 1850 2306 1850 2304 1850 2701 1851 2304 1851 2302 1851 2701 1852 2302 1852 2300 1852 2701 1853 2300 1853 2298 1853 2701 1854 2298 1854 2296 1854 2700 1855 2704 1855 559 1855 2700 1856 559 1856 562 1856 2695 1857 2696 1857 560 1857 2695 1858 560 1858 568 1858 2690 1859 2691 1859 567 1859 2690 1859 567 1859 575 1859 2685 1860 2686 1860 574 1860 2685 1860 574 1860 580 1860 2680 1861 2681 1861 579 1861 2680 1862 579 1862 585 1862 588 1863 2677 1863 584 1863 2676 1864 2677 1864 588 1864 2672 1865 2673 1865 590 1865 2672 1866 590 1866 593 1866 2668 1867 2669 1867 1104 1867 2668 1868 1104 1868 597 1868 2663 1869 2664 1869 1109 1869 2663 1870 1109 1870 601 1870 2660 1871 1114 1871 604 1871 2658 1872 2660 1872 604 1872 2655 1873 2656 1873 1119 1873 2655 1873 1119 1873 607 1873 2653 1874 1124 1874 610 1874 2652 1874 2653 1874 610 1874 2650 1874 1129 1874 613 1874 2649 1874 2650 1874 613 1874 2646 1875 2647 1875 1134 1875 2646 1876 1134 1876 616 1876 2643 1877 2644 1877 1139 1877 2643 1877 1139 1877 619 1877 2641 1878 1144 1878 622 1878 2640 1874 2641 1874 622 1874 2637 1874 2638 1874 1149 1874 2637 1874 1149 1874 625 1874 2635 1879 1154 1879 628 1879 2634 1880 2635 1880 628 1880 2631 1873 2633 1873 1159 1873 2631 1873 1159 1873 630 1873 2629 1877 1164 1877 633 1877 2628 1877 2629 1877 633 1877 2626 1874 1169 1874 636 1874 2625 1871 2626 1871 636 1871 2622 1881 2623 1881 1174 1881 2622 1882 1174 1882 639 1882 2619 1877 2620 1877 1179 1877 2619 1877 1179 1877 642 1877 2616 1874 2617 1874 1184 1874 2616 1874 1184 1874 645 1874 2613 1874 2614 1874 1189 1874 2613 1878 1189 1878 648 1878 2610 1873 2611 1873 1194 1873 2610 1873 1194 1873 651 1873 2607 1882 2608 1882 1199 1882 2607 1881 1199 1881 655 1881 2604 1874 2605 1874 1204 1874 2604 1874 1204 1874 658 1874 2602 1874 1209 1874 661 1874 2601 1878 2602 1878 661 1878 2598 1874 2599 1874 1214 1874 2598 1878 1214 1878 664 1878 2595 1883 2597 1883 1219 1883 2595 1881 1219 1881 666 1881 2592 1874 1224 1874 669 1874 2591 1874 2592 1874 669 1874 2589 1874 1229 1874 672 1874 2588 1874 2589 1874 672 1874 2586 1874 1234 1874 675 1874 2585 1874 2586 1874 675 1874 2582 1877 2583 1877 1239 1877 2582 1877 1239 1877 678 1877 2578 1874 2580 1874 1244 1874 2578 1874 1244 1874 681 1874 2575 1874 2577 1874 1249 1874 2575 1874 1249 1874 683 1874 2572 1877 2573 1877 1254 1877 2572 1877 1254 1877 686 1877 2571 1874 1259 1874 688 1874 2569 1874 2571 1874 688 1874 2566 1880 1264 1880 691 1880 2565 1884 2566 1884 691 1884 2562 1874 2563 1874 1269 1874 2562 1874 1269 1874 694 1874 2560 1873 1274 1873 697 1873 2559 1885 2560 1885 697 1885 2556 1877 2557 1877 1279 1877 2556 1877 1279 1877 700 1877 2553 1876 2554 1876 1284 1876 2553 1875 1284 1875 703 1875 2551 1874 1289 1874 706 1874 2550 1874 2551 1874 706 1874 2548 1877 1294 1877 709 1877 2547 1877 2548 1877 709 1877 2546 1886 1299 1886 711 1886 2544 1873 2546 1873 711 1873 2540 1875 2541 1875 1304 1875 2540 1876 1304 1876 714 1876 2537 1874 2538 1874 1309 1874 2537 1874 1309 1874 717 1874 2533 1874 1314 1874 720 1874 2533 1874 2534 1874 1314 1874 2530 1877 2532 1877 1319 1877 2530 1877 1319 1877 723 1877 2527 1887 2528 1887 1323 1887 2527 1887 1323 1887 726 1887 2525 1888 1328 1888 729 1888 2523 1875 2525 1875 729 1875 2703 1889 2523 1889 2524 1889 2703 1890 2527 1890 2525 1890 2703 1891 2528 1891 2527 1891 2703 1892 2525 1892 2523 1892 2703 1893 2704 1893 2700 1893 2703 1894 2700 1894 2696 1894 2703 1895 2696 1895 2695 1895 2703 1896 2695 1896 2691 1896 2703 1897 2691 1897 2690 1897 2703 1898 2690 1898 2686 1898 2703 1899 2686 1899 2685 1899 2703 1900 2685 1900 2681 1900 2703 1901 2681 1901 2680 1901 2703 1902 2680 1902 2677 1902 2703 1903 2677 1903 2676 1903 2703 1904 2676 1904 2673 1904 2703 1905 2673 1905 2672 1905 2703 1906 2672 1906 2669 1906 2703 1907 2669 1907 2668 1907 2703 1908 2668 1908 2664 1908 2703 1909 2664 1909 2663 1909 2703 1910 2663 1910 2660 1910 2703 1911 2660 1911 2658 1911 2703 1912 2658 1912 2656 1912 2703 1913 2656 1913 2655 1913 2703 1914 2655 1914 2653 1914 2703 1915 2653 1915 2652 1915 2703 1916 2652 1916 2650 1916 2703 1917 2650 1917 2649 1917 2703 1918 2649 1918 2647 1918 2703 1919 2647 1919 2646 1919 2703 1920 2646 1920 2644 1920 2703 1921 2644 1921 2643 1921 2703 1922 2643 1922 2641 1922 2703 1923 2641 1923 2640 1923 2703 1924 2640 1924 2638 1924 2703 1925 2638 1925 2637 1925 2703 1926 2637 1926 2635 1926 2703 1927 2635 1927 2634 1927 2703 1928 2634 1928 2633 1928 2703 1929 2633 1929 2631 1929 2703 1930 2631 1930 2629 1930 2703 1931 2629 1931 2628 1931 2703 1932 2628 1932 2626 1932 2703 1933 2626 1933 2625 1933 2703 1934 2625 1934 2623 1934 2703 1935 2623 1935 2622 1935 2703 1936 2622 1936 2620 1936 2703 1937 2620 1937 2619 1937 2703 1938 2619 1938 2617 1938 2703 1939 2617 1939 2616 1939 2703 1940 2616 1940 2614 1940 2703 1941 2614 1941 2613 1941 2703 1942 2613 1942 2611 1942 2703 1943 2611 1943 2610 1943 2703 1944 2610 1944 2608 1944 2703 1945 2608 1945 2607 1945 2703 1946 2607 1946 2605 1946 2703 1947 2605 1947 2604 1947 2703 1948 2604 1948 2602 1948 2703 1949 2602 1949 2601 1949 2703 1950 2601 1950 2599 1950 2703 1951 2599 1951 2598 1951 2703 1952 2598 1952 2597 1952 2703 1953 2597 1953 2595 1953 2703 1954 2595 1954 2592 1954 2703 1955 2592 1955 2591 1955 2703 1956 2591 1956 2589 1956 2703 1957 2589 1957 2588 1957 2703 1958 2588 1958 2586 1958 2703 1959 2586 1959 2585 1959 2703 1960 2585 1960 2583 1960 2703 1961 2583 1961 2582 1961 2703 1962 2582 1962 2580 1962 2703 1963 2580 1963 2578 1963 2703 1964 2578 1964 2577 1964 2703 1965 2577 1965 2575 1965 2703 1966 2575 1966 2573 1966 2703 1967 2573 1967 2572 1967 2703 1968 2572 1968 2571 1968 2703 1969 2571 1969 2569 1969 2703 1970 2569 1970 2566 1970 2703 1971 2566 1971 2565 1971 2703 1972 2565 1972 2563 1972 2703 1973 2563 1973 2562 1973 2703 1974 2562 1974 2560 1974 2703 1975 2560 1975 2559 1975 2703 1976 2559 1976 2557 1976 2703 1977 2557 1977 2556 1977 2703 1944 2556 1944 2554 1944 2703 1978 2554 1978 2553 1978 2703 1979 2553 1979 2551 1979 2703 1980 2551 1980 2550 1980 2703 1981 2550 1981 2548 1981 2703 1982 2548 1982 2547 1982 2703 1983 2547 1983 2546 1983 2703 1984 2546 1984 2544 1984 2703 1985 2544 1985 2541 1985 2703 1986 2541 1986 2540 1986 2703 1987 2540 1987 2538 1987 2703 1988 2538 1988 2537 1988 2703 1989 2537 1989 2534 1989 2703 1990 2534 1990 2533 1990 2703 1991 2533 1991 2532 1991 2703 1992 2532 1992 2530 1992 2703 1991 2530 1991 2528 1991 2705 1993 2706 1993 394 1993 2705 1994 394 1994 423 1994 2707 1995 2708 1995 458 1995 2707 1996 458 1996 462 1996 2709 1997 2710 1997 460 1997 2709 1998 460 1998 498 1998 2711 1999 2712 1999 496 1999 2711 2000 496 2000 533 2000 2713 2001 532 2001 531 2001 2714 2002 2713 2002 531 2002 2715 2003 2711 2003 2713 2003 2715 2004 2714 2004 2716 2004 2715 2005 2712 2005 2711 2005 2715 2006 2713 2006 2714 2006 2715 2007 2706 2007 2705 2007 2715 2008 2705 2008 2708 2008 2715 2009 2708 2009 2707 2009 2715 2010 2707 2010 2710 2010 2715 2011 2710 2011 2709 2011 2715 2012 2709 2012 2712 2012 392 2013 2717 2013 948 2013 392 2014 948 2014 393 2014 2275 2015 392 2015 1763 2015 2275 2016 2717 2016 392 2016 948 2017 2718 2017 944 2017 2717 2017 2718 2017 948 2017 2718 2018 945 2018 944 2018 2718 2019 2719 2019 945 2019 2719 2020 941 2020 945 2020 2719 2021 2720 2021 941 2021 941 2022 2721 2022 942 2022 2720 2023 2721 2023 941 2023 2721 2024 1761 2024 942 2024 2721 2025 2722 2025 1761 2025 2722 2026 940 2026 1761 2026 2722 2027 2723 2027 940 2027 2723 2028 938 2028 940 2028 2723 2029 2724 2029 938 2029 2724 2030 935 2030 938 2030 2724 2031 2702 2031 935 2031 559 2032 2725 2032 556 2032 2704 2033 2725 2033 559 2033 2725 2034 554 2034 556 2034 2725 2035 2726 2035 554 2035 2726 2036 555 2036 554 2036 2726 2037 2727 2037 555 2037 2728 2038 2715 2038 2716 2038 2729 2039 2728 2039 530 2039 2729 2040 530 2040 529 2040 2729 2041 2715 2041 2728 2041 2730 2042 2715 2042 2729 2042 2731 2039 2730 2039 528 2039 2731 2040 528 2040 527 2040 2731 2043 2715 2043 2730 2043 2732 2044 2715 2044 2731 2044 2733 2040 2732 2040 526 2040 2733 2039 526 2039 525 2039 2734 2040 2735 2040 524 2040 2734 2039 524 2039 523 2039 2736 2045 522 2045 521 2045 2737 2045 2736 2045 521 2045 2738 2046 520 2046 519 2046 2739 2047 2738 2047 519 2047 2740 2048 2741 2048 518 2048 2740 2049 518 2049 517 2049 2742 2048 516 2048 515 2048 2743 2049 2742 2049 515 2049 2744 2045 514 2045 513 2045 2745 2050 2744 2050 513 2050 2746 2051 2747 2051 512 2051 2746 2052 512 2052 511 2052 2748 2053 2749 2053 510 2053 2748 2054 510 2054 509 2054 2750 2050 508 2050 507 2050 2751 2045 2750 2045 507 2045 2752 2045 2753 2045 506 2045 2752 2050 506 2050 505 2050 2754 2055 504 2055 503 2055 2755 2056 2754 2056 503 2056 2756 2051 502 2051 501 2051 2757 2051 2756 2051 501 2051 2758 2052 2759 2052 500 2052 2758 2051 500 2051 499 2051 2760 2051 2761 2051 494 2051 2760 2051 494 2051 493 2051 2762 2051 492 2051 491 2051 2763 2052 2762 2052 491 2052 2764 2051 2765 2051 490 2051 2764 2052 490 2052 489 2052 2766 2052 2767 2052 488 2052 2766 2051 488 2051 487 2051 2768 2056 2769 2056 486 2056 2768 2056 486 2056 485 2056 2770 2051 2771 2051 484 2051 2770 2051 484 2051 483 2051 2772 2057 2773 2057 482 2057 2772 2051 482 2051 481 2051 2774 2051 2775 2051 480 2051 2774 2051 480 2051 479 2051 2776 2058 478 2058 477 2058 2777 2059 2776 2059 477 2059 2778 2060 2779 2060 476 2060 2778 2045 476 2045 475 2045 2780 2060 2781 2060 474 2060 2780 2045 474 2045 473 2045 2782 2061 472 2061 471 2061 2783 2061 2782 2061 471 2061 2784 2053 2785 2053 470 2053 2784 2054 470 2054 469 2054 2786 2050 2787 2050 468 2050 2786 2045 468 2045 467 2045 2788 2045 2789 2045 466 2045 2788 2060 466 2060 465 2060 2790 2045 464 2045 463 2045 2791 2060 2790 2060 463 2060 2792 2062 457 2062 456 2062 2793 2063 2792 2063 456 2063 2794 2051 455 2051 454 2051 2795 2052 2794 2052 454 2052 2796 2051 2797 2051 453 2051 2796 2052 453 2052 452 2052 2798 2055 2799 2055 451 2055 2798 2055 451 2055 450 2055 2800 2052 2801 2052 449 2052 2800 2057 449 2057 448 2057 2802 2052 447 2052 446 2052 2803 2057 2802 2057 446 2057 2804 2057 2805 2057 445 2057 2804 2057 445 2057 444 2057 2806 2052 443 2052 442 2052 2807 2057 2806 2057 442 2057 2808 2057 2809 2057 441 2057 2808 2052 441 2052 440 2052 2810 2055 2811 2055 439 2055 2810 2055 439 2055 438 2055 2812 2064 437 2064 436 2064 2813 2065 2812 2065 436 2065 2814 2055 2815 2055 435 2055 2814 2055 435 2055 434 2055 2816 2066 2817 2066 433 2066 2816 2066 433 2066 432 2066 2818 2050 2819 2050 431 2050 2818 2060 431 2060 430 2060 2820 2060 2821 2060 429 2060 2820 2060 429 2060 428 2060 2822 2060 2823 2060 427 2060 2822 2060 427 2060 426 2060 2824 2060 2825 2060 422 2060 2824 2060 422 2060 421 2060 2826 2061 2827 2061 420 2061 2826 2061 420 2061 419 2061 2828 2067 418 2067 417 2067 2829 2053 2828 2053 417 2053 2830 2068 2831 2068 416 2068 2830 2069 416 2069 415 2069 2832 2068 2833 2068 414 2068 2832 2068 414 2068 413 2068 2834 2053 412 2053 411 2053 2835 2067 2834 2067 411 2067 2836 2053 2837 2053 410 2053 2836 2067 410 2067 409 2067 2838 2068 408 2068 407 2068 2839 2068 2838 2068 407 2068 2840 2068 406 2068 405 2068 2841 2068 2840 2068 405 2068 2842 2070 2843 2070 404 2070 2842 2071 404 2071 403 2071 2844 2067 402 2067 401 2067 2845 2070 2844 2070 401 2070 2846 2068 2847 2068 400 2068 2846 2069 400 2069 399 2069 2848 2068 1053 2068 1058 2068 2849 2069 2848 2069 1058 2069 2850 2053 2851 2053 1056 2053 2850 2053 1056 2053 1060 2053 2852 2053 2853 2053 1061 2053 2852 2067 1061 2067 552 2067 2854 2068 2855 2068 550 2068 2854 2069 550 2069 1062 2069 2856 2068 2857 2068 1063 2068 2856 2069 1063 2069 1064 2069 2858 2061 2859 2061 1065 2061 2858 2061 1065 2061 1066 2061 555 2072 2860 2072 1067 2072 2727 2073 2860 2073 555 2073 2727 2074 2856 2074 2859 2074 2727 2075 2858 2075 2860 2075 2727 2076 2859 2076 2858 2076 2727 2077 2715 2077 2732 2077 2727 2078 2732 2078 2733 2078 2727 2079 2733 2079 2735 2079 2727 2080 2735 2080 2734 2080 2727 2081 2734 2081 2736 2081 2727 2082 2736 2082 2737 2082 2727 2083 2737 2083 2738 2083 2727 2084 2738 2084 2739 2084 2727 2085 2739 2085 2741 2085 2727 2086 2741 2086 2740 2086 2727 2087 2740 2087 2742 2087 2727 2088 2742 2088 2743 2088 2727 2089 2743 2089 2744 2089 2727 2090 2744 2090 2745 2090 2727 2091 2745 2091 2747 2091 2727 2092 2747 2092 2746 2092 2727 2093 2746 2093 2749 2093 2727 2094 2749 2094 2748 2094 2727 2095 2748 2095 2750 2095 2727 2096 2750 2096 2751 2096 2727 2097 2751 2097 2753 2097 2727 2098 2753 2098 2752 2098 2727 2099 2752 2099 2754 2099 2727 2100 2754 2100 2755 2100 2727 2101 2755 2101 2756 2101 2727 2102 2756 2102 2757 2102 2727 2103 2757 2103 2759 2103 2727 2104 2759 2104 2758 2104 2727 2105 2758 2105 2761 2105 2727 2106 2761 2106 2760 2106 2727 2107 2760 2107 2762 2107 2727 2108 2762 2108 2763 2108 2727 2109 2763 2109 2765 2109 2727 2110 2765 2110 2764 2110 2727 2111 2764 2111 2767 2111 2727 2112 2767 2112 2766 2112 2727 2113 2766 2113 2769 2113 2727 2114 2769 2114 2768 2114 2727 2115 2768 2115 2771 2115 2727 2116 2771 2116 2770 2116 2727 2117 2770 2117 2773 2117 2727 2118 2773 2118 2772 2118 2727 2119 2772 2119 2775 2119 2727 2120 2775 2120 2774 2120 2727 2121 2774 2121 2776 2121 2727 2122 2776 2122 2777 2122 2727 2123 2777 2123 2779 2123 2727 2124 2779 2124 2778 2124 2727 2125 2778 2125 2781 2125 2727 2126 2781 2126 2780 2126 2727 2127 2780 2127 2782 2127 2727 2128 2782 2128 2783 2128 2727 2129 2783 2129 2785 2129 2727 2130 2785 2130 2784 2130 2727 2131 2784 2131 2787 2131 2727 2132 2787 2132 2786 2132 2727 2133 2786 2133 2789 2133 2727 2134 2789 2134 2788 2134 2727 2135 2788 2135 2790 2135 2727 2136 2790 2136 2791 2136 2727 2137 2791 2137 2792 2137 2727 2138 2792 2138 2793 2138 2727 2139 2793 2139 2794 2139 2727 2140 2794 2140 2795 2140 2727 2141 2795 2141 2797 2141 2727 2142 2797 2142 2796 2142 2727 2143 2796 2143 2799 2143 2727 2144 2799 2144 2798 2144 2727 2145 2798 2145 2801 2145 2727 2146 2801 2146 2800 2146 2727 2147 2800 2147 2802 2147 2727 2148 2802 2148 2803 2148 2727 2149 2803 2149 2805 2149 2727 2150 2805 2150 2804 2150 2727 2151 2804 2151 2806 2151 2727 2152 2806 2152 2807 2152 2727 2153 2807 2153 2809 2153 2727 2154 2809 2154 2808 2154 2727 2155 2808 2155 2811 2155 2727 2156 2811 2156 2810 2156 2727 2157 2810 2157 2812 2157 2727 2158 2812 2158 2813 2158 2727 2159 2813 2159 2815 2159 2727 2160 2815 2160 2814 2160 2727 2161 2814 2161 2817 2161 2727 2162 2817 2162 2816 2162 2727 2163 2816 2163 2819 2163 2727 2164 2819 2164 2818 2164 2727 2165 2818 2165 2821 2165 2727 2166 2821 2166 2820 2166 2727 2167 2820 2167 2823 2167 2727 2168 2823 2168 2822 2168 2727 2169 2822 2169 2825 2169 2727 2170 2825 2170 2824 2170 2727 2171 2824 2171 2827 2171 2727 2172 2827 2172 2826 2172 2727 2173 2826 2173 2828 2173 2727 2174 2828 2174 2829 2174 2727 2175 2829 2175 2831 2175 2727 2176 2831 2176 2830 2176 2727 2177 2830 2177 2833 2177 2727 2178 2833 2178 2832 2178 2727 2179 2832 2179 2834 2179 2727 2180 2834 2180 2835 2180 2727 2181 2835 2181 2837 2181 2727 2182 2837 2182 2836 2182 2727 2183 2836 2183 2838 2183 2727 2184 2838 2184 2839 2184 2727 2185 2839 2185 2840 2185 2727 2186 2840 2186 2841 2186 2727 2187 2841 2187 2843 2187 2727 2188 2843 2188 2842 2188 2727 2153 2842 2153 2844 2153 2727 2189 2844 2189 2845 2189 2727 2190 2845 2190 2847 2190 2727 2191 2847 2191 2846 2191 2727 2185 2846 2185 2848 2185 2727 2192 2848 2192 2849 2192 2727 2193 2849 2193 2851 2193 2727 2194 2851 2194 2850 2194 2727 2195 2850 2195 2853 2195 2727 2196 2853 2196 2852 2196 2727 2197 2852 2197 2855 2197 2727 2198 2855 2198 2854 2198 2727 2199 2854 2199 2857 2199 2727 2200 2857 2200 2856 2200 394 2201 2861 2201 395 2201 2706 2201 2861 2201 394 2201 2861 2202 549 2202 395 2202 2861 2202 2862 2202 549 2202 549 2203 2863 2203 547 2203 2862 2204 2863 2204 549 2204 2863 2205 544 2205 547 2205 2863 2206 2864 2206 544 2206 2864 2207 548 2207 544 2207 548 2208 2865 2208 542 2208 2865 2209 543 2209 542 2209 2865 2209 2866 2209 543 2209 2866 2210 397 2210 543 2210 2866 2210 2867 2210 397 2210 2867 2211 396 2211 397 2211 2867 2211 2868 2211 396 2211 2868 2212 398 2212 396 2212 2868 2213 2869 2213 398 2213 2869 2214 558 2214 398 2214 2869 2214 2870 2214 558 2214 2870 2215 557 2215 558 2215 2870 2215 2871 2215 557 2215 2871 2216 937 2216 557 2216 2871 2217 2872 2217 937 2217 2872 2218 939 2218 937 2218 2872 2218 2873 2218 939 2218 2873 2219 943 2219 939 2219 2873 2220 2874 2220 943 2220 2874 2221 1075 2221 943 2221 2874 2221 2875 2221 1075 2221 2875 2222 946 2222 1075 2222 2875 2222 2876 2222 946 2222 946 2223 2877 2223 947 2223 2876 2224 2877 2224 946 2224 2877 2225 949 2225 947 2225 2877 2226 2878 2226 949 2226 949 2227 2879 2227 1078 2227 2878 2228 2879 2228 949 2228 2879 2229 1758 2229 1078 2229 2879 2230 2880 2230 1758 2230 2278 2208 1759 2208 1758 2208 2880 2208 2278 2208 1758 2208 2861 5 2706 5 2868 5 2867 5 2861 5 2868 5 2715 2231 2868 2231 2706 2231 2866 2232 2861 2232 2867 2232 2869 5 2715 5 2727 5 2726 5 2869 5 2727 5 2870 2233 2726 2233 2871 2233 2870 2234 2869 2234 2726 2234 2875 2235 2719 2235 2876 2235 2720 5 2719 5 2875 5 2874 5 2721 5 2720 5 2874 2236 2720 2236 2875 2236 2718 2237 2876 2237 2719 2237 2877 2238 2876 2238 2718 2238 2717 2239 2877 2239 2718 2239 2878 2240 2717 2240 2879 2240 2878 2241 2877 2241 2717 2241 2702 2242 2872 2242 2701 2242 2724 2243 2873 2243 2702 2243 2277 2244 2278 2244 2880 2244 2880 2245 2879 2245 2277 2245 2277 2246 2879 2246 2276 2246 2874 5 2873 5 2722 5 2722 5 2873 5 2723 5 2873 5 2872 5 2702 5 2872 2247 2871 2247 2704 2247 2872 5 2704 5 2703 5 2872 2248 2703 2248 2701 2248 2869 5 2868 5 2715 5 2866 2249 2865 2249 2864 2249 2866 5 2864 5 2863 5 2863 2250 2862 2250 2866 2250 2862 5 2861 5 2866 5 2726 2251 2725 2251 2871 2251 2725 5 2704 5 2871 5 2724 5 2723 5 2873 5 2722 2252 2721 2252 2874 2252 2717 2253 2275 2253 2879 2253 2275 5 2276 5 2879 5 2860 2254 2881 2254 1073 2254 2860 2255 1073 2255 1067 2255 2881 2256 1074 2256 1073 2256 1074 2257 2858 2257 1066 2257 2881 5 2860 5 2858 5 2882 2258 2856 2258 1064 2258 1065 2259 2883 2259 1072 2259 2859 2260 2883 2260 1065 2260 2883 5 2859 5 2856 5 2883 2261 2856 2261 2882 2261 1071 2262 2854 2262 1062 2262 2884 2262 2854 2262 1071 2262 2857 2263 2885 2263 1070 2263 2857 2264 1070 2264 1063 2264 2885 2265 1071 2265 1070 2265 2885 2266 2884 2266 1071 2266 2885 5 2857 5 2854 5 2885 2267 2854 2267 2884 2267 553 2268 2852 2268 552 2268 2886 2269 2852 2269 553 2269 2855 2270 2887 2270 551 2270 2855 2271 551 2271 550 2271 2887 252 553 252 551 252 2887 2272 2886 2272 553 2272 2887 5 2855 5 2852 5 2887 2273 2852 2273 2886 2273 1069 2274 2850 2274 1060 2274 2888 2275 2850 2275 1069 2275 2853 2276 2889 2276 1068 2276 2853 2277 1068 2277 1061 2277 2889 2278 1069 2278 1068 2278 2889 2279 2888 2279 1069 2279 2889 2280 2853 2280 2850 2280 2889 2273 2850 2273 2888 2273 1059 2281 2849 2281 1058 2281 2890 2281 2849 2281 1059 2281 2851 2282 2891 2282 1057 2282 2851 2282 1057 2282 1056 2282 2891 2283 1059 2283 1057 2283 2891 2284 2890 2284 1059 2284 2891 5 2851 5 2849 5 2891 5 2849 5 2890 5 1055 2285 2846 2285 399 2285 2892 2285 2846 2285 1055 2285 2848 2286 2893 2286 1054 2286 2848 2286 1054 2286 1053 2286 2893 2287 1055 2287 1054 2287 2893 2288 2892 2288 1055 2288 2893 5 2848 5 2846 5 2893 2289 2846 2289 2892 2289 1052 2290 2845 2290 401 2290 2894 2291 2845 2291 1052 2291 2847 2292 2895 2292 1051 2292 2847 2292 1051 2292 400 2292 2895 2266 1052 2266 1051 2266 2895 2266 2894 2266 1052 2266 2895 2293 2847 2293 2845 2293 2895 2294 2845 2294 2894 2294 2844 2295 2896 2295 1049 2295 2844 2295 1049 2295 402 2295 2896 2272 1050 2272 1049 2272 1050 2296 2842 2296 403 2296 2896 2297 2844 2297 2842 2297 1048 2298 2841 2298 405 2298 2897 2299 2841 2299 1048 2299 2843 2300 2898 2300 1047 2300 2843 2300 1047 2300 404 2300 2898 252 1048 252 1047 252 2898 252 2897 252 1048 252 2898 2301 2843 2301 2841 2301 2898 2302 2841 2302 2897 2302 1046 2303 2839 2303 407 2303 2899 2304 2839 2304 1046 2304 2840 2305 2900 2305 1045 2305 2840 2306 1045 2306 406 2306 2900 252 1046 252 1045 252 2900 2272 2899 2272 1046 2272 2900 5 2840 5 2839 5 2900 2307 2839 2307 2899 2307 2836 2308 1044 2308 2901 2308 2838 2309 2901 2309 1043 2309 2838 2310 1043 2310 408 2310 2901 2278 1044 2278 1043 2278 2901 5 2838 5 2836 5 1042 2311 2835 2311 411 2311 2902 2312 2835 2312 1042 2312 2837 2313 2903 2313 1041 2313 2837 2314 1041 2314 410 2314 2903 252 1042 252 1041 252 2903 2315 2902 2315 1042 2315 2903 5 2837 5 2835 5 2903 2316 2835 2316 2902 2316 2904 2317 2832 2317 413 2317 412 2318 2905 2318 1040 2318 2834 2319 2905 2319 412 2319 2904 252 1040 252 2905 252 2905 5 2834 5 2832 5 2905 2320 2832 2320 2904 2320 2833 2321 2906 2321 1038 2321 2833 2322 1038 2322 414 2322 2906 2266 1039 2266 1038 2266 1039 2323 2830 2323 415 2323 2906 5 2833 5 2830 5 1037 2324 2829 2324 417 2324 2907 2325 2829 2325 1037 2325 2831 2326 2908 2326 1036 2326 2831 2327 1036 2327 416 2327 2908 2266 1037 2266 1036 2266 2908 252 2907 252 1037 252 2908 5 2831 5 2829 5 2908 2328 2829 2328 2907 2328 1035 2329 2826 2329 419 2329 2909 2330 2826 2330 1035 2330 418 2331 2910 2331 1034 2331 2828 2332 2910 2332 418 2332 2910 2278 1035 2278 1034 2278 2910 2333 2909 2333 1035 2333 2910 5 2828 5 2826 5 2910 5 2826 5 2909 5 1033 2334 2824 2334 421 2334 2911 2335 2824 2335 1033 2335 2827 2336 2912 2336 1032 2336 2827 2337 1032 2337 420 2337 2912 2278 1033 2278 1032 2278 2912 2333 2911 2333 1033 2333 2912 5 2827 5 2824 5 2912 2338 2824 2338 2911 2338 2822 2339 1031 2339 2913 2339 2825 2340 2913 2340 1030 2340 2825 2341 1030 2341 422 2341 2913 252 1031 252 1030 252 2913 5 2825 5 2822 5 2820 2342 1029 2342 2914 2342 2823 2343 2914 2343 1028 2343 2823 2343 1028 2343 427 2343 2914 2278 1029 2278 1028 2278 2914 5 2823 5 2820 5 1027 2344 2818 2344 430 2344 2915 2345 2818 2345 1027 2345 2821 2346 2916 2346 1026 2346 2821 2347 1026 2347 429 2347 2916 2266 1027 2266 1026 2266 2916 252 2915 252 1027 252 2916 5 2821 5 2818 5 2916 2348 2818 2348 2915 2348 1025 2349 2816 2349 432 2349 2917 2349 2816 2349 1025 2349 2819 2350 2918 2350 1024 2350 2819 2350 1024 2350 431 2350 2918 2266 1025 2266 1024 2266 2918 252 2917 252 1025 252 2918 2351 2819 2351 2816 2351 2918 5 2816 5 2917 5 2814 2352 1023 2352 2919 2352 2817 2353 2919 2353 1022 2353 2817 2353 1022 2353 433 2353 2919 2266 1023 2266 1022 2266 2919 5 2817 5 2814 5 1021 2354 2813 2354 436 2354 2920 2354 2813 2354 1021 2354 2815 2355 2921 2355 1020 2355 2815 2356 1020 2356 435 2356 2921 2357 1021 2357 1020 2357 2921 2357 2920 2357 1021 2357 2921 5 2815 5 2813 5 2921 2358 2813 2358 2920 2358 2922 2359 2810 2359 438 2359 2922 2360 438 2360 1019 2360 2812 2361 2923 2361 1018 2361 2812 2362 1018 2362 437 2362 1018 252 2922 252 1019 252 2923 2266 2922 2266 1018 2266 2923 5 2812 5 2810 5 2923 2363 2810 2363 2922 2363 1017 2364 2808 2364 440 2364 2924 2365 2808 2365 1017 2365 2811 2366 2925 2366 1016 2366 2811 2367 1016 2367 439 2367 2925 2368 1017 2368 1016 2368 2925 252 2924 252 1017 252 2925 5 2811 5 2808 5 2925 2369 2808 2369 2924 2369 1015 2370 2807 2370 442 2370 441 2371 2926 2371 1014 2371 2809 2371 2926 2371 441 2371 2926 2372 1015 2372 1014 2372 2926 5 2809 5 2807 5 1013 2373 2804 2373 444 2373 2927 2374 2804 2374 1013 2374 2806 2375 2928 2375 1012 2375 2806 2376 1012 2376 443 2376 2928 2377 1013 2377 1012 2377 2928 2378 2927 2378 1013 2378 2928 5 2806 5 2804 5 2928 5 2804 5 2927 5 1011 2379 2803 2379 446 2379 2805 2380 2929 2380 1010 2380 2805 2380 1010 2380 445 2380 2929 2266 1011 2266 1010 2266 2929 5 2805 5 2803 5 2800 2381 1009 2381 2930 2381 2802 2382 2930 2382 1008 2382 2802 2383 1008 2383 447 2383 2930 2372 1009 2372 1008 2372 2930 5 2802 5 2800 5 1007 2384 2798 2384 450 2384 2931 2384 2798 2384 1007 2384 449 2385 2932 2385 1006 2385 2801 2385 2932 2385 449 2385 2932 252 1007 252 1006 252 2932 252 2931 252 1007 252 2932 5 2801 5 2798 5 2932 2386 2798 2386 2931 2386 2796 2387 1005 2387 2933 2387 2799 2388 2933 2388 1004 2388 2799 2388 1004 2388 451 2388 2933 253 1005 253 1004 253 2933 5 2799 5 2796 5 1003 2389 2795 2389 454 2389 2797 2390 2934 2390 1002 2390 2797 2390 1002 2390 453 2390 2934 2391 1003 2391 1002 2391 2934 5 2797 5 2795 5 1001 2392 2793 2392 456 2392 2935 252 1001 252 1000 252 2794 2393 2935 2393 1000 2393 2794 2393 1000 2393 455 2393 2935 5 2794 5 2793 5 999 2394 2791 2394 463 2394 2936 2394 2791 2394 999 2394 2792 2395 2937 2395 998 2395 2792 2395 998 2395 457 2395 2937 252 999 252 998 252 2937 253 2936 253 999 253 2937 5 2792 5 2791 5 2937 2396 2791 2396 2936 2396 2938 2397 2788 2397 465 2397 2938 2397 465 2397 997 2397 2790 2398 2939 2398 996 2398 2790 2398 996 2398 464 2398 996 2391 2938 2391 997 2391 2939 2391 2938 2391 996 2391 2939 2399 2790 2399 2788 2399 2939 2400 2788 2400 2938 2400 995 2401 2786 2401 467 2401 2940 2401 2786 2401 995 2401 2789 192 2941 192 994 192 2789 192 994 192 466 192 2941 253 995 253 994 253 2941 2402 2940 2402 995 2402 2941 5 2789 5 2786 5 2941 2403 2786 2403 2940 2403 993 2404 2784 2404 469 2404 2942 2404 2784 2404 993 2404 2787 2405 2943 2405 992 2405 2787 2405 992 2405 468 2405 2943 252 993 252 992 252 2943 253 2942 253 993 253 2943 2406 2787 2406 2784 2406 2943 2407 2784 2407 2942 2407 991 2408 2783 2408 471 2408 2944 2409 2783 2409 991 2409 470 2410 2945 2410 990 2410 2785 2410 2945 2410 470 2410 2945 2391 991 2391 990 2391 2945 2391 2944 2391 991 2391 2945 5 2785 5 2783 5 2945 2411 2783 2411 2944 2411 2946 2412 2780 2412 473 2412 472 2413 2947 2413 989 2413 2782 2414 2947 2414 472 2414 2947 5 2782 5 2780 5 2947 2415 2780 2415 2946 2415 2948 2416 2778 2416 475 2416 2948 2417 475 2417 988 2417 2781 2418 2949 2418 987 2418 2781 2418 987 2418 474 2418 987 252 2948 252 988 252 2949 252 2948 252 987 252 2949 5 2781 5 2778 5 2949 2419 2778 2419 2948 2419 986 2420 2777 2420 477 2420 2950 2420 2777 2420 986 2420 2779 2421 2951 2421 985 2421 2779 2421 985 2421 476 2421 2951 2391 986 2391 985 2391 2951 2391 2950 2391 986 2391 2951 2422 2779 2422 2777 2422 2951 2423 2777 2423 2950 2423 2952 2424 2774 2424 479 2424 2952 2425 479 2425 984 2425 2776 2426 2953 2426 983 2426 2776 2427 983 2427 478 2427 983 252 2952 252 984 252 2953 253 2952 253 983 253 2953 5 2776 5 2774 5 2953 2428 2774 2428 2952 2428 2954 2429 2772 2429 481 2429 480 2430 2955 2430 982 2430 2775 2431 2955 2431 480 2431 2955 5 2775 5 2772 5 2955 2432 2772 2432 2954 2432 981 2433 2770 2433 483 2433 2956 2434 2770 2434 981 2434 2773 2435 2957 2435 980 2435 2773 2436 980 2436 482 2436 2957 253 981 253 980 253 2957 2402 2956 2402 981 2402 2957 5 2773 5 2770 5 2957 2437 2770 2437 2956 2437 979 2438 2768 2438 485 2438 2958 2439 2768 2439 979 2439 2771 2440 2959 2440 978 2440 2771 2441 978 2441 484 2441 2959 252 979 252 978 252 2959 253 2958 253 979 253 2959 5 2771 5 2768 5 2959 2442 2768 2442 2958 2442 2769 2443 2960 2443 976 2443 2769 2443 976 2443 486 2443 2960 2391 977 2391 976 2391 977 2444 2766 2444 487 2444 2960 2445 2769 2445 2766 2445 975 2446 2764 2446 489 2446 2961 253 975 253 974 253 488 2447 2961 2447 974 2447 2767 2448 2961 2448 488 2448 2961 5 2767 5 2764 5 973 2449 2763 2449 491 2449 2962 2449 2763 2449 973 2449 2765 2450 2963 2450 972 2450 2765 2450 972 2450 490 2450 2963 252 973 252 972 252 2963 253 2962 253 973 253 2963 5 2765 5 2763 5 2963 2451 2763 2451 2962 2451 2964 2452 2760 2452 493 2452 2964 2453 493 2453 971 2453 2762 2454 2965 2454 970 2454 2762 2455 970 2455 492 2455 970 2391 2964 2391 971 2391 2965 2456 2964 2456 970 2456 2965 5 2762 5 2760 5 2965 2457 2760 2457 2964 2457 969 2458 2758 2458 499 2458 2966 2458 2758 2458 969 2458 2761 2459 2967 2459 968 2459 2761 2460 968 2460 494 2460 2967 253 969 253 968 253 2967 2402 2966 2402 969 2402 2967 5 2761 5 2758 5 2967 2461 2758 2461 2966 2461 967 2462 2757 2462 501 2462 2968 2462 2757 2462 967 2462 2759 2463 2969 2463 966 2463 2759 2464 966 2464 500 2464 2969 2456 967 2456 966 2456 2969 2391 2968 2391 967 2391 2969 5 2759 5 2757 5 2969 2465 2757 2465 2968 2465 965 2466 2755 2466 503 2466 2970 2330 2755 2330 965 2330 2756 2467 2971 2467 964 2467 2756 2468 964 2468 502 2468 2971 2456 965 2456 964 2456 2971 2391 2970 2391 965 2391 2971 2469 2756 2469 2755 2469 2971 2470 2755 2470 2970 2470 2752 2471 963 2471 2972 2471 2754 2472 2972 2472 962 2472 2754 2473 962 2473 504 2473 2972 157 963 157 962 157 2972 5 2754 5 2752 5 2973 2474 2751 2474 507 2474 2973 2475 507 2475 534 2475 2753 2476 2974 2476 538 2476 2753 2476 538 2476 506 2476 2974 2402 534 2402 538 2402 2974 252 2973 252 534 252 2974 5 2753 5 2751 5 2974 2477 2751 2477 2973 2477 535 2478 2748 2478 509 2478 2975 2478 2748 2478 535 2478 2750 2479 2976 2479 539 2479 2750 2480 539 2480 508 2480 2976 2391 535 2391 539 2391 2976 2456 2975 2456 535 2456 2976 5 2750 5 2748 5 2976 5 2748 5 2975 5 536 2481 2746 2481 511 2481 2977 2482 2746 2482 536 2482 2749 2483 540 2483 510 2483 540 252 2977 252 536 252 2749 2484 2977 2484 540 2484 537 2485 2745 2485 513 2485 2978 2485 2745 2485 537 2485 512 2486 2979 2486 541 2486 2747 2486 2979 2486 512 2486 2979 253 537 253 541 253 2979 2402 2978 2402 537 2402 2979 5 2747 5 2745 5 2979 2487 2745 2487 2978 2487 2980 2488 2743 2488 515 2488 2980 2489 515 2489 961 2489 2744 2490 2981 2490 960 2490 2744 2490 960 2490 514 2490 960 2357 2980 2357 961 2357 2981 2391 2980 2391 960 2391 2981 2491 2744 2491 2743 2491 2981 2492 2743 2492 2980 2492 959 2493 2740 2493 517 2493 2982 2493 2740 2493 959 2493 516 2494 2983 2494 958 2494 2742 2494 2983 2494 516 2494 2983 253 959 253 958 253 2983 252 2982 252 959 252 2983 5 2742 5 2740 5 2983 2495 2740 2495 2982 2495 957 2496 2739 2496 519 2496 2984 2496 2739 2496 957 2496 518 2497 2985 2497 956 2497 2741 2497 2985 2497 518 2497 2985 2498 957 2498 956 2498 2985 2498 2984 2498 957 2498 2985 5 2741 5 2739 5 2985 2499 2739 2499 2984 2499 955 2290 2737 2290 521 2290 2986 2500 2737 2500 955 2500 2738 2501 2987 2501 954 2501 2738 2501 954 2501 520 2501 2987 2502 955 2502 954 2502 2987 180 2986 180 955 180 2987 2503 2738 2503 2737 2503 2987 5 2737 5 2986 5 2734 2504 953 2504 2988 2504 2736 2505 2988 2505 952 2505 2736 2505 952 2505 522 2505 2988 2502 953 2502 952 2502 2988 2506 2736 2506 2734 2506 951 2507 2733 2507 525 2507 2989 180 951 180 950 180 2735 2508 2989 2508 950 2508 2735 2509 950 2509 524 2509 2989 2510 2735 2510 2733 2510 934 2511 2731 2511 527 2511 2732 2512 2990 2512 933 2512 2732 2512 933 2512 526 2512 2990 177 934 177 933 177 2990 2513 2732 2513 2731 2513 747 2514 2729 2514 529 2514 2991 177 747 177 746 177 528 2515 2991 2515 746 2515 2730 2515 2991 2515 528 2515 2991 2516 2730 2516 2729 2516 2728 2517 2992 2517 653 2517 2728 2517 653 2517 530 2517 2993 2518 2716 2518 2714 2518 2992 5 2728 5 2716 5 2992 2519 2716 2519 2993 2519 570 2520 2714 2520 531 2520 2993 2520 2714 2520 570 2520 2992 180 570 180 653 180 2992 2502 2993 2502 570 2502 546 2521 2711 2521 533 2521 2994 2522 2711 2522 546 2522 569 180 2994 180 546 180 2713 2523 569 2523 532 2523 2994 2524 2713 2524 2711 2524 497 2258 2709 2258 498 2258 2995 2525 2709 2525 497 2525 2712 2526 545 2526 496 2526 2995 2527 545 2527 2712 2527 2995 5 2712 5 2709 5 2996 2528 2707 2528 462 2528 2996 2528 462 2528 461 2528 2710 2529 495 2529 460 2529 2996 2530 495 2530 2710 2530 2996 5 2710 5 2707 5 2997 2531 2705 2531 423 2531 2997 2531 423 2531 425 2531 424 2532 2997 2532 425 2532 2998 2532 2997 2532 424 2532 2708 2533 2999 2533 459 2533 2708 2534 459 2534 458 2534 459 180 2998 180 424 180 2999 2502 2998 2502 459 2502 2998 5 2705 5 2997 5 2999 2535 2708 2535 2705 2535 2999 5 2705 5 2998 5 3000 2536 3001 2536 3002 2536 3003 105 3001 105 3000 105 3002 2537 3004 2537 3005 2537 3004 2538 3006 2538 3005 2538 3006 2539 3000 2539 3005 2539 3006 2540 3003 2540 3000 2540 3001 2541 3003 2541 3006 2541 3004 2542 3001 2542 3006 2542 3000 6 3002 6 3005 6 3007 2540 3011 2540 3010 2540 3008 2543 3010 2543 3009 2543 3011 2538 3009 2538 3010 2538 3012 2544 3016 2544 3015 2544 3013 2545 3015 2545 3014 2545 3016 2546 3014 2546 3015 2546 3017 2547 3021 2547 3020 2547 3018 2548 3020 2548 3019 2548 3021 2549 3019 2549 3020 2549 3022 2550 3023 2550 3024 2550 3025 2550 3023 2550 3022 2550 3028 2551 3026 2551 3027 2551 3023 2552 3026 2552 3024 2552 3027 2544 3022 2544 3028 2544 3027 2544 3025 2544 3022 2544 3023 2553 3025 2553 3027 2553 3026 2554 3023 2554 3027 2554 3022 6 3024 6 3028 6 3029 105 3030 105 3031 105 3032 2555 3030 2555 3029 2555 3035 2556 3033 2556 3034 2556 3030 2557 3033 2557 3031 2557 3034 2558 3029 2558 3035 2558 3034 2559 3032 2559 3029 2559 3030 2541 3032 2541 3034 2541 3033 2542 3030 2542 3034 2542 3029 6 3031 6 3035 6 3036 2560 3037 2560 3038 2560 3039 2561 3037 2561 3036 2561 3037 2562 3040 2562 3038 2562 3037 2563 3041 2563 3040 2563 3041 2564 3042 2564 3040 2564 3042 2544 3039 2544 3036 2544 3037 111 3039 111 3042 111 3041 5 3037 5 3042 5 3042 2565 3038 2565 3040 2565 3043 2566 3044 2566 3045 2566 3043 2567 3047 2567 3044 2567 3048 2568 3046 2568 3047 2568 3044 2569 3046 2569 3045 2569 3046 2554 3044 2554 3047 2554 3043 6 3045 6 3048 6 3049 2570 3050 2570 3051 2570 3049 105 3052 105 3050 105 3052 2571 3053 2571 3050 2571 3052 2572 3054 2572 3053 2572 3053 2538 3055 2538 3056 2538 3054 2538 3055 2538 3053 2538 3056 2573 3049 2573 3051 2573 3055 2573 3049 2573 3056 2573 3052 2574 3049 2574 3055 2574 3054 2575 3052 2575 3055 2575 3051 6 3050 6 3056 6 3050 6 3053 6 3056 6 3057 106 3058 106 3059 106 3057 2560 3060 2560 3058 2560 3060 2576 3061 2576 3058 2576 3060 2577 3062 2577 3061 2577 3061 2568 3063 2568 3064 2568 3062 2578 3063 2578 3061 2578 3064 2579 3057 2579 3059 2579 3063 2579 3057 2579 3064 2579 3060 2580 3057 2580 3063 2580 3062 5 3060 5 3063 5 3059 6 3058 6 3064 6 3058 6 3061 6 3064 6 3065 2570 3066 2570 3067 2570 3065 105 3068 105 3066 105 3068 2581 3069 2581 3066 2581 3068 2581 3070 2581 3069 2581 3069 2582 3071 2582 3072 2582 3070 2583 3071 2583 3069 2583 3072 2584 3065 2584 3067 2584 3071 2585 3065 2585 3072 2585 3068 2586 3065 2586 3071 2586 3070 5 3068 5 3071 5 3067 6 3066 6 3072 6 3066 6 3069 6 3072 6 3073 2587 3077 2587 3078 2587 3073 2588 3075 2588 3074 2588 3075 2589 3076 2589 3074 2589 3076 2538 3078 2538 3077 2538 3075 2590 3073 2590 3078 2590 3074 6 3076 6 3077 6 3079 2591 3083 2591 3084 2591 3079 2588 3081 2588 3080 2588 3081 2572 3082 2572 3080 2572 3082 2538 3084 2538 3083 2538 3081 2590 3079 2590 3084 2590 3080 6 3082 6 3083 6 3085 2584 3089 2584 3090 2584 3085 105 3087 105 3086 105 3087 2592 3088 2592 3086 2592 3088 2582 3090 2582 3089 2582 3087 2586 3085 2586 3090 2586 3086 6 3088 6 3089 6 3091 2579 3097 2579 3096 2579 3091 2588 3093 2588 3092 2588 3093 2562 3094 2562 3092 2562 3093 2562 3095 2562 3094 2562 3094 2568 3096 2568 3097 2568 3095 2568 3096 2568 3094 2568 3093 2541 3091 2541 3096 2541 3095 2593 3093 2593 3096 2593 3092 6 3094 6 3097 6 3098 2594 3099 2594 3100 2594 3098 2594 3101 2594 3099 2594 3099 2571 3102 2571 3103 2571 3101 2572 3102 2572 3099 2572 3102 2538 3104 2538 3103 2538 3104 2595 3098 2595 3100 2595 3101 2596 3104 2596 3102 2596 3100 6 3099 6 3104 6 3099 6 3103 6 3104 6 3105 2597 3109 2597 3108 2597 3106 2598 3108 2598 3107 2598 3109 2538 3107 2538 3108 2538 3110 2579 3114 2579 3115 2579 3111 2599 3115 2599 3112 2599 3111 2600 3112 2600 3113 2600 3112 109 3114 109 3113 109 3112 109 3115 109 3114 109 3111 6 3113 6 3114 6 3116 105 3117 105 3118 105 3116 105 3119 105 3117 105 3117 2601 3120 2601 3121 2601 3119 2581 3120 2581 3117 2581 3120 2538 3122 2538 3121 2538 3122 2595 3116 2595 3118 2595 3119 2602 3122 2602 3120 2602 3118 6 3117 6 3122 6 3117 6 3121 6 3122 6 3123 2603 3127 2603 3128 2603 3123 2588 3125 2588 3124 2588 3125 2604 3126 2604 3124 2604 3126 2568 3128 2568 3127 2568 3125 2541 3123 2541 3128 2541 3124 6 3126 6 3127 6 3129 106 3130 106 3131 106 3129 106 3132 106 3130 106 3132 2605 3133 2605 3130 2605 3133 2582 3135 2582 3134 2582 3134 2606 3129 2606 3131 2606 3135 2607 3129 2607 3134 2607 3132 2608 3129 2608 3135 2608 3131 6 3130 6 3134 6 3130 6 3133 6 3134 6 3136 2609 3140 2609 3141 2609 3136 105 3138 105 3137 105 3138 2592 3139 2592 3137 2592 3139 2582 3141 2582 3140 2582 3138 2610 3136 2610 3141 2610 3137 6 3139 6 3140 6 3142 2611 3146 2611 3147 2611 3143 2612 3147 2612 3144 2612 3143 2569 3144 2569 3145 2569 3144 2568 3146 2568 3145 2568 3144 2568 3147 2568 3146 2568 3143 6 3145 6 3146 6 3148 1404 3152 1404 3151 1404 3149 2613 3151 2613 3150 2613 3152 2614 3150 2614 3151 2614 3153 2615 3157 2615 3158 2615 3154 2616 3158 2616 3155 2616 3154 2617 3155 2617 3156 2617 3155 2568 3157 2568 3156 2568 3155 2568 3158 2568 3157 2568 3154 6 3156 6 3157 6 3159 2587 3163 2587 3164 2587 3160 2618 3164 2618 3161 2618 3160 2592 3161 2592 3162 2592 3161 2619 3163 2619 3162 2619 3161 2619 3164 2619 3163 2619 3160 6 3162 6 3163 6 3165 2588 3166 2588 3167 2588 3165 2588 3168 2588 3166 2588 3169 2620 3168 2620 3170 2620 3169 2614 3170 2614 3171 2614 3171 1404 3165 1404 3167 1404 3170 1404 3165 1404 3171 1404 3168 2621 3165 2621 3170 2621 3167 6 3166 6 3171 6 3166 6 3169 6 3171 6 3172 106 3173 106 3174 106 3172 106 3175 106 3173 106 3176 2622 3175 2622 3177 2622 3176 2568 3177 2568 3178 2568 3178 2611 3172 2611 3174 2611 3177 2603 3172 2603 3178 2603 3175 2580 3172 2580 3177 2580 3174 6 3173 6 3178 6 3173 6 3176 6 3178 6 3179 105 3180 105 3181 105 3179 105 3182 105 3180 105 3180 2571 3183 2571 3184 2571 3182 2605 3183 2605 3180 2605 3183 2614 3185 2614 3184 2614 3185 2597 3179 2597 3181 2597 3182 2623 3185 2623 3183 2623 3181 6 3180 6 3185 6 3180 6 3184 6 3185 6 3186 2624 3187 2624 3188 2624 3189 2588 3187 2588 3186 2588 3188 2625 3190 2625 3191 2625 3190 2568 3192 2568 3191 2568 3192 2606 3186 2606 3191 2606 3192 2606 3189 2606 3186 2606 3187 2626 3189 2626 3192 2626 3190 2542 3187 2542 3192 2542 3186 6 3188 6 3191 6 3193 2588 3194 2588 3195 2588 3193 2588 3196 2588 3194 2588 3196 2569 3197 2569 3194 2569 3196 2627 3198 2627 3197 2627 3197 2568 3199 2568 3200 2568 3198 2568 3199 2568 3197 2568 3200 2603 3193 2603 3195 2603 3199 2603 3193 2603 3200 2603 3196 2621 3193 2621 3199 2621 3198 2593 3196 2593 3199 2593 3195 6 3194 6 3200 6 3194 6 3197 6 3200 6 3201 2628 3202 2628 3203 2628 3204 2629 3202 2629 3201 2629 3202 2601 3205 2601 3203 2601 3202 2592 3206 2592 3205 2592 3206 2582 3207 2582 3205 2582 3207 2558 3204 2558 3201 2558 3202 2630 3204 2630 3207 2630 3206 5 3202 5 3207 5 3207 2631 3203 2631 3205 2631 3208 2603 3214 2603 3213 2603 3208 2632 3210 2632 3209 2632 3210 2617 3211 2617 3209 2617 3210 2617 3212 2617 3211 2617 3211 2633 3213 2633 3214 2633 3212 2634 3213 2634 3211 2634 3210 2541 3208 2541 3213 2541 3212 2542 3210 2542 3213 2542 3209 6 3211 6 3214 6 3215 2597 3219 2597 3220 2597 3216 2635 3220 2635 3217 2635 3216 2636 3217 2636 3218 2636 3217 2614 3219 2614 3218 2614 3217 2614 3220 2614 3219 2614 3216 6 3218 6 3219 6 3221 2606 3225 2606 3226 2606 3221 2637 3223 2637 3222 2637 3223 2577 3224 2577 3222 2577 3224 2638 3226 2638 3225 2638 3223 2608 3221 2608 3226 2608 3222 6 3224 6 3225 6 3232 2639 3228 2639 3229 2639 3227 2640 3231 2640 3228 2640 3228 2641 3230 2641 3229 2641 3229 2642 3231 2642 3232 2642 3230 2614 3231 2614 3229 2614 3230 2643 3228 2643 3231 2643 3233 2644 3234 2644 3235 2644 3233 2645 3239 2645 3234 2645 3235 2592 3236 2592 3237 2592 3234 2641 3236 2641 3235 2641 3236 2538 3238 2538 3237 2538 3236 2538 3239 2538 3238 2538 3236 2643 3234 2643 3239 2643 3233 6 3235 6 3238 6 3235 6 3237 6 3238 6 3240 2624 3241 2624 3242 2624 3243 2646 3241 2646 3240 2646 3246 2633 3244 2633 3245 2633 3241 2617 3244 2617 3242 2617 3245 2607 3240 2607 3246 2607 3245 2647 3243 2647 3240 2647 3241 2626 3243 2626 3245 2626 3244 2648 3241 2648 3245 2648 3240 6 3242 6 3246 6 3247 2587 3253 2587 3252 2587 3247 2629 3249 2629 3248 2629 3249 2641 3250 2641 3248 2641 3249 2592 3251 2592 3250 2592 3250 2649 3252 2649 3253 2649 3251 2649 3252 2649 3250 2649 3249 2650 3247 2650 3252 2650 3251 5 3249 5 3252 5 3248 6 3250 6 3253 6 3259 2651 3255 2651 3256 2651 3254 2652 3258 2652 3255 2652 3255 2569 3257 2569 3256 2569 3256 2614 3258 2614 3259 2614 3257 2614 3258 2614 3256 2614 3257 2554 3255 2554 3258 2554 3260 2653 3261 2653 3262 2653 3260 2654 3263 2654 3261 2654 3263 2569 3264 2569 3261 2569 3263 2569 3265 2569 3264 2569 3264 2634 3266 2634 3267 2634 3265 2633 3266 2633 3264 2633 3267 2606 3260 2606 3262 2606 3266 2647 3260 2647 3267 2647 3263 2626 3260 2626 3266 2626 3265 2593 3263 2593 3266 2593 3262 6 3261 6 3267 6 3261 6 3264 6 3267 6 3268 2597 3274 2597 3273 2597 3268 2655 3270 2655 3269 2655 3270 2656 3271 2656 3269 2656 3270 2656 3272 2656 3271 2656 3271 2657 3273 2657 3274 2657 3272 2658 3273 2658 3271 2658 3270 2659 3268 2659 3273 2659 3272 5 3270 5 3273 5 3269 6 3271 6 3274 6 3275 2660 3279 2660 3278 2660 3276 2661 3278 2661 3277 2661 3279 2568 3277 2568 3278 2568 3280 2597 3284 2597 3285 2597 3280 105 3282 105 3281 105 3282 2601 3283 2601 3281 2601 3283 2619 3285 2619 3284 2619 3282 2659 3280 2659 3285 2659 3281 6 3283 6 3284 6 3286 2603 3290 2603 3291 2603 3286 2654 3288 2654 3287 2654 3288 2604 3289 2604 3287 2604 3289 2568 3291 2568 3290 2568 3288 2662 3286 2662 3291 2662 3287 6 3289 6 3290 6 3292 2607 3296 2607 3297 2607 3292 106 3294 106 3293 106 3294 2663 3295 2663 3293 2663 3295 2664 3297 2664 3296 2664 3294 2608 3292 2608 3297 2608 3293 6 3295 6 3296 6 3298 2597 3304 2597 3303 2597 3298 2644 3300 2644 3299 2644 3300 2571 3301 2571 3299 2571 3300 2636 3302 2636 3301 2636 3301 2538 3303 2538 3304 2538 3302 2665 3303 2665 3301 2665 3300 2659 3298 2659 3303 2659 3302 2666 3300 2666 3303 2666 3299 6 3301 6 3304 6 3305 2588 3306 2588 3307 2588 3308 2588 3306 2588 3305 2588 3311 2667 3309 2667 3310 2667 3306 2604 3309 2604 3307 2604 3310 2647 3305 2647 3311 2647 3310 2607 3308 2607 3305 2607 3306 2668 3308 2668 3310 2668 3309 2669 3306 2669 3310 2669 3305 6 3307 6 3311 6 3312 1404 3316 1404 3315 1404 3313 2670 3315 2670 3314 2670 3316 2582 3314 2582 3315 2582 3317 2671 3321 2671 3320 2671 3318 2672 3320 2672 3319 2672 3321 2538 3319 2538 3320 2538 3322 2588 3323 2588 3324 2588 3325 2654 3323 2654 3322 2654 3328 2568 3326 2568 3327 2568 3323 2617 3326 2617 3324 2617 3327 2647 3322 2647 3328 2647 3327 2647 3325 2647 3322 2647 3323 2668 3325 2668 3327 2668 3326 2542 3323 2542 3327 2542 3322 6 3324 6 3328 6 3329 105 3330 105 3331 105 3332 105 3330 105 3329 105 3335 2619 3333 2619 3334 2619 3330 2601 3333 2601 3331 2601 3334 2597 3329 2597 3335 2597 3334 2597 3332 2597 3329 2597 3330 2659 3332 2659 3334 2659 3333 2673 3330 2673 3334 2673 3329 6 3331 6 3335 6 3336 106 3337 106 3338 106 3339 106 3337 106 3336 106 3342 109 3340 109 3341 109 3337 2604 3340 2604 3338 2604 3341 2607 3336 2607 3342 2607 3341 2603 3339 2603 3336 2603 3337 1673 3339 1673 3341 1673 3340 5 3337 5 3341 5 3336 6 3338 6 3342 6 3343 2674 3344 2674 3345 2674 3346 2674 3344 2674 3343 2674 3344 2601 3347 2601 3345 2601 3344 2601 3348 2601 3347 2601 3348 2538 3349 2538 3347 2538 3349 2660 3346 2660 3343 2660 3344 2675 3346 2675 3349 2675 3348 2554 3344 2554 3349 2554 3349 2676 3345 2676 3347 2676 3350 2588 3351 2588 3352 2588 3353 2588 3351 2588 3350 2588 3352 2677 3354 2677 3355 2677 3354 2665 3356 2665 3355 2665 3356 2597 3350 2597 3355 2597 3356 2597 3353 2597 3350 2597 3351 1689 3353 1689 3356 1689 3354 2678 3351 2678 3356 2678 3350 6 3352 6 3355 6 3357 2654 3358 2654 3359 2654 3360 2632 3358 2632 3357 2632 3359 2679 3361 2679 3362 2679 3361 109 3363 109 3362 109 3363 2607 3357 2607 3362 2607 3363 2607 3360 2607 3357 2607 3358 2574 3360 2574 3363 2574 3361 5 3358 5 3363 5 3357 6 3359 6 3362 6 3369 2680 3365 2680 3366 2680 3364 2681 3368 2681 3365 2681 3365 2682 3367 2682 3366 2682 3366 2665 3368 2665 3369 2665 3367 2619 3368 2619 3366 2619 3367 5 3365 5 3368 5 3375 2683 3371 2683 3372 2683 3370 2684 3374 2684 3371 2684 3371 2685 3373 2685 3372 2685 3372 2686 3374 2686 3375 2686 3373 2686 3374 2686 3372 2686 3373 2687 3371 2687 3374 2687 3376 106 3377 106 3378 106 3376 106 3379 106 3377 106 3379 2688 3380 2688 3377 2688 3379 2688 3381 2688 3380 2688 3380 2538 3382 2538 3383 2538 3381 2538 3382 2538 3380 2538 3383 2607 3376 2607 3378 2607 3382 2607 3376 2607 3383 2607 3379 2608 3376 2608 3382 2608 3381 5 3379 5 3382 5 3378 6 3377 6 3383 6 3377 6 3380 6 3383 6 3384 2628 3385 2628 3386 2628 3384 2628 3387 2628 3385 2628 3388 2689 3387 2689 3389 2689 3388 2665 3389 2665 3390 2665 3390 1242 3384 1242 3386 1242 3389 2597 3384 2597 3390 2597 3387 2650 3384 2650 3389 2650 3386 6 3385 6 3390 6 3385 6 3388 6 3390 6 3391 2690 3392 2690 3393 2690 3394 2690 3392 2690 3391 2690 3397 2691 3395 2691 3396 2691 3392 2604 3395 2604 3393 2604 3396 2607 3391 2607 3397 2607 3396 2607 3394 2607 3391 2607 3392 2692 3394 2692 3396 2692 3395 5 3392 5 3396 5 3391 6 3393 6 3397 6 3398 2628 3399 2628 3400 2628 3401 2628 3399 2628 3398 2628 3404 2693 3402 2693 3403 2693 3399 2694 3402 2694 3400 2694 3403 2597 3398 2597 3404 2597 3403 2695 3401 2695 3398 2695 3399 2696 3401 2696 3403 2696 3402 2697 3399 2697 3403 2697 3398 6 3400 6 3404 6 3405 2588 3406 2588 3407 2588 3408 2654 3406 2654 3405 2654 3407 2698 3409 2698 3410 2698 3409 2568 3411 2568 3410 2568 3411 2647 3405 2647 3410 2647 3411 2607 3408 2607 3405 2607 3406 2699 3408 2699 3411 2699 3409 2700 3406 2700 3411 2700 3405 6 3407 6 3410 6 3412 2588 3413 2588 3414 2588 3415 2588 3413 2588 3412 2588 3413 2656 3416 2656 3414 2656 3413 2656 3417 2656 3416 2656 3417 2582 3418 2582 3416 2582 3418 2607 3415 2607 3412 2607 3413 2590 3415 2590 3418 2590 3417 5 3413 5 3418 5 3418 2701 3414 2701 3416 2701 3419 2702 3420 2702 3421 2702 3422 2703 3420 2703 3419 2703 3420 2694 3423 2694 3421 2694 3420 2694 3424 2694 3423 2694 3424 2704 3425 2704 3423 2704 3425 2597 3422 2597 3419 2597 3420 2705 3422 2705 3425 2705 3424 5 3420 5 3425 5 3425 2706 3421 2706 3423 2706 3426 2588 3427 2588 3428 2588 3429 2588 3427 2588 3426 2588 3427 2604 3430 2604 3428 2604 3427 2604 3431 2604 3430 2604 3431 2707 3432 2707 3430 2707 3432 2607 3429 2607 3426 2607 3427 2621 3429 2621 3432 2621 3431 2673 3427 2673 3432 2673 3432 2708 3428 2708 3430 2708 3433 105 3434 105 3435 105 3436 2644 3434 2644 3433 2644 3435 2709 3437 2709 3438 2709 3437 2582 3439 2582 3438 2582 3439 2597 3433 2597 3438 2597 3439 2597 3436 2597 3433 2597 3434 2659 3436 2659 3439 2659 3437 5 3434 5 3439 5 3433 6 3435 6 3438 6 3440 2710 3444 2710 3445 2710 3441 2711 3445 2711 3442 2711 3441 2617 3442 2617 3443 2617 3442 2582 3444 2582 3443 2582 3442 2582 3445 2582 3444 2582 3441 6 3443 6 3444 6 3446 2647 3450 2647 3451 2647 3447 2712 3451 2712 3448 2712 3447 2604 3448 2604 3449 2604 3448 2707 3450 2707 3449 2707 3448 2707 3451 2707 3450 2707 3447 6 3449 6 3450 6 3452 106 3453 106 3454 106 3455 2674 3453 2674 3452 2674 3454 2617 3456 2617 3457 2617 3453 2604 3456 2604 3454 2604 3456 2713 3458 2713 3457 2713 3456 2582 3459 2582 3458 2582 3459 2597 3452 2597 3458 2597 3459 1404 3455 1404 3452 1404 3453 2714 3455 2714 3459 2714 3456 5 3453 5 3459 5 3452 6 3454 6 3458 6 3454 6 3457 6 3458 6 3460 2715 3461 2715 3462 2715 3460 2716 3466 2716 3461 2716 3462 2604 3463 2604 3464 2604 3461 2617 3463 2617 3462 2617 3463 2717 3465 2717 3464 2717 3463 2718 3466 2718 3465 2718 3463 5 3461 5 3466 5 3460 6 3462 6 3465 6 3462 6 3464 6 3465 6 3470 2719 3468 2719 3469 2719 3467 2720 3471 2720 3468 2720 3469 2713 3471 2713 3470 2713 3472 105 3473 105 3474 105 3472 2594 3475 2594 3473 2594 3476 2721 3475 2721 3477 2721 3476 2718 3477 2718 3478 2718 3478 2607 3472 2607 3474 2607 3477 2607 3472 2607 3478 2607 3475 2659 3472 2659 3477 2659 3474 6 3473 6 3478 6 3473 6 3476 6 3478 6 3479 106 3480 106 3481 106 3479 2674 3482 2674 3480 2674 3482 2617 3483 2617 3480 2617 3483 2717 3485 2717 3484 2717 3484 2607 3479 2607 3481 2607 3485 2722 3479 2722 3484 2722 3482 2723 3479 2723 3485 2723 3481 6 3480 6 3484 6 3480 6 3483 6 3484 6 3486 105 3487 105 3488 105 3486 2594 3489 2594 3487 2594 3490 2724 3489 2724 3491 2724 3490 2538 3491 2538 3492 2538 3492 2710 3486 2710 3488 2710 3491 2710 3486 2710 3492 2710 3489 2725 3486 2725 3491 2725 3488 6 3487 6 3492 6 3487 6 3490 6 3492 6 3493 2726 3494 2726 3495 2726 3493 2726 3496 2726 3494 2726 3496 2727 3497 2727 3494 2727 3497 2691 3499 2691 3498 2691 3498 2603 3493 2603 3495 2603 3499 2722 3493 2722 3498 2722 3496 2728 3493 2728 3499 2728 3495 6 3494 6 3498 6 3494 6 3497 6 3498 6 3500 2597 3504 2597 3505 2597 3501 2729 3505 2729 3502 2729 3501 2688 3502 2688 3503 2688 3502 2538 3504 2538 3503 2538 3502 2538 3505 2538 3504 2538 3501 6 3503 6 3504 6 3506 2628 3507 2628 3508 2628 3509 2730 3507 2730 3506 2730 3508 2688 3510 2688 3511 2688 3507 2682 3510 2682 3508 2682 3510 2665 3512 2665 3511 2665 3510 2538 3513 2538 3512 2538 3513 2597 3506 2597 3512 2597 3513 1404 3509 1404 3506 1404 3507 2580 3509 2580 3513 2580 3510 5 3507 5 3513 5 3506 6 3508 6 3512 6 3508 6 3511 6 3512 6 3514 2607 3518 2607 3519 2607 3515 2731 3519 2731 3516 2731 3515 2732 3516 2732 3517 2732 3516 2665 3518 2665 3517 2665 3516 2538 3519 2538 3518 2538 3515 6 3517 6 3518 6 3520 2733 3521 2733 3522 2733 3523 2734 3521 2734 3520 2734 3522 2688 3524 2688 3525 2688 3521 2682 3524 2682 3522 2682 3524 2619 3526 2619 3525 2619 3524 2619 3527 2619 3526 2619 3527 2597 3520 2597 3526 2597 3527 2695 3523 2695 3520 2695 3521 1673 3523 1673 3527 1673 3524 5 3521 5 3527 5 3520 6 3522 6 3526 6 3522 6 3525 6 3526 6 3528 2588 3529 2588 3530 2588 3528 2735 3534 2735 3529 2735 3530 2617 3531 2617 3532 2617 3529 2617 3531 2617 3530 2617 3531 2568 3533 2568 3532 2568 3531 2664 3534 2664 3533 2664 3531 2700 3529 2700 3534 2700 3528 6 3530 6 3533 6 3530 6 3532 6 3533 6 3535 2588 3536 2588 3537 2588 3535 2736 3538 2736 3536 2736 3536 2604 3539 2604 3540 2604 3538 2737 3539 2737 3536 2737 3539 2664 3541 2664 3540 2664 3541 2722 3535 2722 3537 2722 3538 2738 3541 2738 3539 2738 3537 6 3536 6 3541 6 3536 6 3540 6 3541 6 3542 2739 3543 2739 3544 2739 3542 2740 3546 2740 3543 2740 3547 2664 3545 2664 3546 2664 3543 2727 3545 2727 3544 2727 3545 5 3543 5 3546 5 3542 6 3544 6 3547 6 3548 2632 3549 2632 3550 2632 3548 2654 3551 2654 3549 2654 3549 2604 3552 2604 3553 2604 3551 2741 3552 2741 3549 2741 3552 2707 3554 2707 3553 2707 3554 2607 3548 2607 3550 2607 3551 2742 3554 2742 3552 2742 3550 6 3549 6 3554 6 3549 6 3553 6 3554 6 3555 2644 3556 2644 3557 2644 3555 2743 3559 2743 3556 2743 3560 2582 3558 2582 3559 2582 3556 2656 3558 2656 3557 2656 3558 5 3556 5 3559 5 3555 6 3557 6 3560 6 3561 2632 3562 2632 3563 2632 3561 2654 3564 2654 3562 2654 3562 2617 3565 2617 3566 2617 3564 2741 3565 2741 3562 2741 3565 2707 3567 2707 3566 2707 3567 2607 3561 2607 3563 2607 3564 2744 3567 2744 3565 2744 3563 6 3562 6 3567 6 3562 6 3566 6 3567 6 3568 2644 3569 2644 3570 2644 3568 2594 3571 2594 3569 2594 3569 2656 3572 2656 3573 2656 3571 2656 3572 2656 3569 2656 3572 2713 3574 2713 3573 2713 3574 1404 3568 1404 3570 1404 3571 2745 3574 2745 3572 2745 3570 6 3569 6 3574 6 3569 6 3573 6 3574 6 3575 2644 3576 2644 3577 2644 3575 2746 3581 2746 3576 2746 3577 2694 3578 2694 3579 2694 3576 2747 3578 2747 3577 2747 3578 2713 3580 2713 3579 2713 3578 2748 3581 2748 3580 2748 3578 5 3576 5 3581 5 3575 6 3577 6 3580 6 3577 6 3579 6 3580 6 3582 2674 3583 2674 3584 2674 3582 106 3585 106 3583 106 3583 2749 3586 2749 3587 2749 3585 2617 3586 2617 3583 2617 3586 2568 3588 2568 3587 2568 3588 1250 3582 1250 3584 1250 3585 2750 3588 2750 3586 2750 3584 6 3583 6 3588 6 3583 6 3587 6 3588 6 3589 105 3590 105 3591 105 3589 105 3592 105 3590 105 3590 2751 3593 2751 3594 2751 3592 2694 3593 2694 3590 2694 3593 2582 3595 2582 3594 2582 3595 1261 3589 1261 3591 1261 3592 2752 3595 2752 3593 2752 3591 6 3590 6 3595 6 3590 6 3594 6 3595 6 3596 106 3597 106 3598 106 3596 1676 3602 1676 3597 1676 3598 2749 3599 2749 3600 2749 3597 2604 3599 2604 3598 2604 3599 2568 3601 2568 3600 2568 3599 2667 3602 2667 3601 2667 3599 2648 3597 2648 3602 2648 3596 6 3598 6 3601 6 3598 6 3600 6 3601 6 3603 1675 3604 1675 3605 1675 3603 106 3606 106 3604 106 3604 2682 3607 2682 3608 2682 3606 2682 3607 2682 3604 2682 3607 2753 3609 2753 3608 2753 3609 1250 3603 1250 3605 1250 3606 2754 3609 2754 3607 2754 3605 6 3604 6 3609 6 3604 6 3608 6 3609 6 3613 2755 3611 2755 3612 2755 3610 2756 3614 2756 3611 2756 3612 2753 3614 2753 3613 2753 3615 1675 3616 1675 3617 1675 3615 106 3618 106 3616 106 3619 2757 3618 2757 3620 2757 3619 2758 3620 2758 3621 2758 3621 1254 3615 1254 3617 1254 3620 1452 3615 1452 3621 1452 3618 2759 3615 2759 3620 2759 3617 6 3616 6 3621 6 3616 6 3619 6 3621 6 3622 105 3623 105 3624 105 3625 1681 3623 1681 3622 1681 3624 2760 3626 2760 3627 2760 3623 2682 3626 2682 3624 2682 3626 2753 3628 2753 3627 2753 3626 2761 3629 2761 3628 2761 3629 1242 3622 1242 3628 1242 3629 1404 3625 1404 3622 1404 3623 1699 3625 1699 3629 1699 3626 5 3623 5 3629 5 3622 6 3624 6 3628 6 3624 6 3627 6 3628 6 3630 1452 3634 1452 3635 1452 3631 2762 3635 2762 3632 2762 3631 2749 3632 2749 3633 2749 3632 2568 3634 2568 3633 2568 3632 2763 3635 2763 3634 2763 3631 6 3633 6 3634 6 3636 2690 3637 2690 3638 2690 3639 2764 3637 2764 3636 2764 3638 2694 3640 2694 3641 2694 3637 2732 3640 2732 3638 2732 3640 2582 3642 2582 3641 2582 3640 2748 3643 2748 3642 2748 3643 1254 3636 1254 3642 1254 3643 1452 3639 1452 3636 1452 3637 2765 3639 2765 3643 2765 3640 5 3637 5 3643 5 3636 6 3638 6 3642 6 3638 6 3641 6 3642 6 3644 1681 3645 1681 3646 1681 3644 105 3647 105 3645 105 3645 2760 3648 2760 3649 2760 3647 2766 3648 2766 3645 2766 3648 2582 3650 2582 3649 2582 3650 1465 3644 1465 3646 1465 3647 2767 3650 2767 3648 2767 3646 6 3645 6 3650 6 3645 6 3649 6 3650 6 3651 2764 3652 2764 3653 2764 3651 2768 3657 2768 3652 2768 3653 2737 3654 2737 3655 2737 3652 2749 3654 2749 3653 2749 3654 2667 3656 2667 3655 2667 3654 2667 3657 2667 3656 2667 3654 2673 3652 2673 3657 2673 3651 6 3653 6 3656 6 3653 6 3655 6 3656 6 3658 105 3659 105 3660 105 3658 105 3661 105 3659 105 3659 2694 3662 2694 3663 2694 3661 2732 3662 2732 3659 2732 3662 2769 3664 2769 3663 2769 3664 1242 3658 1242 3660 1242 3661 2770 3664 2770 3662 2770 3660 6 3659 6 3664 6 3659 6 3663 6 3664 6 3665 1675 3666 1675 3667 1675 3665 1660 3668 1660 3666 1660 3666 2749 3669 2749 3670 2749 3668 2749 3669 2749 3666 2749 3669 2568 3671 2568 3670 2568 3671 1250 3665 1250 3667 1250 3668 2771 3671 2771 3669 2771 3667 6 3666 6 3671 6 3666 6 3670 6 3671 6 3672 2764 3673 2764 3674 2764 3672 2764 3675 2764 3673 2764 3673 2604 3676 2604 3677 2604 3675 2749 3676 2749 3673 2749 3676 2568 3678 2568 3677 2568 3678 1452 3672 1452 3674 1452 3675 2772 3678 2772 3676 2772 3674 6 3673 6 3678 6 3673 6 3677 6 3678 6 3679 21 3680 21 3681 21 3682 50 3680 50 3679 50 3680 51 3683 51 3681 51 3680 2773 3684 2773 3683 2773 3684 39 3685 39 3683 39 3685 2774 3682 2774 3679 2774 3680 5 3682 5 3685 5 3680 19 3685 19 3684 19 3679 2775 3683 2775 3685 2775 3690 2776 3687 2776 3689 2776 3688 2777 3687 2777 3686 2777 3689 2778 3691 2778 3690 2778 3689 2778 3692 2778 3691 2778 3691 2779 3688 2779 3686 2779 3692 2780 3688 2780 3691 2780 3688 5 3692 5 3689 5 3688 2781 3689 2781 3687 2781 3691 6 3686 6 3690 6 3696 2782 3694 2782 3695 2782 3694 5 3697 5 3695 5 3696 2783 3697 2783 3698 2783 3695 2784 3697 2784 3696 2784 3697 209 3693 209 3698 209 3698 6 3693 6 3696 6 3702 2785 3700 2785 3701 2785 3700 5 3703 5 3701 5 3702 2786 3703 2786 3704 2786 3701 2787 3703 2787 3702 2787 3703 208 3699 208 3704 208 3704 6 3699 6 3702 6 3705 0 3706 0 3707 0 3708 2788 3706 2788 3705 2788 3707 2789 3709 2789 3710 2789 3709 2786 3711 2786 3710 2786 3711 2779 3705 2779 3710 2779 3711 2790 3708 2790 3705 2790 3706 5 3711 5 3709 5 3708 2791 3711 2791 3706 2791 3710 6 3705 6 3707 6 3712 2792 3713 2792 3714 2792 3715 2792 3713 2792 3712 2792 3714 2793 3716 2793 3717 2793 3715 2794 3717 2794 3716 2794 3715 2795 3716 2795 3713 2795 3717 6 3712 6 3714 6 3721 239 3719 239 3720 239 3719 5 3722 5 3720 5 3721 206 3722 206 3723 206 3720 207 3722 207 3721 207 3722 2796 3718 2796 3723 2796 3723 6 3718 6 3721 6 5 2797 4 2797 1 2797 9 6 12 6 7 6 7 90 12 90 11 90 13 2798 14 2798 19 2798 24 2799 20 2799 21 2799 20 2800 24 2800 25 2800 31 2801 29 2801 32 2801 36 2802 33 2802 39 2802 44 2803 40 2803 41 2803 40 2804 44 2804 45 2804 51 2805 49 2805 52 2805 56 2806 53 2806 59 2806 60 2807 62 2807 64 2807 64 2808 61 2808 63 2808 71 2809 69 2809 72 2809 78 2810 77 2810 74 2810 85 6 80 6 82 6 84 2811 81 2811 83 2811 91 2812 89 2812 92 2812 98 2813 97 2813 94 2813 104 2814 100 2814 101 2814 100 2815 104 2815 105 2815 106 2816 108 2816 110 2816 110 5 107 5 109 5 116 2817 113 2817 115 2817 123 2818 119 2818 120 2818 119 2819 123 2819 124 2819 129 2820 126 2820 128 2820 132 2821 133 2821 138 2821 143 2822 142 2822 145 2822 146 2823 152 2823 150 2823 153 2824 154 2824 159 2824 164 2825 163 2825 166 2825 167 2826 173 2826 171 2826 180 2827 174 2827 176 2827 184 2828 181 2828 187 2828 189 2829 188 2829 192 2829 188 2830 190 2830 193 2830 199 2831 198 2831 195 2831 204 142 201 142 207 142 211 126 208 126 214 126 220 2832 219 2832 216 2832 235 2833 234 2833 231 2833 241 2834 237 2834 238 2834 238 2835 237 2835 240 2835 246 2836 243 2836 249 2836 251 2837 250 2837 254 2837 262 2838 261 2838 258 2838 269 2839 268 2839 265 2839 275 2840 271 2840 272 2840 272 2841 271 2841 274 2841 274 2842 271 2842 275 2842 279 177 276 177 282 177 288 2843 286 2843 289 2843 295 2844 294 2844 291 2844 300 2845 297 2845 303 2845 307 2846 304 2846 310 2846 314 252 311 252 317 252 319 2847 318 2847 322 2847 326 2848 325 2848 329 2848 325 177 327 177 330 177 335 2849 331 2849 332 2849 332 2850 331 2850 334 2850 340 177 337 177 343 177 2632 2851 627 2851 628 2851 2596 2852 663 2852 664 2852 2576 2853 680 2853 681 2853 2570 2854 685 2854 686 2854 2545 2855 708 2855 709 2855 2403 2856 829 2856 830 2856 2954 2857 481 2857 982 2857 2946 2858 473 2858 989 2858 2882 2859 1064 2859 1072 2859 1322 2860 1321 2860 1946 2860 1712 2861 1711 2861 2231 2861 1806 28 1127 28 1128 28 1133 2862 1131 2862 1810 2862 1821 2863 1820 2863 1148 2863 1823 273 1152 273 1153 273 1158 2864 1156 2864 1827 2864 1833 285 1167 285 1168 285 1178 2865 1176 2865 1841 2865 1843 367 1182 367 1183 367 1854 285 1197 285 1198 285 1208 2866 1206 2866 1862 2866 1213 283 1211 283 1865 283 1867 285 1217 285 1218 285 1870 285 1222 285 1223 285 1909 11 1272 11 1273 11 1288 2867 1286 2867 1921 2867 1922 28 1292 28 1293 28 1934 285 1305 285 1307 285 1342 2868 1963 2868 1962 2868 1986 2869 1985 2869 1372 2869 1988 337 1376 337 1377 337 1992 2870 1991 2870 1382 2870 2009 2871 1406 2871 1407 2871 1412 2872 2014 2872 2013 2872 2023 22 1426 22 1427 22 1432 2873 2028 2873 2027 2873 2029 10 1436 10 1437 10 1442 2874 2034 2874 2032 2874 2036 28 1446 28 1447 28 2043 70 1456 70 1457 70 1462 2875 2047 2875 2046 2875 2049 39 1466 39 1467 39 2056 28 1476 28 1477 28 1482 2876 2060 2876 2058 2876 2062 28 1486 28 1487 28 1492 2877 2066 2877 2065 2877 2068 10 1496 10 1497 10 1502 2878 2072 2878 2071 2878 1512 2879 2079 2879 2078 2879 2089 18 1526 18 1527 18 1532 2880 2093 2880 2092 2880 2094 2881 1536 2881 1537 2881 1542 2882 2099 2882 2098 2882 1552 2883 2106 2883 2104 2883 2108 22 1556 22 1557 22 1562 2884 2112 2884 2110 2884 2114 11 1566 11 1567 11 2121 11 1576 11 1577 11 1582 2885 2125 2885 2123 2885 1592 2886 2132 2886 2131 2886 2133 11 1596 11 1597 11 1612 2887 2146 2887 2144 2887 1632 2888 2161 2888 2160 2888 1647 2889 1645 2889 2172 2889 1661 2890 2183 2890 2182 2890 2188 684 1668 684 1669 684 2209 2881 1688 2881 1689 2881 1697 2891 1695 2891 2217 2891 2223 28 1704 28 1705 28 2237 761 1719 761 1720 761 2253 39 1735 39 1736 39 2255 10 1739 10 1740 10 2258 10 1743 10 1744 10 928 2892 929 2892 2279 2892 2292 2893 2293 2893 921 2893 2331 2894 2332 2894 891 2894 888 1297 890 1297 2334 1297 2337 2895 2338 2895 885 2895 2348 2896 2349 2896 876 2896 2351 2897 2352 2897 873 2897 858 2898 2370 2898 2371 2898 2382 2899 850 2899 849 2899 846 2900 2384 2900 2385 2900 840 2901 2391 2901 2392 2901 2394 2902 2395 2902 837 2902 834 2903 2397 2903 2398 2903 829 2904 2403 2904 2405 2904 2407 2905 2408 2905 826 2905 823 2906 2410 2906 2411 2906 2412 2907 2414 2907 820 2907 793 2908 2448 2908 2449 2908 787 2909 2455 2909 2456 2909 2458 2910 2459 2910 784 2910 775 1372 777 1372 2469 1372 769 2911 771 2911 2476 2911 2479 2912 2480 2912 766 2912 2495 2913 755 2913 754 2913 737 1409 739 1409 2513 1409 2516 2914 2517 2914 734 2914 2519 2915 2520 2915 731 2915 2522 2916 2523 2916 728 2916 2526 2917 2527 2917 725 2917 722 1416 724 1416 2529 1416 719 1442 721 1442 2531 1442 713 1254 715 1254 2539 1254 708 2918 2545 2918 2547 2918 705 2919 2549 2919 2550 2919 702 2920 2552 2920 2553 2920 699 2921 2555 2921 2556 2921 696 2922 2558 2922 2559 2922 693 2923 2561 2923 2562 2923 690 2924 2564 2924 2565 2924 685 2925 2570 2925 2572 2925 682 2926 2574 2926 2575 2926 680 2927 2576 2927 2578 2927 674 2928 2584 2928 2585 2928 671 2929 2587 2929 2588 2929 668 2930 2590 2930 2591 2930 663 2931 2596 2931 2598 2931 660 2932 2600 2932 2601 2932 657 2933 2603 2933 2604 2933 654 2934 2606 2934 2607 2934 650 2935 2609 2935 2610 2935 647 2936 2612 2936 2613 2936 644 2937 2615 2937 2616 2937 641 2938 2618 2938 2619 2938 2622 2939 639 2939 638 2939 635 2940 2624 2940 2625 2940 632 2941 2627 2941 2628 2941 629 2942 2630 2942 2631 2942 627 2943 2632 2943 2634 2943 624 2944 2636 2944 2637 2944 621 2945 2639 2945 2640 2945 618 2946 2642 2946 2643 2946 2646 2947 616 2947 615 2947 612 2948 2648 2948 2649 2948 609 2949 2651 2949 2652 2949 606 2950 2654 2950 2655 2950 603 2951 2657 2951 2658 2951 592 1660 591 1660 2671 1660 587 1686 586 1686 2675 1686 581 1409 583 1409 2678 1409 548 2952 2864 2952 2865 2952 1074 2953 2881 2953 2858 2953 1050 2954 2896 2954 2842 2954 2836 2955 409 2955 1044 2955 2904 2956 413 2956 1040 2956 1039 2957 2906 2957 2830 2957 2822 2958 426 2958 1031 2958 2820 2959 428 2959 1029 2959 2814 2960 434 2960 1023 2960 2926 2961 2807 2961 1015 2961 2929 2962 2803 2962 1011 2962 2800 2963 448 2963 1009 2963 2796 2964 452 2964 1005 2964 1003 2965 2934 2965 2795 2965 2935 2966 2793 2966 1001 2966 977 2967 2960 2967 2766 2967 2961 2968 2764 2968 975 2968 2752 2969 505 2969 963 2969 2749 2970 2746 2970 2977 2970 2734 2971 523 2971 953 2971 2989 2972 2733 2972 951 2972 934 2973 2990 2973 2731 2973 2991 2974 2729 2974 747 2974 569 2975 2713 2975 2994 2975 2995 177 497 177 545 177 2996 177 461 177 495 177 3002 2976 3001 2976 3004 2976 3007 2977 3008 2977 3011 2977 3008 2978 3007 2978 3010 2978 3011 2979 3008 2979 3009 2979 3012 2980 3013 2980 3016 2980 3013 2981 3012 2981 3015 2981 3016 2982 3013 2982 3014 2982 3017 2983 3018 2983 3021 2983 3018 2984 3017 2984 3020 2984 3021 2985 3018 2985 3019 2985 3028 2986 3024 2986 3026 2986 3035 2987 3031 2987 3033 2987 3042 2988 3036 2988 3038 2988 3043 2989 3048 2989 3047 2989 3048 2990 3045 2990 3046 2990 3073 2991 3074 2991 3077 2991 3076 2992 3075 2992 3078 2992 3079 2993 3080 2993 3083 2993 3082 2994 3081 2994 3084 2994 3085 2995 3086 2995 3089 2995 3088 2996 3087 2996 3090 2996 3091 2997 3092 2997 3097 2997 3101 2998 3098 2998 3104 2998 3105 2999 3106 2999 3109 2999 3106 3000 3105 3000 3108 3000 3109 3001 3106 3001 3107 3001 3110 3002 3111 3002 3114 3002 3111 3003 3110 3003 3115 3003 3119 3004 3116 3004 3122 3004 3123 3005 3124 3005 3127 3005 3126 3006 3125 3006 3128 3006 3133 3007 3132 3007 3135 3007 3136 3008 3137 3008 3140 3008 3139 3009 3138 3009 3141 3009 3142 3005 3143 3005 3146 3005 3143 3010 3142 3010 3147 3010 3148 3011 3149 3011 3152 3011 3149 3012 3148 3012 3151 3012 3152 3013 3149 3013 3150 3013 3153 3014 3154 3014 3157 3014 3154 3015 3153 3015 3158 3015 3159 3016 3160 3016 3163 3016 3160 3017 3159 3017 3164 3017 3169 2604 3166 2604 3168 2604 3176 2577 3173 2577 3175 2577 3182 3018 3179 3018 3185 3018 3188 2617 3187 2617 3190 2617 3207 3019 3201 3019 3203 3019 3208 3020 3209 3020 3214 3020 3215 3021 3216 3021 3219 3021 3216 3022 3215 3022 3220 3022 3221 3023 3222 3023 3225 3023 3224 3024 3223 3024 3226 3024 3232 3025 3227 3025 3228 3025 3227 3026 3232 3026 3231 3026 3233 2587 3238 2587 3239 2587 3246 3027 3242 3027 3244 3027 3247 3028 3248 3028 3253 3028 3259 3029 3254 3029 3255 3029 3254 1404 3259 1404 3258 1404 3268 3030 3269 3030 3274 3030 3275 3031 3276 3031 3279 3031 3276 3032 3275 3032 3278 3032 3279 3033 3276 3033 3277 3033 3280 3016 3281 3016 3284 3016 3283 3034 3282 3034 3285 3034 3286 3035 3287 3035 3290 3035 3289 3006 3288 3006 3291 3006 3292 3036 3293 3036 3296 3036 3295 2724 3294 2724 3297 2724 3298 3037 3299 3037 3304 3037 3311 3038 3307 3038 3309 3038 3312 3039 3313 3039 3316 3039 3313 3040 3312 3040 3315 3040 3316 3041 3313 3041 3314 3041 3317 3042 3318 3042 3321 3042 3318 3043 3317 3043 3320 3043 3321 3013 3318 3013 3319 3013 3328 3044 3324 3044 3326 3044 3335 3045 3331 3045 3333 3045 3342 3046 3338 3046 3340 3046 3349 3047 3343 3047 3345 3047 3352 2617 3351 2617 3354 2617 3359 3048 3358 3048 3361 3048 3369 3049 3364 3049 3365 3049 3364 2584 3369 2584 3368 2584 3375 3050 3370 3050 3371 3050 3370 2607 3375 2607 3374 2607 3388 2760 3385 2760 3387 2760 3397 3051 3393 3051 3395 3051 3404 3052 3400 3052 3402 3052 3407 2617 3406 2617 3409 2617 3418 3053 3412 3053 3414 3053 3425 3054 3419 3054 3421 3054 3432 3055 3426 3055 3428 3055 3435 2656 3434 2656 3437 2656 3440 3056 3441 3056 3444 3056 3441 3057 3440 3057 3445 3057 3446 3058 3447 3058 3450 3058 3447 3059 3446 3059 3451 3059 3460 3060 3465 3060 3466 3060 3470 3061 3467 3061 3468 3061 3467 2607 3470 2607 3471 2607 3469 3062 3468 3062 3471 3062 3476 2656 3473 2656 3475 2656 3483 3063 3482 3063 3485 3063 3490 2688 3487 2688 3489 2688 3497 3064 3496 3064 3499 3064 3500 3065 3501 3065 3504 3065 3501 3066 3500 3066 3505 3066 3514 3067 3515 3067 3518 3067 3515 3068 3514 3068 3519 3068 3528 2607 3533 2607 3534 2607 3538 3069 3535 3069 3541 3069 3542 2722 3547 2722 3546 2722 3547 3070 3544 3070 3545 3070 3551 3071 3548 3071 3554 3071 3555 2597 3560 2597 3559 2597 3560 3072 3557 3072 3558 3072 3564 3073 3561 3073 3567 3073 3571 3074 3568 3074 3574 3074 3575 1242 3580 1242 3581 1242 3585 3075 3582 3075 3588 3075 3592 3076 3589 3076 3595 3076 3596 1250 3601 1250 3602 1250 3606 3077 3603 3077 3609 3077 3613 3078 3610 3078 3611 3078 3610 1242 3613 1242 3614 1242 3612 3079 3611 3079 3614 3079 3619 2604 3616 2604 3618 2604 3630 3080 3631 3080 3634 3080 3631 3081 3630 3081 3635 3081 3647 3082 3644 3082 3650 3082 3651 1254 3656 1254 3657 1254 3661 3083 3658 3083 3664 3083 3668 3075 3665 3075 3671 3075 3675 3084 3672 3084 3678 3084 3679 6 3681 6 3683 6 3690 3085 3686 3085 3687 3085 3696 3086 3693 3086 3694 3086 3694 3087 3693 3087 3697 3087 3702 3088 3699 3088 3700 3088 3700 3089 3699 3089 3703 3089 3707 238 3706 238 3709 238 3714 2782 3713 2782 3716 2782 3715 209 3712 209 3717 209 3721 3090 3718 3090 3719 3090 3719 3091 3718 3091 3722 3091</p>
        </triangles>
      </mesh>
    </geometry>
  </library_geometries>
  <library_visual_scenes>
    <visual_scene id="Scene" name="Scene">
      <node id="node0_001" name="node0.001" type="NODE">
        <matrix sid="transform">0.9989706 0.04536299 0 -0.01807391 -0.04536299 0.9989706 0 -0.269634 0 0 1 -0.161138 0 0 0 1</matrix>
        <instance_geometry url="#Compound_002-mesh" name="node0.001">
          <bind_material>
            <technique_common>
              <instance_material symbol="Compound_002-material" target="#Compound_002-material"/>
            </technique_common>
          </bind_material>
        </instance_geometry>
      </node>
    </visual_scene>
  </library_visual_scenes>
  <scene>
    <instance_visual_scene url="#Scene"/>
  </scene>
</COLLADA>